proposal_id,proposal_types,result,reduction_amount,freeze_amount,reason,description,frozen_status,frozen_history,frozen_report,budget_image_url,historical_proposals,historical_parent_proposal,merged_proposals,merged_parent_proposal,year,government_name,government_category,meetings,proposers,co_signers,budget_id,budget_project_name,budget_project_description,budget_major_category,budget_medium_category,budget_minor_category,budget_amount,last_synced_at
11624,減列,保留,4868355000,,"115年度交通部預算案於「交通部」編列預算486億8,355萬3千元。有鑑於馬祖大橋建設計畫長期以相同、相似理由駁回、搪塞綜合規劃案，造成計畫持續延宕、建設成本不斷提升，其他重要橋樑建設例如金門大橋、淡江大橋早已落成，顯示交通部於本案推動效率、力道皆過於低落，未能下定建設決心果斷決策，亦無視馬祖居民的強烈民意殷殷期盼；為監督交通部加強力道推動馬祖大橋進入細部設計階段，堅定提升離島居民觀光、生活圈永續發展之決心，爰減列該項預算48億6,835萬5千元。【3-1】",,,,,,,,,,115,交通部,交通部,2026/5/11,邱若華|黃健豪|陳雪生|陳清龍,,5466,,,交通部,,,48683353000,2026-06-13T14:59:36.472Z
11625,減列,保留,8100000,,"交通部編列之「辦理道安資訊查詢網更新維護費暨道安事故統計數據介接作業經費」，其設立初衷，應為精確掌握交通事故樣態、提供客觀科學的數據給民眾知悉。然而，檢視交通部道安事故統計方式，已淪為行政機關粉飾太平、操弄傷亡數字的工具。首先，交通部在死亡人數的數據統計上存在嚴重瑕疵。交通部先是對外宣稱自身統計的數據有誤差，指稱有五分之一的案件並非交通事故死亡，企圖藉由質疑自身舊有數據來為降低死亡人數鋪路。但荒謬的是，衛福部統計數據（2,426人），與衛福部實際公開公布的113年國人死因調查「機動車交通事故」死亡人數（2,737人），竟出現高達311條人命的巨大落差。交通部形同憑空發明了一套大幅低估死亡人數的新統計方法，且對其背後的計算邏輯與刪減依據避而不談。其次，交通部未來將竄改死亡判定標準。目前國際通用的道安統計標準為「30日內死亡」，但交通部卻對外宣佈，未來每月公布的死亡人數將大幅限縮，改採「24小時內死亡」為基準。未來的統計數據被官方刻意且嚴重地低估，無法及時反映台灣道路危險的真實社會現況。交通部面對台灣嚴峻的交通安全危機，不思如何妥善運用科學統計來面對問題、進而提出具體的防制計畫以降低傷亡，卻將心思與國家資源耗費在玩弄計算標準、想方設法降低帳面上的死亡數字。為避免道安資訊查詢網使用錯誤資訊誤導民眾，爰刪除經費810萬元。【61】",,,,,,,,,,115,交通部,交通部,2026/5/11,萬美玲|邱若華|劉書彬|陳清龍,,,,,,,,,2026-06-13T14:59:36.472Z
11626,減列、凍結,保留,28466000,28465500,"115年度交通部預算案於第3目「交通運輸規劃及產業發展」項下「道路交通安全」中「業務費」之「一般事務費」辦理交通安全相關媒體政策及業務宣導費編列預算9,488萬5千元。查交通部為推廣道路平權理念並達成道路交通安全之願景，年年投入鉅額預算進行媒體宣導。然而，檢視現行道安宣導內容，包含「路老師」之機車教案中，竟仍將「左轉兩段式」列為重點宣導主題。根據國立臺灣大學農業經濟學系研究團隊針對「機車兩段式左轉」政策進行之實證研究，取消機車兩段式左轉後，整體交通事故件數顯著下降約 21%，受傷人數下降約 19%，並推估可降低醫療支出約 4.7%。這項科學實證已明確指出強制機車兩段式左轉並非安全的行車方式。若交通部仍耗費高達近一億元之龐大公帑，繼續宣導此類已被學界證實無助於提升安全、甚至增加事故風險的舊思維，不僅與實踐「零死亡願景」的目標背道而馳，更使宣導流於浪費預算。為確保國家道安宣導資源符合科學實證並發揮實益，避免公帑用於宣傳錯誤或不合時宜之交通觀念，爰該項預算減列2,846萬6千元並凍結30%，俟交通部詳細說明如何依據最新科學與學術研究成果全面盤點並修正現有之道安宣導教材與媒體投放內容，以及宣導成效如何與「降低各重點族群交通事故死傷率」建立實質連動之量化檢核機制，並於3個月內向立法院交通委員會提出專案報告且經同意後，始得動支。【62】",,,,,,,,,,115,交通部,交通部,2026/5/11,邱若華|黃健豪|游顥,,5467,,,交通運輸規劃及產業發展,道路交通安全,業務費 > 一般事務費 > 辦理交通安全相關媒體政策及業務宣導費,94885000,2026-06-13T14:59:36.472Z
11627,減列,保留,10000000,,檢視交通部歷年來的媒體宣導內容，處處充滿對機車族的強烈歧視與刻板印象。這些政策宣導經常將機車騎士描繪成違規、愛鑽車縫或超速的亂源，並不斷放大「肉包鐵」的脆弱性。政府花費大筆經費大力推廣所謂的「防禦駕駛」，在實務運作上卻演變成一種雙重標準：當大車或汽車違規逼車、違停或未依規定讓車時，宣導的重點往往是要求機車族「遠離大車」、「自己要注意安全」，形同將閃避違規者的責任推卸到弱勢用路人身上。不但沒有針對真正具有高度致命殺傷力的大型動力機械駕駛進行嚴格究責與再教育，反而透過大眾媒體不斷向社會大眾營造「機車發生事故都是因為騎士自己不夠小心」的社會偏見。且宣導費長期被用來為交通部錯誤的「車種分流」政策背書。交通部不去落實國際通用的「車速分流」，反而利用媒體宣傳持續合理化強制機車兩段式左轉、禁行機車道等管理手段，將台灣數百萬仰賴機車通勤的基層民眾視為次等用路人，不僅拒絕提供安全、平權的道路環境，還拿人民的納稅錢來買廣告、做宣導，進一步剝奪機車族的合理路權並污名化其駕駛行為。該筆經費非用於解決道安沉痾，而是被用來正當化交通部的歧視性施政與掩飾工程規劃的失敗，爰刪除「強化機車駕駛人風險意識辦理主題性專案媒體政策及業務宣導費」經費1000萬元。【65】,,,,,,,,,,115,交通部,交通部,2026/5/11,萬美玲|邱若華|劉書彬|陳清龍,,,,,,,,,2026-06-13T14:59:36.472Z
11628,凍結,通過,,7910600,"115年度交通部預算「媒體政策及業務宣導費」編列7,910萬6千元，凍結十分之一，俟交通部於1個月內向立法院交通委員會提出書面報告後，始得動支。【4、5】",,,,,,,,,,115,交通部,交通部,2026/5/11,魯明哲|邱若華|黃健豪|陳雪生|陳清龍,,5468,,,媒體政策及業務宣導費,,,79106000,2026-06-13T14:59:36.472Z
11629,凍結,通過,,8019000,"115年度交通部預算「無人載具產業發展統籌型計畫」編列4,009萬5千元，凍結五分之一，俟交通部於1個月內向立法院交通委員會提出書面報告後，始得動支。【6-12】",,,,,,,,,,115,交通部,交通部,2026/5/11,魯明哲|黃健豪|陳素月|林俊憲|李昆澤|陳雪生|陳清龍,,5469,,,無人載具產業發展統籌型計畫,,,40095000,2026-06-13T14:59:36.472Z
11630,凍結,通過,,3480000,"115年度交通部預算第1目「交通科技研究發展」編列1,740萬元，凍結五分之一，俟交通部於1個月內向立法院交通委員會提出書面報告後，始得動支。【13-21】",,,,,,,,,,115,交通部,交通部,2026/5/11,洪孟楷|魯明哲|萬美玲|邱若華|黃健豪|何欣純|游顥|許智傑|徐富癸|陳雪生|陳清龍,,5470,,,交通科技研究發展,,,17400000,2026-06-13T14:59:36.472Z
11631,凍結,通過,,93005900,"115年度交通部預算第2目「一般行政」編列9億3,005萬9千元，凍結十分之一，俟交通部於1個月內向立法院交通委員會提出書面報告後，始得動支。【22-30】",,,,,,,,,,115,交通部,交通部,2026/5/11,洪孟楷|萬美玲|邱若華|黃健豪|游顥|陳雪生|陳清龍,,5471,,,一般行政,,,930059000,2026-06-13T14:59:36.472Z
11632,凍結,通過,,97314500,"115年度交通部預算第3目「交通運輸規劃及產業發展」編列9億7,314萬5千元，凍結十分之一，俟交通部於1個月內向立法院交通委員會提出書面報告後，始得動支。【31-60、63、64、66-86、88-102】",,,,,,,,,,115,交通部,交通部,2026/5/11,洪孟楷|魯明哲|萬美玲|邱若華|黃健豪|何欣純|陳素月|游顥|林俊憲|李昆澤|許智傑|徐富癸|陳雪生|伍麗華|林倩綺|陳清龍,,5472,,,交通運輸規劃及產業發展,,,973145000,2026-06-13T14:59:36.472Z
11633,凍結,通過,,50000000,"115年度交通部預算第4目「營業基金」編列308億5,650萬5千元，凍結5,000萬元，俟交通部於1個月內向立法院交通委員會提出書面報告後，始得動支。【103-112】",,,,,,,,,,115,交通部,交通部,2026/5/11,洪孟楷|魯明哲|萬美玲|邱若華|黃健豪|何欣純|陳素月|林俊憲|李昆澤|許智傑|徐富癸|陳雪生|伍麗華|林倩綺|陳清龍,,5473,,,營業基金,,,30856505000,2026-06-13T14:59:36.472Z
11634,凍結,通過,,1000000,"115年度交通部預算第6目「都市大眾捷運系統建設計畫」編列81億5,163萬4千元，凍結100萬元，俟交通部向立法院交通委員會提出書面報告後，始得動支。【116、117】",,,,,,,,,,115,交通部,交通部,2026/5/11,林俊憲|許智傑|徐富癸,,5474,,,都市大眾捷運系統建設計畫,,,8151634000,2026-06-13T14:59:36.472Z
11635,主決議,通過,,,115年度交通部預算第2目「一般行政」項下「人員維持」中「人事費」之「政務人員待遇」編列740萬9千元。經查，交通部作為國家交通政策之最高主管機關，其相關官方或代表性之對外社群媒體與溝通平台，理應作為廣納民意、宣導政策及促進公共討論之重要管道。然近期迭有民眾反映，於相關平台提出交通政策建言或參與討論時，屢遭管理者予以封鎖或限制發言。此舉恐限縮公眾參與政策討論之空間，亦不利於行政機關與民眾之雙向溝通，有違開放政府傾聽民意之精神。為確保交通部對外溝通管道暢通，並維護民眾理性表達意見之參與空間，爰要求交通部針對「社群平台與公眾溝通管理機制之檢討與精進作為」，於3個月內向立法院交通委員會提出書面報告。【118】,,,,,,,,,,115,交通部,交通部,2026/5/11,邱若華|黃健豪|游顥,,5475,,,一般行政,人員維持,人事費 > 政務人員待遇,7409000,2026-06-13T14:59:36.472Z
11636,主決議,通過,,,有關電動商用車購車補助政策尚未納入115年度預算一案，據悉該政策雖已獲行政院核定，惟因預算編列時程因素，未及納入115年度預算，將改列116年度預算辦理。查政府為扶植本土電動車產業，經濟部已投入資源支持國內業者進行在地研發與驅動技術升級，期望能打造電動車生態系並進一步拓展全球市場。國內企業亦積極響應，成功自主開發出「全新3.5T電動車平台」與「ADAS電動商用車動力模組」等關鍵技術與新車型。然國內車廠耗費鉅資將全新電動商用車研發上市之際，交通部端之購車補助預算卻未能於115年度及時編列與銜接，導致前端有經濟部研發補助，後端卻缺乏交通部購車補助誘因，使本土電動商用車一推出即面臨銷售停滯之市場困境。若政府部會間缺乏橫向政策整合，恐令國內車廠前期投入之研發心血付諸流水，不僅無助於本土電動車生態系之建立，更遑論達成拓展全球市場之宏大目標。為避免中央部會政策步調不一而扼殺本土產業發展，建請交通部儘速會同經濟部等相關部會，針對電動商用車之購車補助政策提出具體之財務銜接方案、啟動時程及補助條件，並明確承諾將115年度原應編列之購車補助經費，全數合併納入116年度預算中統籌辦理，以實質補足政策空窗期、扶植國內電動商用車之內需市場與研發動能，並於3個月內向立法院交通委員會提出書面報告。【119】,,,,,,,,,,115,交通部,交通部,2026/5/11,邱若華|黃健豪|游顥,,,,,,,,,2026-06-13T14:59:36.472Z
11637,主決議,通過,,,有關電動貨車購車補助政策尚未納入115年度預算一案，據悉該政策雖已獲行政院核定，惟因預算編列時程因素，未及納入115年度預算，將改列116年度預算辦理。惟電動貨車推廣攸關我國2050淨零排放路徑、運輸部門減碳、城市空氣品質改善及商用車輛低碳轉型。貨運車輛使用頻率高、行駛里程長，若能加速導入電動化，不僅有助於降低運輸部門碳排與空氣污染，亦可帶動充電基礎設施、車輛製造及低碳物流服務發展。補助政策如未及時銜接，恐使商用車電動化推動出現政策空窗，影響淨零轉型節奏及產業投資預期。為避免補助政策延宕影響我國達成2050淨零排放路徑、運輸部門減碳及商用車電動化推動，建請交通部儘速研議電動貨車購車補助政策之啟動時程、補助對象、補助額度、申請條件、可行財源及後續預算銜接規劃，並提供具體說明，以利政策推動、市場銜接及低碳運輸轉型，並於3個月內向立法院交通委員會提出書面報告。【120】,,,,,,,,,,115,交通部,交通部,2026/5/11,洪孟楷|邱若華|黃健豪,,,,,,,,,2026-06-13T14:59:36.472Z
11638,主決議,通過,,,鑑於淡海輕軌二期計畫攸關淡水新市鎮後續發展、淡水及沙崙地區公共運輸服務品質、漁人碼頭觀光接駁功能，並涉及未來淡江大橋通車後淡水、八里及北海岸地區整體路網銜接與交通分流。為利掌握計畫推動進度，避免淡水地區假日壅塞、轉乘不足及觀光人潮集中等問題持續惡化，並確保淡海輕軌既有路網與後續延伸計畫發揮整體運輸效益，爰要求交通部會同新北市政府及相關單位，就淡海輕軌二期計畫之路線規劃、工程期程、經費估算、中央與地方分工、用地及工程介面、與淡江大橋及周邊公路系統之轉乘銜接、觀光接駁配套、預期運量及營運效益等事項進行通盤檢討，並於3個月內向立法院交通委員會提出書面報告。【121】,,,,,,,,,,115,交通部,交通部,2026/5/11,洪孟楷|邱若華|黃健豪,,,,,,,,,2026-06-13T14:59:36.472Z
11639,主決議,通過,,,針對交通部近年推動「人本交通」相關法規(如：行人路權與車牌爭議)，多次發生交通部公布標準後，第一線執法之內政部警政署表示難以執行，或雙方對法規解釋(如：距離行人幾公尺需停讓)不一，導致基層員警與用路人無所適從，嚴重損害政府公信力。爰要求交通部應與內政部警政署建立「交通法規執行評估小組」，凡涉及重大處罰標準變更，應於公告前完成執法可行性評估，並於3個月內向立法院交通委員會提出書面報告。【122】,,,,,,,,,,115,交通部,交通部,2026/5/11,洪孟楷|邱若華|陳雪生,,,,,,,,,2026-06-13T14:59:36.472Z
11640,主決議,通過,,,有鑑於桃園地區通勤族眾多，沿線車站(如內壢)電梯設備相對老舊、動線狹窄，對身障及高齡民眾較不友善。爰要求交通部會同國營臺灣鐵路股份有限公司於115年度內全面清查桃園轄內二等站以上之無障礙設施設置情形，並優先投入預算優化動線銜接，提升民眾通勤品質。【123】,,,,,,,,,,115,交通部,交通部,2026/5/11,洪孟楷|邱若華|陳雪生,,,,,,,,,2026-06-13T14:59:36.472Z
11641,主決議,通過,,,桃園鐵路地下化計畫目前進入施工高峰期，特別是行經中壢與八德交界處之工程，大規模開挖對鄰近住宅區造成噪音、震動及地盤下陷風險。爰要求交通部應加強監測數據透明化，並於3個月內針對「桃園段施工風險評估與減噪措施」向立法院交通委員會提出書面報告。【124】,,,,,,,,,,115,交通部,交通部,2026/5/11,洪孟楷|邱若華|陳雪生,,,,,,,,,2026-06-13T14:59:36.472Z
11642,主決議,通過,,,桃園國際機場第三航廈完工後預計將引入龐大車流與物流，恐加重國道2號及大溪、八德聯外道路負擔。爰要求交通部應針對「桃園國際機場第三航廈啟用對桃園市區交通衝擊之配套計畫」進行專案評估，強化桃園國際機場與八德、大溪間的客運接駁密度，避免因機場發展導致地方交通癱瘓。【125】,,,,,,,,,,115,交通部,交通部,2026/5/11,洪孟楷|邱若華|陳雪生,,,,,,,,,2026-06-13T14:59:36.472Z
11643,主決議,通過,,,"屏南快速道路是屏東的救命路，國家發展委員會於114年通過交通部公路局提出的屏南快速道路可行性研究，經潮州、新埤、枋寮、枋山、獅子、海口及車城共8處交流道，長度約65.55公里，預估工程經費達1,744億元。115年2月通過第一階段環評後，公路局南區公路新建工程分局啟動第二階段環評程序，並分別於各鄉鎮舉辦說明會，二階環評期程預估最快1年半至2年。然目前屏南快最快預計至民國121年才能動工，枋寮至楓港段更要等到126年通車，規劃與環評期程過長引發民怨，交通部應將現行規劃之3段路程同時環評、綜合規劃，並對於細部設計及用地取得等程序預先做規劃，以利儘早縮短工期，並於2個月內向立法院交通委員會提出書面報告。【126】",,,,,,,,,,115,交通部,交通部,2026/5/11,何欣純|許智傑|徐富癸,,,,,,,,,2026-06-13T14:59:36.472Z
11644,主決議,通過,,,高鐵延伸至屏東，屏東縣政府已爭取近二十年，交通部於108年9月27日拍板高鐵延伸屏東路線採左營案，從現行高雄左營站往北，再往東延伸至屏東六塊厝，全長約17.5公里；行政院109年12月10日同意辦理綜合規劃，交通部鐵道局110年辦理綜合規劃及可行性評估。計畫經環境部115年1月21日環境影響評估審查委員會議決議進入二階環評，已於115年3月9日、10日分別於屏東縣及高雄市辦理公開說明會。後續俟環境影響評估經環境部審查同意通過，即將綜合規劃陳報行政院。高鐵延伸至屏東係完善屏東交通發展的關鍵拼圖，係均衡台灣、交通平權的重要一環。然環評過程中仍屢遭質疑高鐵南延之必要性與經濟效益，亦有質疑認為屏東交通建設案多，交通路網密集，是否有其必要性，交通部應提出完整說明，以明示高鐵南延屏東對於區域發展之重要性。並於2個月內向立法院交通委員會提出書面報告。【127】,,,,,,,,,,115,交通部,交通部,2026/5/11,何欣純|許智傑|徐富癸,,,,,,,,,2026-06-13T14:59:36.472Z
11645,主決議,通過,,,中華郵政股份有限公司辦理「郵務機構送達訴訟文書」及「郵務機構送達行政文書及行政訴訟文書」作業，經查中華郵政之「郵務送達通知書」，若所送郵件屬民事訴訟文書，會於通知書上載明「訴訟文書」並提醒民眾至警察機關領取，辨識度較高。然而，若所送郵件為行政文書(如行政機關之處分、通知)或行政訴訟文書(由行政法院寄發)，現行實務多僅概括標示「行政/行政訴訟文書」，雖同樣提醒民眾至郵局領取，但因通知書上未明確區隔所送郵件究為一般行政機關之文書或法院之行政訴訟文書，導致民眾接獲通知時，無法判斷案件性質與嚴重性，徒增民眾困擾與不必要之恐慌，甚或影響後續法律權益之主張。爰請交通部督導中華郵政股份有限公司，儘速改善「郵務送達通知書」之版面設計與標示方式，應明確分列並清楚載明所送文書類型為「行政文書」或「行政訴訟文書」，以利民眾明確辨識、減少誤解與焦慮，落實便民服務精神，並於2個月內向立法院交通委員會提出書面報告。【128】,,,,,,,,,,115,交通部,交通部,2026/5/11,何欣純|李昆澤|徐富癸,,,,,,,,,2026-06-13T14:59:36.472Z
11646,主決議,通過,,,隨著車輛科技發展，主動式車距調節巡航(ACC)及車道維持輔助(LKA)等先進駕駛輔助系統(ADAS)已逐漸普及。然查，因各車廠對於輔助系統之命名不一，且部分業者說明不足，導致消費者難以充分瞭解系統性能與限制，往往混淆「輔助駕駛」與「自動駕駛」之差異，因誤用、過度信賴系統而衍生之國道追撞緩撞車等交通事故頻傳。復查，現行駕駛人教育訓練與宣導內容，未能追上車輛科技演進之速度，致使駕駛人對於新興科技缺乏正確認知。為避免駕駛人因未諳系統特性而釀災，相關安全觀念之建立刻不容緩。爰建請交通部正視科技執法與車輛安全科技之變革，研議將輔助駕駛系統之運作原理與使用限制納入現行駕訓班之教學教材及學科筆試題庫，透過教育端強化駕駛人對於科技輔助之正確觀念。同時，應督導車輛製造商及租賃業者，於銷售或出租車輛時，負起更積極之教育宣導責任，並透過多元管道加強對現有駕駛人之道安宣導，強調「輔助駕駛並非自動駕駛」之核心觀念，以確保道路交通安全，並於2個月內向立法院交通委員會提出書面報告。【129】,,,,,,,,,,115,交通部,交通部,2026/5/11,何欣純|李昆澤|徐富癸,,,,,,,,,2026-06-13T14:59:36.472Z
11647,主決議,通過,,,交通部積極推動「行人優先交通安全行動綱領」，然查114年1至9月行人死亡人數達263人，較113年同期增加4%，且整體交通事故死亡降幅未達「每年下降7%」之關鍵績效指標。經進一步分析，隨著路口停讓文化建立，路口事故雖有下降，但「路段」行人死亡事故卻不降反升，且高齡者占比高達55.6%；肇因更以「恍神緊張」(24.3%)及「未依規定穿越」(16.2%)為大宗。此顯示現行道路環境對於行人(特別是長者)在路段中之導引不足，或因缺乏實體區隔設施致使違規穿越頻傳。爰建請交通部針對「路段」行人安全進行專案檢討，不應僅依賴教育宣導，應責成交通部公路局並督導各縣市政府，全面檢視高風險路段，優先採行工程改善手段(如增設實體分隔設施防止違規穿越、加強夜間照明、增設路段中段穿越設施等)，以有效降低路段行人傷亡，並於2個月內向立法院交通委員會提出書面報告。【130】,,,,,,,,,,115,交通部,交通部,2026/5/11,何欣純|李昆澤|徐富癸,,,,,,,,,2026-06-13T14:59:36.472Z
11648,主決議,通過,,,臺鐵、高鐵及捷運為我國重要交通設施，其工作人員多以無線電作為聯繫工具，但115年4月初，高鐵發生有1名大學生擅自盜接高鐵無線電頻道，並觸動告警，導致高鐵緊急停車，雖未發生人員傷亡，但高鐵、臺鐵及捷運為高速行駛並有大量民眾搭乘的大眾運輸工具，如遭有心人士入侵頻道並發送錯誤訊息，恐導致嚴重交通事故，為保護大眾交通安全，爰建請交通部應全面盤點軌道運輸之無線電通訊防盜機制及資通訊安全，就無線電系統設備、汰換年限、保管方式、安全防護參數更新頻率等防護措施重新檢視，並於3個月內向立法院交通委員會提出書面報告。【131】,,,,,,,,,,115,交通部,交通部,2026/5/11,何欣純|李昆澤|徐富癸,,,,,,,,,2026-06-13T14:59:36.472Z
11649,主決議,通過,,,交通部公告自115年5月1日起實施高齡駕駛人換照制度，換照年齡下修至70歲，而按照國家發展委員會我國人口比例推算，70至74歲人口約有128萬人，雖交通部有規劃分梯次通知駕駛人換照，然事前宣導仍有未盡之處，亦有許多民眾不了解新換照制度。爰建請交通部應強化換照新制宣導，配合該年齡層之國人習慣，如結合鄉土劇內政策宣導，或鼓勵更換大眾交通工具如TPASS之優惠，以鼓勵引導之方式替代懲罰，並同步對70歲以下之駕駛人宣導換照之政策，以利未來屆齡時充分了解換照之流程或評估繳回之優勢，以促進我國交通駕駛習慣之提升，並於1個月內向立法院交通委員會提出書面報告。【132】,,,,,,,,,,115,交通部,交通部,2026/5/11,何欣純|李昆澤|徐富癸,,,,,,,,,2026-06-13T14:59:36.472Z
11650,主決議,通過,,,"毒品濫用問題逐漸影響交通安全，毒駕不僅危及駕駛人自身，更嚴重威脅其他用路人之生命財產安全。據審計部113年度中央政府總決算審核報告指出，毒駕案件數由112年1至9月為119件，遽增至113年1至9月達1,823件，顯見毒駕案件近年呈現增加之勢，已成交通安全隱憂。為緩解第一線稽查警察問題，交通部與內政部警政署114年11月提出使用毒品唾液快篩制度，建請交通部應強化與內政部警政署精進該毒品唾液快篩檢測準確度，及可快篩之毒品種類，以便即早發現毒駕之行為，避免產生重大交通事故，保障人民行車安全，並於2個月內向立法院交通委員會提出書面報告。【133】",,,,,,,,,,115,交通部,交通部,2026/5/11,何欣純|李昆澤|徐富癸,,,,,,,,,2026-06-13T14:59:36.472Z
11651,主決議,通過,,,查交通部因應行政院公布「臺灣總體減碳行動計畫」，提出「商用車輛電動化及無碳化減碳旗艦行動計畫」，將運具轉型範疇擴大至電動商用小客車、電動大小貨車、氫燃料電池大客車等，以期降低運輸部門碳排放。其中，交通部訂有電動小貨車「2030年普及率5%」之目標，惟截至2025年底，電動小貨車計789輛，普及率僅0.08%，距離5%之短期目標仍有大幅進步空間。爰此，要求交通部儘速推動鼓勵汰換電動小貨車之誘因，並加強與經濟部合作推出國產電動小貨車，儘早實現運具無碳化之目標。【134】,,,,,,,,,,115,交通部,交通部,2026/5/11,陳素月|林俊憲|李昆澤,,,,,,,,,2026-06-13T14:59:36.472Z
11652,主決議,通過,,,"鑑於114年臺北車站發生無差別攻擊事件，該事件對現場及周遭民眾安全造成重大威脅。然依現行細胞廣播服務(Cell Broadcast Service,CBS)發布權限規範，交通相關單位僅限於交通部中央氣象署及交通部公路局有權發布，致使事發當下臺北大眾捷運股份有限公司、國營臺灣鐵路股份有限公司及台灣高速鐵路股份有限公司等鐵路機構，無法即時透過CBS向車站周邊旅客及民眾發布警示訊息，以協助疏散人潮並提升民眾警覺。爰此，要求交通部儘速研議放寬CBS發布權限之可行性，授權各鐵路及大眾運輸系統於重大緊急事件發生時，得以發布警示訊息機制，並建立明確之管理規範，以強化公共運輸場域之安全應變能力，確保民眾生命財產安全。【135】",,,,,,,,,,115,交通部,交通部,2026/5/11,陳素月|林俊憲|李昆澤,,,,,,,,,2026-06-13T14:59:36.472Z
11653,主決議,通過,,,因應立法院預算審查時程，交通部各項補助、建設等預算撥款執行受影響，為降低影響狀況，爰要求交通部應就受影響之重要預算提前因應，並作好撥款準備，以利後續時程掌握，降低影響。【136】,,,,,,,,,,115,交通部,交通部,2026/5/11,陳素月|林俊憲|李昆澤,,,,,,,,,2026-06-13T14:59:36.472Z
11654,主決議,通過,,,鑑於捷運建設計畫對提升城市交通效能及促進區域均衡發展具有關鍵效益，惟目前多數計畫普遍面臨完工期程延宕、經費大幅追加，並偶有採購履約爭議等情形，顯示整體計畫執行與管理機制仍有精進空間。爰此，有關單位應強化整體計畫控管機制，並精進採購管理制度，以確保捷運建設順利推動，進而加速路網建構，提升公共運輸服務品質。爰要求交通部應於2個月內，就「協助提升捷運建設計畫及降低發生履約爭議之具體精進作為」，向立法院交通委員會提出書面報告。【137】,,,,,,,,,,115,交通部,交通部,2026/5/11,魯明哲|黃健豪|陳雪生,,,,,,,,,2026-06-13T14:59:36.472Z
11655,主決議,通過,,,"交通部115年度預算編列263億3,260萬5千元，用於補助及補貼國營臺灣鐵路股份有限公司執行各項業務。然經查，國營臺灣鐵路股份有限公司設置條例規定，政府應負擔並補貼臺鐵之項目包括：短期債務、員工舊制退撫金、鐵路基礎設施及車輛之建設重製、購置與維修經費，及因配合政府政策任務所造成之營運虧損等，而其中僅剩因配合政府政策任務所造成之營運虧損尚未完成法制作業，以致政府補助權責不清，且臺鐵預估將於115年度轉虧為盈，應儘速釐清政府及臺鐵各自須負擔項目並法制化，減輕政府財政負擔。綜上所述，爰要求交通部應儘速訂定「政府對國營臺灣鐵路股份有限公司配合政府政策任務造成營運虧損補貼辦法」，並於1個月內向立法院交通委員會提出書面報告，說明辦法研擬進度。【138】",,,,,,,,,,115,交通部,交通部,2026/5/11,萬美玲|黃健豪|陳雪生,,,,,,,,,2026-06-13T14:59:36.472Z
11656,主決議,通過,,,"交通部115年度預算編列2億3,800萬元，用於「營業基金」項下「國營臺灣鐵路股份有限公司」之「重點橋梁行車安全提昇計畫」，改善、改建8座重點橋梁(石榴班橋、八掌溪橋、高屏溪大橋、深澳橋、二號橋、田鶴溪橋、新三爺溪橋、下三叉河橋)。經查，臺鐵公司逾50年以上之鐵路橋梁高達401座，橋梁補強、改建需求日益增加，臺鐵公司於104至113年辦理「橋梁補強及改建符合現有法律規範計畫橋梁改建計畫」，預計施作138座橋梁補強及16座橋梁改建，截至113年計畫截止前，仍有4座未如預期完成，然臺鐵公司老化橋梁數量多，若未即時養護、改建，恐出現安全隱憂。綜上所述，爰要求交通部應督促國營臺灣鐵路股份有限公司積極落實橋梁改建、養護並監督其工程進度，提供安全行車環境，並於1個月內向立法院交通委員會提出書面報告。【139】",,,,,,,,,,115,交通部,交通部,2026/5/11,萬美玲|黃健豪|陳雪生,,5476,,,營業基金,國營臺灣鐵路股份有限公司,重點橋梁行車安全提昇計畫,238000000,2026-06-13T14:59:36.472Z
11657,主決議,通過,,,"交通部115年度預算編列3億8,429萬4千元，用於執行「國家道路交通安全綱要計畫」(113-116年)，係改善行人交通安全，建立以人為本之安全用路環境及文化，降低交通事故，朝「零死亡願景」邁進。經查，近年來頻頻發生高齡駕駛導致之交通事故，引起社會關注，雖交通部公路局提出加強考照鑑別度、強化違規行為回訓矯正及高齡換照分級關懷等諸多措施，然「道安總動員」之統計數據亦指出，高齡肇事者、無照駕駛人數逐年增加，110年為8,254人，114年已增至1萬0,405人，交通部除提出高齡者考照機制改革，亦應關注高齡者無照駕駛人數增加之問題。綜上所述，爰要求交通部應針對高齡駕車問題進行通盤檢討，以期降低高齡者駕車事故率，落實零死亡之交通願景，並於1個月內向立法院交通委員會提出書面報告。【140】",,,,,,,,,,115,交通部,交通部,2026/5/11,萬美玲|黃健豪|陳雪生,,5477,,,國家道路交通安全綱要計畫,,,384294000,2026-06-13T14:59:36.472Z
11658,主決議,通過,,,"交通部115年度預算編列81億5,163萬4千元，用於補助14項捷運興建計畫。經查，多項捷運建設計畫因土地徵收或撥用、都市計畫變更、文化古蹟保存、民眾抗爭、物價調整、設計改變、施工障礙、政策變更等諸多原因，辨理計畫修正，導致其工期延後或經費上調之情事，另查，各捷運建設計畫執行過程中，亦衍生多起工程履約爭議案件，109至114年7月底發生共14起，業將影響捷運建設工程之推動。綜上所述，爰要求交通部應檢討、強化各捷運建設計畫控管及精進採購管理制度，以加速各捷運建設計畫之推動，並於3個月內向立法院交通委員會提出書面報告。【141】",,,,,,,,,,115,交通部,交通部,2026/5/11,萬美玲|黃健豪|陳雪生,,,,,,,,,2026-06-13T14:59:36.472Z
11659,主決議,通過,,,"交通部115年度預算編列2億8,150萬元用於執行「智慧運輸系統發展建設計畫」，該計畫係促進智慧運輸系統之落實及服務普及，加速智慧運輸服務之應用發展，滿足未來發展趨勢之多元化需求。經查，近期高德地圖APP因其便利性，有越來越多民眾使用，然數位發展部及內政部指出該APP為大陸製，有資安及國安風險，呼籲民眾不要使用，行政院卓院長及國家發展委員會葉主任委員，承諾將建置本土地圖APP，而交通部近年來推動之智慧運輸系統計畫，所建置之TDX平台，涵蓋全國公路、軌道、航空、航運、自行車、路況、停車等完整之交通運輸資料，能讓本土地圖APP擁有更完整之資訊，基於政府一體之概念，交通部應主動協助建置本土地圖APP，以嘉惠國人。綜上所述，爰要求交通部應積極與相關單位溝通，提供交通運輸相關資料，儘速建置本土地圖APP供民眾使用，並於1個月內向立法院交通委員會提出書面報告。【142】",,,,,,,,,,115,交通部,交通部,2026/5/11,萬美玲|黃健豪|陳雪生,,5478,,,智慧運輸系統發展建設計畫,,,281500000,2026-06-13T14:59:36.472Z
11660,主決議,通過,,,"交通部115年度預算編列3億8,429萬4千元，用於執行「國家道路交通安全綱要計畫」(113-116年)，係改善行人交通安全，建立以人為本之安全用路環境及文化，降低交通事故，朝「零死亡願景」邁進之經費。經查，依交通部「道安總動員」統計數據顯示，113年全國事故死傷人數為53萬7,383人，114年增加至53萬6,992人，另於行人死傷人數，亦從113年1萬7,162人，114年增至1萬7,295人，增加133人，實有檢討之必要。另查，國家運輸安全調查委員會於112年便建議交通部引進道路交通安全檢核及道路安全檢查機制，在其他重大交通事故調查報告中，亦陸續提醒交通部加速引入該機制，期望透過第三方機構，對現有道路進行檢查及交通工程施作期間之檢核，以提升整體道路交通安全。綜上所述，爰要求交通部應加速道路安全檢核及道路安全檢查機制之引入，全面檢視我國道路安全，並於1個月內向立法院交通委員會提出書面報告。【143】",,,,,,,,,,115,交通部,交通部,2026/5/11,萬美玲|黃健豪|陳雪生,,5477,,,國家道路交通安全綱要計畫,,,384294000,2026-06-13T14:59:36.472Z
11661,主決議,通過,,,"交通部115年度預算編列3億8,429萬4千元，用於執行「國家道路交通安全綱要計畫」(113-116年)，係改善行人交通安全，建立以人為本之安全用路環境及文化，降低交通事故，朝「零死亡願景」邁進之經費。經查，近年來毒駕案件逐年增加，113年2,619件，114年8,659件，增加6,040件，115年僅1至3月，就有3,223件，顯見現行法規無法有效遏阻毒駕行為，實有檢討相關法規之必要。爰要求交通部應重新檢視並修正現行毒駕之罰則，以嚇阻並降低毒駕發生，並於1個月內向立法院交通委員會提出書面報告。【144】",,,,,,,,,,115,交通部,交通部,2026/5/11,萬美玲|黃健豪|陳雪生,,5477,,,國家道路交通安全綱要計畫,,,384294000,2026-06-13T14:59:36.472Z
11662,主決議,通過,,,鑑於桃園鐵路地下化因工程延宕、原物料大漲致須追加769億元經費，然桃園鐵路地下化變更計畫自114年8月即簽陳行政院，至今已逾9個月仍未核定，導致工程進度嚴重落後。交通部作為中央鐵道建設主管機關，有責向行政院說明、爭取鐵道建設經費，尤其行政院拖延變更計畫之核定，除讓工程進度持續延宕落後，原物料恐會持續調漲，將使原規劃之追加經費又不足，形成惡性循環，導致桃園交通黑暗期持續延長，更讓全民共同負擔再追加之經費。綜上所述，爰要求交通部應向行政院積極爭取，儘速核定桃園鐵路地下化變更計畫，並於1個月內向立法院交通委員會提出書面報告。【145】,,,,,,,,,,115,交通部,交通部,2026/5/11,萬美玲|黃健豪|陳雪生,,,,,,,,,2026-06-13T14:59:36.472Z
11663,主決議,通過,,,針對交通部 115 年度單位預算，鑑於 113 年度交通事故死亡人數下降幅度未達「國家道安計畫」既定目標，且兒少與高齡族群之交通事故風險居高不下、高齡駕駛肇事率逐年攀升。為避免道安持續惡化並確保防制目標如期達成，爰要求交通部全面檢視並強化防制策略，加速落實高齡駕駛管理制度改革，並辦理以下事項：1.全面檢討道安計畫成效：針對 113 年度防制成效未達標之落差，交通部應會同相關部會全面盤點現行「國家道安計畫」各項防制作為之執行盲點，針對未達標之指標提出具體改善方案與重新設定合理之量化 KPI，確保整體與行人死亡人數降幅能如期達標。2.強化兒少與高齡族群防制：交通部應會同教育部、衛生福利部及內政部警政署等相關部會，針對兒少及高齡者兩大高風險族群，提出跨部會之交通事故防制專案計畫或因應對策，從工程、監理、教育宣導及執法等面向多管齊下，確實降低死傷人數。3.加速落實高齡駕駛改革：針對預計於 115 年起推動之駕駛人管理改革措施(共計 9 項方案、17 項措施)，應確實掌握進度、完備配套措施並如期落實執行，以加強高齡駕駛人之法令遵循及駕駛道德鑑別度。4.交通部應就上述各項道安精進策略、跨部會協調防制機制，以及高齡駕駛管理改革之具體執行期程與預期效益，於2個月內向立法院交通委員會提出書面報告。【146】,,,,,,,,,,115,交通部,交通部,2026/5/11,魯明哲|徐欣瑩|黃健豪|陳雪生,,,,,,,,,2026-06-13T14:59:36.472Z
11664,主決議,通過,,,"針對交通部 115 年度預算「營業基金」項下「國營臺灣鐵路股份有限公司」新增「重點橋梁行車安全提昇計畫」經費 2 億 3,800 萬元，鑑於臺鐵橋齡逾 40 年以上者占比已逾五成，且部分既有橋梁改建補強計畫進度嚴重落後。為確保鐵道行車安全與基礎設施韌性，爰要求交通部督促國營臺灣鐵路股份有限公司加強工程進度控管，並建立完善之長期橋梁養護與更新機制，並辦理以下事項：1.嚴控工程進度與提出趕工計畫：交通部應督促臺鐵針對進度落後之既有橋梁改建補強工程(含雙溪橋、高屏溪鐵路橋、三爺溪橋等)提出具體趕工計畫並檢討延宕原因，同時落實資源整合，確保 115 年新增之「重點橋梁行車安全提昇計畫」能如期如質推展。2.建立老舊橋梁長期養護更新機制：針對全臺逾半數橋齡超過 40 年之老舊橋梁，國營臺灣鐵路股份有限公司應建立完善之長期控管、養護及適時更新機制，並盤點風險等級，優先針對高風險路段導入科學化與智慧化之橋梁檢測技術，精準掌握橋梁結構安全風險。3.交通部應就上述既有橋梁工程趕工進度、新增重點橋梁計畫之執行控管機制，以及老舊橋梁長期養護更新策略，於2個月內向立法院交通委員會提出書面報告。【147】",,,,,,,,,,115,交通部,交通部,2026/5/11,魯明哲|徐欣瑩|黃健豪|陳雪生,,,,,,,,,2026-06-13T14:59:36.472Z
11665,主決議,通過,,,"針對交通部 115 年度預算「營業基金」項下「國營臺灣鐵路股份有限公司」編列政府對臺鐵應負擔項目等計畫經費高達 263 億 3,260 萬 5 千元。鑑於臺鐵已調整票價並預估115 年度將轉虧為盈，為減輕政府財務負擔並落實公司化精神，爰要求交通部加速完備營運虧損補貼辦法，並重新檢視釐清政府與臺鐵間之自償性經費負擔比例，並辦理以下事項：1.加速完備虧損補貼子法：交通部應儘速與行政院主計總處完成協商，於 3 個月內正式發布「政府對國營臺灣鐵路股份有限公司配合政府政策任務造成營運虧損補貼辦法」，以確立政府補貼與臺鐵自負盈虧之明確界線。2.重新核算自償率與經費負擔：針對 115 年度所編列之 263億餘元政府應負擔項目，交通部應責成臺鐵公司，將票價調整及預計產生之盈餘(淨利 18.3 億餘元)納入各項基礎設施與車輛購置計畫之財務模型中，重新核算各計畫之「自償率」，並依據國營臺灣鐵路股份有限公司設置條例第19 條規定，將具自償性之經費確實轉由臺鐵公司負擔，並相應調整政府補貼預算額度。3.交通部應將「政府對國營臺灣鐵路股份有限公司配合政府政策任務造成營運虧損補貼辦法」草案內容及辦理進度，以及督促國營臺灣鐵路股份有限公司持續提升營運績效之具體財務規劃，於2個月內向立法院交通委員會提出書面報告。【148】",,,,,,,,,,115,交通部,交通部,2026/5/11,魯明哲|徐欣瑩|黃健豪|陳雪生,,5479,,,營業基金,國營臺灣鐵路股份有限公司,,26332605000,2026-06-13T14:59:36.472Z
11666,主決議,通過,,,"針對交通部 115 年度預算「交通運輸規劃及產業發展」項下「臺灣新車安全評等(TNCAP)精進計畫」編列經費 2 億5,548 萬元，為確保 TNCAP 制度之長期永續性，建請交通部儘速完備財務自主之配套法制；同時針對美國對等關稅衝擊研謀產業配套，並結合新竹縣作為臺灣汽車電子與智慧運輸科技重鎮之優勢，強化國產汽車安全與零組件產業競爭力，爰要求交通部辦理以下事項：1.加速財務自主法制化：交通部應加速辦理公路法及 TNCAP管理辦法之修正草案研議，確實於 115 年底前完成相關法制化作業，確保 117 年起逐步落實由車輛業者負擔評等經費之財務自主目標。2.落實關稅衝擊之產業配套：針對美國對等關稅政策之衝擊，交通部應會同經濟部持續滾動檢討 TNCAP 測試標準升級期程，給予國產車廠及供應鏈合理之技術轉型緩衝期，並透過與國際 NCAP 接軌，實質降低業者重複測試成本。3.結合新竹科技優勢帶動產業升級：交通部應研議將 TNCAP測試數據與標準指引，對接新竹縣等具備汽車電子與 ADAS研發優勢之科技聚落，提供在地零組件供應商技術升級之參考；並會同新竹縣政府，研議將 TNCAP 高安全星等(如五星)車輛列為地方政府推動綠色運輸(如智慧電動車接駁)採購之優先鼓勵指標。4.交通部應就上述TNCAP財務自主法制化進度、因應美國關稅之產業輔導具體作為，以及結合地方產業鏈結之規劃，於2個月內向立法院交通委員會提出書面報告。【149】",,,,,,,,,,115,交通部,交通部,2026/5/11,魯明哲|徐欣瑩|黃健豪|陳雪生,,5480,,,交通運輸規劃及產業發展,臺灣新車安全評等(TNCAP)精進計畫,,255480000,2026-06-13T14:59:36.472Z
11667,主決議,通過,,,交通部為因應近期國際能源市場波動、油價持續攀升，減輕第一線計程車運輸產業之經營壓力，宣布啟動「計程車油價折讓補貼措施」。該計畫針對全國合法登記之在籍計程車(不含純電動車)，提供每車最高6千元之油價補貼，預估受惠車輛約9萬輛，申請期間自115年5月20日起至8月31日止，期能即時協助駕駛度過高油價難關。然查此項補貼措施牽涉經費龐大且涵蓋面廣，目前相關之登記據點、申請文件及作業細節尚待研議公告。考量實務上計程車業態包含個人、靠行及合作社等多種經營模式，若申請程序過於繁雜，恐致政策美意打折；且須避免衍生補助款未能實際嘉惠第一線實際開車營業駕駛之爭議。為確保該項補貼預算之執行具實質效益，切實減輕駕駛負擔，請交通部於規劃後續作業細節時，應秉持「簡政便民」原則優化申請流程，並建立完善之身分認定與查核機制，確保補助資源精準核發予實際營運之駕駛人；同時，建請交通部密切關注國際油價變動趨勢與整體預算執行狀況，適時滾動檢討精進相關協助措施，以落實穩定從業人員生計之政策目標。【150】,,,,,,,,,,115,交通部,交通部,2026/5/11,魯明哲|徐欣瑩|黃健豪|陳雪生,,,,,,,,,2026-06-13T14:59:36.472Z
11668,主決議,通過,,,"審計部112年度中央政府總決算審核報告指出，外籍人士合法居留我國，自108年度78萬餘人，直至112年度已達到85萬餘人，成長約8.5%；然而，對比交通部道安網資料顯示，外籍人士發生交通事故之死傷人數，自108年僅6,213人，但至113年度已突破13,000人，較108年6,213人，5年間死傷人數增幅達1倍以上；經審計部調查事故狀況，其中以臺中、桃園、新北、臺南等地外籍移工騎乘普通重型機車與微電車之事故最為嚴重。建請交通部研議，針對脆弱用路人群體設計政策意見反饋機制，以落實外籍人士多元支持措施，藉以有效降低外籍人士交通事故傷亡風險，並於1個月內向立法院交通委員會提出書面報告。【151】",,,,,,,,,,115,交通部,交通部,2026/5/11,黃健豪|游顥|陳清龍,,,,,,,,,2026-06-13T14:59:36.472Z
11669,主決議,通過,,,為了兼顧長輩的移動需求與道路安全需要，交通部公路局宣布自115年5月31日起，正式實施「高齡駕駛人管理制度改革」，未來針對年長者交通運輸方式，恐將發生變化；且據交通部運輸研究所針對高齡者旅運需求與運輸策略方向之研究結果顯示，高齡者的旅次產生數量，未來亦將呈現持續上升趨勢，高齡者的旅運需求，勢必是未來需要解決的課題。惟據交通部公路局統計，我國市區及公路客運駕駛缺額已經超過兩千人，雖然交通部提出開放僑外生擔任客運駕駛，勞動部也預告修法，但從預告期間提出政策意見及推動細節配套措施，各界意見紛歧的狀況，顯見的是，國內客運駕駛荒目前依然無解。因此，有鑑於制度改革與大眾運輸客群變化，請交通部於2個月內，進行跨部會研議，提出全面性的大眾運輸管理政策，以確保大眾運輸客運駕駛及乘客權益與安全，並向立法院交通委員會提出書面報告。【152】,,,,,,,,,,115,交通部,交通部,2026/5/11,黃健豪|游顥|陳清龍,,,,,,,,,2026-06-13T14:59:36.472Z
11670,主決議,通過,,,"鑑於無人機為我國「五大信賴產業」之重要項目，兼具國防自主與產業升級雙重戰略意涵。政府由經濟部統籌推動「無人載具產業發展統籌型計畫」，預計未來將投入 442 億元，結合交通部、國防部、數位發展部、國家科學及技術委員會及行政院公共工程委員會等單位，共同建構完善之無人機產業推動機制。查交通部配合該統籌型計畫，預計於 115 至 117 年度投入 1 億 1,464 萬 5 千元，採購無人機用於五大場域之巡查與配送等任務，包含：1.鐵道之邊坡、橋梁及建築物工程檢測；2.機場之災情勘查、熱源偵測及緊急巡查；3.特定地區無人機配送服務；4.商港區域施工管理、巡檢勘災與緊急蒐證；5.國道公路設施巡檢輔助、變遷紀錄、交通管理分析及災害調查。考量全球無人載具技術演進迅速，交通部雖已規劃五大應用場域，然允宜視外在環境技術發展，適時調整各項具體量化指標。同時，為避免各機關及各場域之無人機應用淪為多頭馬車或資訊孤島，交通部應強化跨機關之協調整合與後續資訊運用，並應藉由建置或導入統一之管理平台來提升檢測效率，進而實質協助國內無人機產業之發展，爰要求交通部辦理以下事項：1.建立成效反饋與滾動檢討機制：針對鐵道、機場、郵務、港口及國道公路等五大場域之無人機應用，交通部應建立明確的成效反饋機制，並視無人機技術發展趨勢及國內外環境變化，滾動式檢討並適時調整計畫之各項具體量化與績效指標。2.強化跨機關協調與導入管理平台：交通部應積極配合經濟部等相關部會之整合，強化跨機關及部內各所屬單位間之資訊橫向聯繫與運用；另應規劃導入完善之無人機管理與數據平台，以自動化、智慧化方式提升各場域之檢測效率，發揮預算最大效益並帶動產業升級。3.交通部應就上述「無人載具產業發展統籌型計畫」主責部分之執行規劃、績效指標訂定情形、跨機關協調機制及管理平台建置進度，於2個月內向立法院交通委員會提出書面報告。【153】",,,,,,,,,,115,交通部,交通部,2026/5/11,魯明哲|徐欣瑩|黃健豪|陳雪生,,,,,,,,,2026-06-13T14:59:36.472Z
11671,主決議,通過,,,針對交通部 115 年度單位預算，為解決大新竹地區長年交通壅塞問題，加速推動「大新竹輕軌捷運計畫」，建請交通部應積極督導及協助新竹縣、市政府，儘速完成「新竹縣大眾捷運系統整體路網評估」核定，並針對剛啟動之「大新竹輕軌優先路網紅、藍線整合可行性研究」提供技術協助以加速後續審議程序，爰要求交通部及交通部鐵道局應辦理以下事項：1.加速核定新竹縣政府路網：針對鐵道局已於 115 年 3 月 10日簽報之「新竹縣大眾捷運系統整體路網評估報告書」，交通部應儘速完成核定備查作業。2.針對 115 年 3 月 3 日剛啟動之「大新竹輕軌優先路網紅、藍線整合可行性研究」，交通部鐵道局應指派人員參與新竹縣、市政府召開進度之工作會議及控管會議，提供技術與法規面之協助，確保評估報告品質以利未來加速審查。3.交通部應將上述辦理情形及大新竹輕軌推動進度，於2個月內向立法院交通委員會提出書面報告。【154】,,,,,,,,,,115,交通部,交通部,2026/5/11,魯明哲|徐欣瑩|黃健豪|陳雪生,,,,,,,,,2026-06-13T14:59:36.472Z
11672,主決議,通過,,,"交通部115年度預算於「交通運輸規劃及產業發展」項下「臺灣新車安全評等精進計畫」編列2億5,548萬元，辦理「臺灣新車安全評等制度(TNCAP)」，主要為確保道路使用車輛之安全性、並提供消費者新車安全資訊，促進車輛業者持續提升國內車輛安全性能，以降低道安事故傷亡。惟查，上開TNCAP制度雖於114年10月份更新第二版，並為因應電動車普及，將觸電保護等納入評等基準；然揆諸Euro NCAP(歐洲新車安全評等制度)於115年重新檢討後，另已基於安全因素，進一步明確規範電動車之實體按鈕與隱藏式外門把手之設置及機械式緊急把手設置等進行安全基準規範，亦呼應聯合國歐洲經濟委員會「汽車緊急開門」之倡議，以免影響交通事故後之黃金救援。綜上所述，爰建請交通部參考Euro NCAP新規標準，針對TNCAP電動車之安全審驗標準重新進行滾動檢討與研議，並於3個月內向立法院交通委員會提出書面報告，以維消費者用車與道路運輸安全。【155】",,,,,,,,,,115,交通部,交通部,2026/5/11,魯明哲|黃健豪|陳清龍,,5481,,,交通運輸規劃及產業發展,臺灣新車安全評等精進計畫,臺灣新車安全評等制度(TNCAP),255480000,2026-06-13T14:59:36.472Z
11673,主決議,通過,,,有關115年度交通部預算第3目「交通運輸規劃及產業發展」項下「航政業務」中「業務費」之「一般事務費」辦理海空難搜救演練、災害防救、觀摩講習訓練及其他行政雜支等編列84萬3千元。查海空難搜救演練攸關國家面臨重大運輸災變時之緊急動員與搶救應變能力，其演練之重要性不言可喻。然近年來氣候變遷加劇極端天氣發生頻率，且我國周邊海域離岸風電場域大幅擴張，海上航行環境與救難風險已與過去截然不同。歷年之搜救演練若多僅侷限於傳統想定情境之兵棋推演或制式化之常規操演，恐難真實驗證跨部會應對新型態複合式災難之實戰量能。為確保海空難搜救演練能切實對應當前海空運環境之新興風險，爰建請交通部於3個月內向立法院交通委員會提出書面報告，詳細說明115年度搜救演練是否納入極端氣候及離岸風場周邊海域之複合型災難想定、跨機關動員實測成效及演練後之檢討精進機制，以確保災防量能與政策之落實。【156】,,,,,,,,,,115,交通部,交通部,2026/5/11,邱若華|黃健豪|游顥,,5482,,,交通運輸規劃及產業發展,航政業務,業務費 > 一般事務費 > 辦理海空難搜救演練、災害防救、觀摩講習訓練及其他行政雜支等,843000,2026-06-13T14:59:36.472Z
11674,主決議,通過,,,"有關交通部115年度預算第3目「交通運輸規劃及產業發展」項下「臺灣新車安全評等精進計畫」編列2億5,548萬元，辦理臺灣新車安全評等制度之運作管理、受評車型遴選、試驗車輛及零組件之購置、運送及保存、評等測試執行與結果公布等相關作業。查臺灣新車安全評等(TNCAP)設立之初衷，係為提供消費者購車資訊、提升車輛安全並促進產業技術發展。然隨著全球車輛科技日新月異，各類新型先進輔助駕駛技術(ADAS)已逐漸成為市場新車之主流配備，且對實際防範交通事故、降低駕駛人失誤及減輕傷亡程度具備關鍵防護作用。若TNCAP在評比項目與測試標準上，未能與時俱進、積極擴大納入更多新型輔助駕駛技術對行車安全的實質影響，恐使評等結果與現今車輛安全科技脫節，不僅難以真實反映新車之整體安全防護能力，亦無助於引導國內車輛業者加速導入最新安全科技配備。為確保TNCAP評等制度能真實反映車輛安全防護水準，並切實發揮降低國內交通事故傷亡之政策效益，爰建請交通部於3個月內向立法院交通委員會提出書面報告，詳細說明「如何於TNCAP評估規章與測試項目中，納入更多新型輔助駕駛技術(ADAS)對行車安全影響之具體評比方案與推動時程」，以利相關政策之推動與落實。【157】",,,,,,,,,,115,交通部,交通部,2026/5/11,邱若華|黃健豪|游顥,,5483,,,交通運輸規劃及產業發展,臺灣新車安全評等精進計畫,,255480000,2026-06-13T14:59:36.472Z
11675,主決議,通過,,,有關115年度交通部預算第3目「交通運輸規劃及產業發展」項下「道路交通安全」中「設備及投資」辦理持續開發事故分析功能及升級作業系統編列430萬元。查政府近年為洗刷「行人地獄」惡名，已投入龐大資源建置各類道安數據網與事故資訊平台。然系統之持續開發與作業系統升級，若僅停留在「軟硬體規格提升」與「常態性報表產出」，而未能進一步將事故分析結果，精準轉化為輔助各縣市政府進行「危險路口工程改善」、「高風險路廊精準執法」或「特定族群行為預防」之實質決策工具，恐使系統升級淪為形式上的數據堆疊。現階段各界對於道安改善有著迫切期待，若耗費公帑升級系統後，仍無法有效縮短事故熱點的改善期程，或無法跨機關即時連動防制對策，實難以展現此筆設備投資之實質價值。為確保道安系統開發經費能確實發揮事故防制之效益，避免流於盲目之系統軍備競賽，爰建請交通部於3個月內向立法院交通委員會提出書面報告，詳細說明本次「持續開發事故分析功能」之具體擴充項目、跨機關數據應用情境、預期如何精準輔助地方政府改善易肇事路段，以及系統升級後對應之量化道安改善成效指標(KPI)，以確實發揮道安系統之輔助防制效益。【158】,,,,,,,,,,115,交通部,交通部,2026/5/11,邱若華|黃健豪|游顥,,5484,,,交通運輸規劃及產業發展,道路交通安全,設備及投資 > 辦理持續開發事故分析功能及升級作業系統,4300000,2026-06-13T14:59:36.472Z
11676,主決議,通過,,,"115年度交通部預算第3目「交通運輸規劃及產業發展」項下「道路交通安全」中「獎補助費」之「對各縣市政府之補助」編列1億1,145萬元。經查，近年大貨車與遊覽車等大型車輛事故持續攀升，依交通部統計，110至114年間大型車輛事故件數由10,158件增加至11,504件，113年更造成高達416人死亡，已成為我國道路安全最關鍵之高風險來源。復查，針對能有效預防追撞與車道偏移之「先進駕駛輔助系統(ADAS)」，交通部迄今缺乏全國統一之推動與補助政策。目前ADAS裝設高度仰賴地方政府自行推動(如臺中市、臺北市均已針對市區公車提出專案補助)。此現象導致我國交通安全防護網出現嚴重之「城鄉差距」，使國人僅因所在縣市不同，即須承受不對等之大型車輛事故風險。交通部曾於106年推動「行車視野輔助系統」之全國性補助，顯見大型車輛安全設備具備高度公共利益且屬中央應承擔之責。面對日益嚴峻之大型車事故，交通部理應比照既有政策經驗，將ADAS納入國家級道安政策，消弭交通安全之城鄉落差。爰要求交通部針對「全國大型車輛加裝ADAS之推動計畫與補助機制」及「消弭道安城鄉差距之具體對策」，於3個月內向立法院交通委員會提出書面報告。【159】",,,,,,,,,,115,交通部,交通部,2026/5/11,邱若華|黃健豪|游顥,,5485,,,交通運輸規劃及產業發展,道路交通安全,獎補助費 > 對各縣市政府之補助,111450000,2026-06-13T14:59:36.472Z
11677,主決議,通過,,,"有關交通部115年度預算第3目「交通運輸規劃及產業發展」項下「道路交通安全」編列3億8,429萬4千元。查交通部為打造安全友善之道路環境，持續推動「國家道路交通安全綱要計畫」及「永續提升人行安全計畫」，期望透過工程、教育、監理、執法等面向全力改善行人安全，實踐「零死亡願景」。然根據立法院預算評估報告指出，113年度交通事故死亡人數下降幅度並未達成「國家道安計畫」之預期目標；其中，行人死亡人數由112年度的380人降至113年度的366人，降幅僅3.7%，未達原定下降7%之目標，且整體交通事故死亡人數降幅(2.4%)亦未達5%之預期目標。此外，兒少與高齡者兩大重點防制族群之交通安全改善成效亦未盡理想，顯示現行相關防制作為與「行人零死亡」之政策願景仍有顯著落差，亟需強化與調整。為確保道路交通安全預算能確實發揮實質防制效益，加速達成「行人零死亡」及整體死傷人數下降之政策願景，爰建請交通部於3個月內向立法院交通委員會提出書面報告，詳細說明針對113年度道安目標未達標之檢討分析，並提出包含實質工程改善(如危險路口改善、人行道空間擴增)、宣導資源精準投放，以及針對高風險族群防護之具體精進對策與後續落實期程，以切實保障用路人生命安全。【160】",,,,,,,,,,115,交通部,交通部,2026/5/11,邱若華|黃健豪|游顥,,5486,,,交通運輸規劃及產業發展,道路交通安全,,384294000,2026-06-13T14:59:36.472Z
11678,主決議,通過,,,"有關115年度交通部預算第2目「一般行政」項下「基本行政工作維持」中「業務費」之「水電費」辦理辦公大樓水、電費及天然氣等編列1,762萬8千元。查政府當前極力推動「2050淨零轉型」與節能減碳政策，交通部作為全國交通運輸與公共建設之主管機關，理應於公部門內部治理中以身作則，展現積極之減碳與節電決心。然本項水電費支出高達千萬元，預算書中卻未見交通部針對辦公大樓之年度節電目標、碳盤查結果、導入智慧節能監控設備之實質效益，以及具體之用電減量指標提出說明。若僅依往年用量與電價漲幅常態性編列鉅額水電費，而缺乏主動撙節與能源轉型之規劃，實有違國家淨零碳排之政策大方向。為督促交通部落實內部節能減碳，爰建請交通部於3個月內向立法院交通委員會提出書面報告，詳細說明交通部辦公大樓近三年水電用量分析、115年度具體之節能減碳目標(KPI)及智慧節電改善計畫，以確實響應並推動國家淨零轉型政策。【161】",,,,,,,,,,115,交通部,交通部,2026/5/11,邱若華|黃健豪|游顥,,5487,,,一般行政,基本行政工作維持,業務費 > 水電費 > 辦理辦公大樓水、電費及天然氣等,17628000,2026-06-13T14:59:36.472Z
11679,主決議,通過,,,"針對 115 年度中央政府總預算案「直轄市及縣市政府」項下「一般性補助款—交通部主管」中「一般性交通補助—交通部」之「營造深度減碳運輸環境暨打造低耗能交通場域計畫」編列經費 3,000 萬元，鑑於目前中央尚乏統一法規供地方政府依循，且如新竹縣等正積極推展綠色運輸與智慧交控之縣市亟需中央資源挹注。爰要求交通部儘速完成跨部會協調建立一致性法規，並針對新竹縣之低碳交通政策與智慧交通基礎建設給予積極輔導與實質協助，並辦理以下事項：1.建立全國一致性法規與指引：交通部應儘速完成跨部會協調，針對低碳交通區之管制對象、推動模式及相關罰則，訂定全國一致性之法規依據與作業要點，消弭各縣市自治法規之歧異。2.專案輔導新竹縣綠色與智慧運輸：交通部推動「低碳交通示範區」不應僅侷限於離島地區。針對如新竹縣已有推展智慧電動車接駁高鐵旅客、運用 AI 智慧交控改善竹北至竹科交通，以及建置智慧站牌等實質綠色運輸需求與規劃之縣市，交通部應主動介入，就其低碳交通政策研擬、地方法制建構及相關基礎建設(如充電設施、AI 交控系統、智慧公車候車環境等)給予積極之專案輔導與經費協助。3.交通部應就上述全國一致性法規之研訂進度，以及協助新竹縣推展低碳與智慧交通基礎建設之具體規劃與補助方案，於 2 個月內向立法院交通委員會提出書面報告。【162】",,,,,,,,,,115,交通部,交通部,2026/5/11,魯明哲|徐欣瑩|黃健豪|陳雪生,,5488,,,直轄市及縣市政府,一般性補助款—交通部主管,一般性交通補助—交通部 > 營造深度減碳運輸環境暨打造低耗能交通場域計畫,30000000,2026-06-13T14:59:36.472Z
11680,減列,通過,5000000,,減列「媒體政策及業務宣導費」500 萬元 (科目均自行調整),,,,,,,,,,115,交通部,交通部,2026/5/11,交通委員會,,,,,,,,,2026-06-13T14:59:36.472Z
11681,減列,通過,6000000,,減列第 3 目「交通運輸規劃及產業發展」項下「智慧運輸系統發展建設計畫」600 萬元 (科目均自行調整),,,,,,,,,,115,交通部,交通部,2026/5/11,交通委員會,,,,,,,,,2026-06-13T14:59:36.472Z
11682,減列,通過,4000000,,減列「業務費」400萬元,,,,,,,,,,115,主計總處,行政院,2026/5/6,財政委員會,,,,,,,,,2026-06-13T14:59:36.472Z
11683,減列,通過,4100000,,"減列第1目「一般行政」410萬元（含「基本行政工作維
持」之「業務費」10萬元）",,,,,,,,,,115,主計總處,行政院,2026/5/6,財政委員會,,,,,,,,,2026-06-13T14:59:36.472Z
11684,減列,通過,2000000,,減列第6目「國勢普查業務」200萬元,,,,,,,,,,115,主計總處,行政院,2026/5/6,財政委員會,,,,,,,,,2026-06-13T14:59:36.472Z
11685,減列,通過,1500000,,減列第8目「主計資訊業務」150萬元,,,,,,,,,,115,主計總處,行政院,2026/5/6,財政委員會,,,,,,,,,2026-06-13T14:59:36.472Z
11686,減列,通過,50000,,減列第9目「一般建築及設備」第3節「其他設備」5萬元,,,,,,,,,,115,主計總處,行政院,2026/5/6,財政委員會,,,,,,,,,2026-06-13T14:59:36.472Z
11687,減列,保留,3700000,,"115年度行政院主計總處預算案於第9目「一般建築及設備」第2節「交通及運輸設備」項下「設備及投資」汰換電動汽車2輛3,700千元。編列預算370萬元。比對主計總處115年度預算書第79頁「行政院主計總處公務車輛明細表」，欲汰換車輛購置時間為102年11月，至今使用約為12年6個月。依照行政院主計總處頒佈「115年度共同性費用編列基準表」第25頁說明：「六、公務車輛(不含機車)具下列情形之一者，得辦理汰換：(一)已屆滿15年。…」。然，115年中央政府總預算連同特別預算，已需舉債高達4千億元。政府各單位更應量入為出、撙節公帑，減列非必要、非急迫性的支出，以降低國庫舉債、債留子孫的壓力。且，賴總統為回應美國對台灣應大幅增加國防支出的強硬立場與關切壓力，115年度國防支出已創下歷史新高，達9,495億新台幣；大舉增加國防支出，必定會嚴重排擠年度的教育、文化等支出，亦即，各部會應勒緊褲帶，共體時艱、以撙節支出的具體行動，來呼應賴總統對美方要求大幅增加國防支出的承諾。有鑑於此次汰換車輛尚未屆滿15年，且為兌現賴總統對美方的承諾，且配合國防支出大幅增加之影響而必須撙節經費，爰提案減列該項預算370萬元。以避免有限之財政資源遭到閒置與浪費、且撙節之經費又可支援國防軍費的大幅增加！期盼主計總處共體時艱，撙節公帑支出，力行簡樸節約生活，避免浪費公帑、節省開支，使政府有限預算能作最有效益之運用。",,,,,,,,,,115,主計總處,行政院,2026/5/6,陳玉珍|翁曉玲,賴士葆|劉書彬,5489,,,一般建築及設備,交通及運輸設備,設備及投資,3700000,2026-06-13T14:59:36.472Z
11688,減列,保留,2000000,,主計總處於115年度預算案「交通及運輸設備」項下新增編列370萬元，汰換電動公務小客車2輛，平均每輛185萬元。經查：（一）單價合理性：依交通部公路局公務車輛採購參考及市場調查資料，一般公務用電動小客車單價多介於120萬元至150萬元之間，本案平均每輛185萬元之編列標準明顯偏高，其車型規格及議價基礎應予說明。（二）撙節原則之落實：依115年度中央政府總預算編製辦法及「中央各主管機關編製115年度概算應行注意辦理事項」規定，各機關應本撙節原則編列預算。主計總處身為中央預算編製主管機關，應表率撙節作法。（三）既有公務車調度效益：主計總處於預算書說明編列本案係「因應本總處分屬各處辦公之公務聯繫、同仁出席業務相關會議及接送講座等需求」，惟既有公務車共9輛，其現有調度使用效率及車況盤點情形未見敘明。爰提案刪減交通及運輸設備項下運輸設備費200萬元，俾督促主計總處覈實編列公務車採購經費並落實撙節原則。。,,,,,,,,,,115,主計總處,行政院,2026/5/6,李彥秀|賴士葆|林德福,,5490,,,交通及運輸設備,,,3700000,2026-06-13T14:59:36.472Z
11689,減列,保留,1700000,,主計總處本年度編列「汰換電動公務車」經費共計370萬元（預計汰換2輛），平均單輛公務車預算高達185萬元。然查，目前國內電動車市場選擇多元，即便是進口名車如Tesla Model 3，其基本款售價亦僅約175萬元，主計總處編列之預算不僅遠高於市售豪華電動車款之行情，更有浮編、寬列之嫌。政府機關採購公務車輛，應以滿足基礎公務運輸需求為核心，恪守預算撙節原則，切勿將公帑流於購置「百萬名車」之豪華享受。以節能減碳之考量選擇電動車，當前國內車市也仍有多款定價在百萬以內之優質平價電動車款可供選擇，足以滿足公務通勤所需。主計總處應樹立財政紀律典範，避免公帑恣意揮霍，爰刪除本項經費170萬元（刪除後餘200萬元，足供購置兩輛平價電動公務車）。,,,,,,,,,,115,主計總處,行政院,2026/5/6,劉書彬,羅明才|林思銘,5491,,,汰換電動公務車,,,3700000,2026-06-13T14:59:36.472Z
11690,凍結,通過,,500000,"115年度中央政府總預算案，行政院主計總處單位預算編列
17億9,136萬4千元，比114年度法定預算14億4,098萬元，增
加3億5,038萬4千元（近3.5億元），成長幅度24.32%。115
年度業務費項下預算編列「通訊費」2,544萬2千元，與114
年度法定預算1,602萬2千元相比，增列942萬元，增列幅度
為58.79%。經查行政院主計總處114年度決算書資料如上表，「通訊費
」執行率僅89.57%，未執行數為167.2萬元。顯見，原有經
費編列與實際需求之間存有相當落差，致使經費運用效益低
落。然，115年度中央政府總預算連同特別預算，已需舉債
高達4千億元。政府各單位更應量入為出、撙節公帑，減列非必要、非急迫性的支出，以降低國庫舉債、債留子孫的壓
力。且，賴總統為回應美國對台灣應大幅增加國防支出的強
硬立場與關切壓力，115年度國防支出已創下歷史新高，達
9,495億元；大舉增加國防支出，必定會嚴重排擠年度的教
育、文化等支出，亦即，各部會應勒緊褲帶，共體時艱、以
撙節支出的具體行動，來呼應賴總統對美方要求大幅增加國
防支出的承諾。惟行政院主計總處115年度預算案仍編列「
通訊費」2,544萬2千元，增列942萬元，有鑑於114年度執行
率不超過90%，為兌現賴總統對美方的承諾，為配合國防支
出大幅增加之影響而必須撙節經費，爰凍結「業務費」預算
50萬元，俟行政院主計總處向立法院財政委員會提出書面報
告後，始得動支。以避免有限之財政資源閒置與浪費，而撙
節之經費又可支援國防軍費的大幅增加。",,,,,,,,,,115,主計總處,行政院,2026/5/6,陳玉珍|翁曉玲,賴士葆|劉書彬,5492,,,主計總處,,,1791364000,2026-06-13T14:59:36.472Z
11691,凍結,通過,,500000,"115年度中央政府總預算案，行政院主計總處單位預算編列
17億9,136萬4千元，比114年度法定預算14億4,098萬元，增
加3億5,038萬4千元（近3.5億元），成長幅度24.32%。115
年度業務費項下預算編列「按日按件計資酬金」2億4,587萬
6千元，與114年度法定預算5,285萬9千元相比，增列1億
9,301萬7千元，增列幅度為365.15%。經查行政院主計總處112到114年度決算書資料如上表，「按
日按件計資酬金」三年平均執行率87.74%，決算資料顯示，
近年「按日按件計資酬金」平均執行率不超過88%、未執行
數在283到865萬元之間。顯見，原有經費編列與實際需求之間存有相當落差，致使經費運用效益低落。然，115年度中
央政府總預算連同特別預算，已需舉債高達4千億元。政府
各單位更應量入為出、撙節公帑，減列非必要、非急迫性的
支出，以降低國庫舉債、債留子孫的壓力。且，賴總統為回
應美國對台灣應大幅增加國防支出的強硬立場與關切壓力，
115年度國防支出已創下歷史新高，達9,495億元；大舉增加
國防支出，必定會嚴重排擠年度的教育、文化等支出，亦即
，各部會應勒緊褲帶，共體時艱、以撙節支出的具體行動，
來呼應賴總統對美方要求大幅增加國防支出的承諾。惟行政
院主計總處115年度預算案仍編列「按日按件計資酬金」2億
4,587萬6千元，增列1億9,301萬7千元，有鑑於近年最高執
行率均不超過95%，平均執行率為88%，為兌現賴總統對美方
的承諾，為配合國防支出大幅增加之影響而必須撙節經費，
爰凍結「業務費」預算50萬元，俟行政院主計總處向立法院
財政委員會提出書面報告後，始得動支。以避免有限之財政
資源閒置與浪費，而撙節之經費又可支援國防軍費的大幅增
加。",,,,,,,,,,115,主計總處,行政院,2026/5/6,陳玉珍|翁曉玲,賴士葆|劉書彬,5492,,,主計總處,,,1791364000,2026-06-13T14:59:36.472Z
11692,凍結,通過,,500000,"審計部於113年度中央政府總決算審核報告揭示，政府員額管理方面，機關正式人力缺額率由6.89%上升至9.60%，缺額數近2萬人，公務體系人才留用面臨挑戰。行政院主計總處一般行政人事費編列9億2,074萬元，員額共770人，含政務人員2人、法定編制人員504人、約聘僱人員245人、技工駕駛工友等人員。行政院主計總處自身人力結構中約聘僱人員比例偏高、缺額情形及主計專業人才招募留任策略，均攸關預算管考品質，允宜審視檢討。爰凍結第1目「一般行政」項下「基本行政工作維持」之「業務費」預算50萬元，俟行政院主計總處就主計人員缺額情形、約聘僱人員比例及專業人才招募留任策略，向立法院財政委員會提出書面報告後，始得動支。",,,,,,,,,,115,主計總處,行政院,2026/5/6,李彥秀,賴士葆|林德福,5493,,,一般行政,人事費,,920740000,2026-06-13T14:59:36.472Z
11693,凍結,通過,,50000,查115年度行政院主計總處預算案於第1目「一般行政」項下「基本行政工作維持」中「業務費」之「運費」編列14萬8千元。同機關預算案於114及113年度皆編列3萬8千元，惟三年度編列預算用途皆相同，115年度新增列11萬元，經費大幅增長，卻未見提高預算之合理說明。隨科技進步，應多透過雲端、無紙化的方式進行作業，故印刷及紙張等耗材經費亦應酌減。據此，基於撙節政府支出、提倡環境保護之原則，爰凍結該項預算5萬元，俟行政院主計總處向立法院財政委員會提出書面報告後，始得動支。,,,,,,,,,,115,主計總處,行政院,2026/5/6,王世堅,賴惠員|林岱樺,5494,,,一般行政,基本行政工作維持,業務費 > 運費,148000,2026-06-13T14:59:36.472Z
11694,凍結,通過,,531400,115年度行政院主計總處預算案於第2目「中央總預算核編及執行」編列531萬4千元，其中業務包含協助中央利用一般性補助款挹注直轄市及各縣市財源，惟在一般性補助款方面，一般性補助款由財政收支差短與定額設算項目修正為限經常、普及性、基本建設、維運、財政均衡等事項，且為正視離島地區因發展落後，亟需中央補助之現實情況，唯獨將離島縣中的金門縣提升為第二級。爰凍結該項預算十分之一，俟行政院主計總處提出離島縣一般性補助款編列檢討改善報告，向立法院財政委員會提出書面報告後，始得動支。,,,,,,,,,,115,主計總處,行政院,2026/5/6,賴士葆|林思銘|陳玉珍,,5495,,,中央總預算核編及執行,,,5314000,2026-06-13T14:59:36.472Z
11695,凍結,通過,,234300,"行政院主計總處職司中央政府總預算核編及執行，惟近年預算管考及審核機制卻存有下列問題：1.第二預備金動支覈實性不足：113年度動支第二預備金部分機關存有編列年度預算時估列未盡覈實或漏列(如財政部3國稅局發放證券交易稅及期貨交易稅代徵獎金合共動支3,257萬8千元、國有財產署動支6,567萬4千元)、動支後賸餘數或註銷數過多(如原住民族委員會花蓮震災部落旅遊振興計畫賸餘率達74.31%、內政部替代役訓練賸餘率62.24%)、全數或將近全數辦理保留(如交通部航港局船舶AIS計畫動支2,000萬元全數保留、文化部國立臺灣文學館計畫保留率98.29%)、連續以相同事由動支(如財政部臺北國稅局近5年有4年動支、國有財產署近4年連年動支）等情形，與各機關單位預算執行要點第31點規定未盡相符。2.中央補助地方結構大幅變動：115年度預算案計畫型補助款僅編列308.25億元，較114年度大幅減少2,145.7億元(減幅87.44%)，加上一般性補助款1,764.24億元改為申請制，合計達3,909.94億元，一定程度抵銷財政收支劃分法修正後分配予地方之影響。3.國外旅費編列情形：本分支計畫編列出席2026年OECD資深預算官員委員會年度會議及亞洲資深預算官員會議國外旅費46萬1千元，其具體效益應受檢視。爰凍結第2目「中央總預算核編及執行」項下「中央總預算之核編與執行」之「業務費」預算468萬6千元之二十分之一，俟行政院主計總處就第二預備金動支覈實性審核強化方案、115年度中央對地方補助款結構變動對地方財政穩定性之影響評估及OECD相關會議經費運用效益，向立法院財政委員會提出書面報告後，始得動支。",,,,,,,,,,115,主計總處,行政院,2026/5/6,李彥秀|賴士葆|林德福,,5496,,,中央總預算核編及執行,中央總預算之核編與執行,業務費,4686000,2026-06-13T14:59:36.472Z
11696,凍結,通過,,62800,"114年5月行政院主計總處逕自統刪地方一般性補助款，將原本總計為2,501億元的一般性補助款調降至1,865億元，減少636億元，減幅達25.43%；實際核定分配予地方政府之金額，則由2,329億元調降至1,693億元，各地方政府遭刪減比例，更是高達27.32%。其中行政院主計總處將一般性補助款之所以調减636億元，歸因於立法院刪減中央預算，連帶刪減了已核定之地方政府分配款項。然而立法院通案刪減決議係針對中央各機關及所屬之經費而為，一般性補助款為地方政府經費，而地方政府為憲法所保障之自治團體，並非中央機關或其所屬單位。因此，一般性補助款自始就不在通案刪減之範圍，行政院主計總處怎能逕自將其納入?有鑑於行政院主計總處逕自統刪地方一般性補助款達25%，嚴重影響地方基礎建設與施政。爰凍結第2目「中央總預算核編及執行」項下「地方政府主計業務之督導與查核」之「業務費」預算62萬8千元之十分之一，俟行政院主計總處向立法院財政委員會提出書面報告後，始得動支。",,,,,,,,,,115,主計總處,行政院,2026/5/6,劉書彬,林思銘|陳玉珍,5497,,,中央總預算核編及執行,地方政府主計業務之督導與查核,業務費,628000,2026-06-13T14:59:36.472Z
11697,凍結,通過,,62800,"行政院主計總處114年8月29日發布修正中央對直轄市及縣（市）政府補助辦法，修法程序卻存有下列違法疵累，漠視與曲解法令，致損及地方政府與民眾權益：1.違反行政程序法第154條規定未辦理草案預告：行政程序法第154條明定，行政機關擬訂法規命令前應於政府公報或新聞紙公告草案全文或主要內容；行政院復於112年10月23日函示各機關法規命令草案應至少預告60日。經查行政院主計總處歷次修正本補助辦法，101年12月28日、102年9月4日、105年1月4日修正發布時，均恪遵法令辦理草案預告（預告日分別為101年10月15日、102年5月6日、104年12月10日），朱澤民主計長106年3月22日任內亦依法預告。詎本次114年8月29日修正發布，行政院主計總處行政院公報系統查無任何草案預告紀錄，悖離行政院主計總處歷來遵循之依法預告前例。2.違反法令解釋之合理性：主計長114年10月22日於立法院財政委員會答詢時略以，本補助辦法不涉民眾權利義務故無須預告。惟本補助辦法攸關一般性補助款逾2,501億元及計畫型補助款之分配，以臺北市為例，教育局計畫型補助款原核定31.92億元即遭刪減12.4億元（減幅38.88%），包括國中小冷氣電費、144所學校冷氣機汰換、約80所學校資訊電腦教室更新等項目均受影響，範圍涵蓋學校教育、交通建設、公共安全、校園改善等攸關民眾日常生活之重大事項。依據司法院釋字第443號解釋理由書，斷難認本補助辦法僅為執行法律之細節性、技術性次要事項，自不得違反法律保留原則自降為不涉民眾權益之行政規則，行政院主計總處所為之法令定性，顯與中央法規標準法第7條及行政程序法第150條規定未盡相符。3.程序突襲違反民主正當性：行政院主計總處於114年6月3日函請縣市政府於同年6月6日前回復意見，僅給予3日回復期（不含例假日實為1日）；復於同年8月29日突襲發布修正條文；同年9月始召開意見宣導會議。此等時間安排與歷任主計長歷次修正辦法均留足夠徵詢期間之作法大相逕庭，程序顯屬瑕疵。爰凍結第2目「中央總預算核編及執行」項下「地方政府主計業務之督導與查核」之「業務費」預算62萬8千元之十分之一，俟行政院主計總處於1個月內向立法院財政委員會提出書面報告後，始得動支。俾督促行政院主計總處落實行政程序法相關規定，恪守法規命令預告程序，維護民眾權益與地方自治原則。",,,,,,,,,,115,主計總處,行政院,2026/5/6,李彥秀,賴士葆|林德福,5497,,,中央總預算核編及執行,地方政府主計業務之督導與查核,業務費,628000,2026-06-13T14:59:36.472Z
11698,凍結,通過,,31400,115年度行政院主計總處預算案於第2目「中央總預算核編及執行」項下「地方政府主計業務之督導與查核」編列62萬8千元，旨在落實地方預算管理制度，透過數據監測與專業研習，提升地方預算編製效能及財政透明度；同時建立災防經費支援機制，確保地方政府執行災害救助與復建之資金調度韌性。行政院主計總處辦理補助辦法修正時，僅給予地方政府極短意見回復期，且未經預告即逕行公告。儘管行政院主計總處主張該辦法僅為規範內部處理原則之非法規命令，然其法源依據及對地方財政之實質影響力，顯已跨越內部管理範疇，已違反行政程序法之虞。行政院主計總處應檢討法制作業流程，確保法規修正之透明度與周延性。爰凍結該項預算二十分之一，俟行政院主計總處於1個月內向立法院財政委員會提出書面報告後，始得動支。,,,,,,,,,,115,主計總處,行政院,2026/5/6,林德福|林思銘|顏寬恒,,5498,,,中央總預算核編及執行,地方政府主計業務之督導與查核,,628000,2026-06-13T14:59:36.472Z
11699,凍結,通過,,137450,115年度行政院主計總處預算案於第3目「特種基金預算核編及執行」編列274萬9千元，辦理特種基金預算之籌編、編印與執行經費。然而非營業特種基金固定資產建改擴計畫之整體執行率未及七成，且存在跨年度預算執行率持續低迷之慣性。另尚有8個非營業特種(分)基金仍保留109年度及以前年度預算。行政院主計總處應落實預算執行績效檢討，針對窒礙因素提出具體策進方案，以提升公帑使用效率。爰凍結該項預算二十分之一，俟行政院主計總處於3個月內向立法院財政委員會提出書面報告後，始得動支。,,,,,,,,,,115,主計總處,行政院,2026/5/6,林德福|林思銘|顏寬恒,,5499,,,特種基金預算核編及執行,,,2749000,2026-06-13T14:59:36.472Z
11700,凍結,通過,,137450,"經查行政院主計總處特種基金管理存有下列問題：1.特別收入基金高度仰賴公庫撥款：109至115年度中央政府特別收入基金接受公庫撥款收入總額均逾千億元，115年度受撥數1,332億餘元為7年來新高；行政院國家科學技術發展基金等7個(分)基金自111至115年度連續5年接受公庫撥補逾九成；113年度有10個(分)基金公庫撥款占比逾九成六，其中行政院國家科學技術發展基金達425.22億元(占比96.28%)，與預算法第4條及財政紀律法第8條特別收入基金應具備國庫撥補以外適足財源之意旨未盡相符。2.超支併決算金額成長：特別收入基金超支併決算金額由111年度283億餘元增至113年度298億餘元，其中農業特別收入基金(農業天然災害救助基金、農業發展基金產銷調節計畫)及金融監督管理基金同一業務計畫連續4及5年超支，允宜加強督促覈實編列。3.基金存續檢討不足：非營業特種基金單位數由109年度204個增至115年度237個，115年度支出規模達3.78兆元(占中央政府總預算歲出124.34%)，惟114及115年度尚無退場規劃。爰凍結第3目「特種基金預算核編及執行」項下「特種基金預算核編及執行」之「業務費」預算274萬9千元之二十分之一，俟行政院主計總處就特別收入基金高度仰賴公庫撥補之財源適當性檢討、連續4至5年超支併決算計畫之督促改善方案、非營業特種基金存續必要性之檢討，向立法院財政委員會提出書面報告後，始得動支。",,,,,,,,,,115,主計總處,行政院,2026/5/6,李彥秀|賴士葆|林德福,,5500,,,特種基金預算核編及執行,特種基金預算核編及執行,業務費,2749000,2026-06-13T14:59:36.472Z
11701,凍結,通過,,158600,"行政院主計總處為政府會計及決算業務主管機關，依預算法及決算法規定編製中央政府總決算暨附屬單位決算。依審計部113年度中央政府總決算審核報告揭示，各級政府未來或有給付責任合計達20兆6,490億元，規模驚人，主要項目包括：1.勞工保險未提存金額達13兆6,466億元；2.舊制軍公教退休金未來應負擔3兆2,356億元；3.公務人員退休撫卹基金未提撥退休金2兆9,194億元。上開20.6兆元之或有給付責任規模，已遠逾113年度中央政府總預算歲出2兆7,841億餘元之七倍，且逼近政府整體資產62兆8,896億餘元之三分之一，攸關國家長期財政韌性及世代正義。惟行政院主計總處編製之中央政府總決算及政府整體財務報告，對於上開或有給付責任之揭露內容，是否已符合IPSAS（國際公共部門會計準則）或OECD相關財務報導原則之完整性、透明性要求，仍有疑義。行政院主計總處於第4目「會計及決算業務」項下「會計事務處理及決算核編」之「業務費」編列317萬2千元，復於其他分支計畫編列多筆參與OECD國際會議國外旅費，惟國際經驗引進卻未反映於自身決算編製品質之改善。爰凍結該項預算二十分之一，俟行政院主計總處於3個月內向立法院財政委員會提出書面報告後，始得動支。俾督促行政院主計總處強化政府整體財務報告對未來或有給付責任之揭露方式及長期財政永續性分析。",,,,,,,,,,115,主計總處,行政院,2026/5/6,李彥秀|賴士葆|林德福,,5501,,,會計及決算業務,會計事務處理及決算核編,業務費,3172000,2026-06-13T14:59:36.472Z
11702,凍結,通過,,158600,115年度行政院主計總處預算案於第4目「會計及決算業務」編列317萬2千元，辦理審核各機關會計報告等會計事務之處理，核編114年度中央政府總決算暨附屬單位決算及綜計表，加強督導考核中央政府各機關及各特種基金會計制度之實施狀況。然而非營業特種基金固定資產建改擴計畫之整體執行率未及七成，且存在跨年度預算執行率持續低迷之慣性。另尚有8個非營業特種(分)基金仍保留109年度及以前年度預算。行政院主計總處未善盡督導之義務，應落實預算執行績效檢討，針對窒礙因素提出具體策進方案，以提升預算執行效能。爰凍結該項預算二十分之一，俟行政院主計總處於3個月內向立法院財政委員會提出書面報告後，始得動支。,,,,,,,,,,115,主計總處,行政院,2026/5/6,林德福|林思銘|顏寬恒,,5502,,,會計及決算業務,,,3172000,2026-06-13T14:59:36.472Z
11703,凍結,通過,,1354100,"115年度行政院主計總處預算案於第5目「綜合統計業務」編列2,708萬2千元，旨在建構國家級統計監測機制，範圍囊括總體經濟指標（如國民所得、資源供需、物價指數）及社會民生調查（如家庭收支、社會指標）。透過統計標準化與資訊服務化，提供精準數據基礎，以完備政府施政與產業分析之量化依據。鑑於現行家戶可支配所得五等分位差距倍數，與社會大眾對於薪資分配不均擴大之觀感存在落差，行政院主計總處應正視統計數據之敏感度問題。考量自103年起家庭收支調查樣本規模長期凍結，難以精確捕捉家戶結構變遷，行政院主計總處應評估增擴樣本之可行性，並優化抽樣設計，以維繫統計數據之代表性與公信力。爰凍結該項預算二十分之一，俟行政院主計總處於2個月內向立法院財政委員會提出書面報告後，始得動支。",,,,,,,,,,115,主計總處,行政院,2026/5/6,林德福|林思銘|顏寬恒,,5503,,,綜合統計業務,,,27082000,2026-06-13T14:59:36.472Z
11704,凍結,通過,,632600,"115年度行政院主計總處預算案於第5目「綜合統計業務」項下「辦理綜合統計」之「業務費」編列1,265萬2千元，係辦理綜合統計經費。鑑於行政院主計總處發布之消費者物價指數（CPI）權數結構長期未能精準反映民眾實際生活負擔，尤其外食費與居住成本持續高漲，然現行CPI統計之權重分配與基層民眾（如外食族、租屋族）實際支出結構存在顯著落差，以致官方統計與民間體感嚴重脫節。爰凍結該項預算二十分之一，俟行政院主計總處研提精進體感物價統計與CPI權數彈性調整方案，向立法院財政委員會提出書面報告後，始得動支。",,,,,,,,,,115,主計總處,行政院,2026/5/6,林德福|羅明才|林思銘,,5504,,,綜合統計業務,辦理綜合統計,業務費,12652000,2026-06-13T14:59:36.472Z
11705,凍結,通過,,631950,"行政院主計總處辦理家庭收支統計存有下列問題：1.所得分配統計指標不一致：我國101至113年度家戶可支配所得五等分位倍數僅由6.13倍微幅變動至6.14倍，幾無變動，惟同期間可支配所得中位數占平均數比率由87.45%下降至84.55%(下降2.9個百分點)，兩項指標呈現不一致；依行政院主計總處114年6月工業及服務業薪資統計顯示，近6年每人每月經常性薪資低於平均數之比率由66.75%逐年擴大至69.81%，與五等分位倍數幾無變動之結論恐有落差，亦與外界認為我國薪資所得分配不均有擴大趨勢之認知未盡相符。2.抽樣樣本11年未調整：家庭收支調查樣本戶數自103年度以來維持1萬6,528戶達11年，惟103至113年度母體戶數由829萬戶增至926萬2,020戶(增幅11.73%)，抽出率由2.0‰降為1.8‰；其中桃園市母體戶數增幅達26.48%，抽出率由2.0‰降為1.6‰；可支配所得變異係數1.6%至1.9%為第六期(84年度)以來最高。是以，本分支計畫編列1,263萬9千元，其中按日按件計資酬金(含訪查交通費、審核費、記帳戶交通文具費等)即達689萬9千元，惟樣本數未配合家戶數成長擴大，經費運用效益有限。爰凍結第5目「綜合統計業務」項下「辦理家庭收支統計」之「業務費」預算1,263萬9千元之二十分之一，俟行政院主計總處就家戶所得分配統計指標多元化揭露方案(含中位數薪資統計)，及擴大家庭收支調查樣本可行性與精進抽樣作業之具體規劃，向立法院財政委員會提出書面報告後，始得動支。",,,,,,,,,,115,主計總處,行政院,2026/5/6,李彥秀|賴士葆|林德福,,5505,,,綜合統計業務,辦理家庭收支統計,業務費,12639000,2026-06-13T14:59:36.472Z
11706,凍結,通過,,631950,"115年度行政院主計總處預算案於第5目「綜合統計業務」
項下「辦理家庭收支統計」之「業務費」編列1,263萬9千
元，係辦理家庭收支統計經費。鑑於自101年度以來我國
家戶可支配所得平均數之成長幅度較中位數快，中位數占
平均數之比率呈下降趨勢，顯示所得分配不均程度有擴大
跡象；惟若以可支配所得五等分位倍數觀之，我國所得分
配幾無變動，兩者呈現結果未盡一致，亦與外界普遍認為
我國薪資所得分配不均有擴大趨勢存有顯著落差，恐致政
府施政因數據偏誤而與民情認知脫節，不利政策精準規劃
與推行。爰凍結該項預算二十分之一，俟行政院主計總處
提出檢討改善報告，精進所得分配統計，並向立法院財政
委員會提出書面報告後，始得動支。",,,,,,,,,,115,主計總處,行政院,2026/5/6,林德福|羅明才|林思銘,,5505,,,綜合統計業務,辦理家庭收支統計,業務費,12639000,2026-06-13T14:59:36.472Z
11707,凍結,通過,,1000000,"115年度行政院主計總處編列2億9,476萬1千元，辦理五年一次農林漁牧業普查，其仍高度仰賴傳統實地派員訪查與紙本作業。然農業部近年已建置完善之農民福利資料管理系統、農糧產品產銷履歷暨環境補貼與驗證補助系統及各項農業補貼名冊，具備龐大數據；且行政院主計總處已有自主網路填報系統，實無派員實地訪查之必須。行政院主計總處辦理五年一次之普查，未能有效串接、整併農業部既有之大數據資料，導致調查項目疊床架屋，不僅浪費龐大行政量能，更徒增受訪農民與基層調查員之負擔。為促使政府調查業務數位轉型。爰凍結第6目「國勢普查業務」項下「辦理農林漁牧業普查」預算100萬元，俟行政院主計總處會同農業部向立法院財政委員會提出農林漁業跨部會資料庫串接方案，與提升自主網路填報系統使用率之書面報告後，始得動支。",,,,,,,,,,115,主計總處,行政院,2026/5/6,劉書彬,林思銘|陳玉珍,5506,,,國勢普查業務,辦理農林漁牧業普查,,294761000,2026-06-13T14:59:36.472Z
11708,凍結,通過,,1000000,"115年度行政院主計總處於第6目「國勢普查業務」項下「辦理工業及服務業普查」編列3,293萬9千元，較114年度預算數增加2,898萬3千元，主要用途為115年工業及服務業普查前置作業及第2次試驗調查。經查：1.本案屬普查前置階段，尚未進入正式實地普查年度，主要項目包括網路填報系統及普查資料處理系統服務費290萬元、試驗調查及抽樣調查對象判定酬勞費780萬5千元、物品及表件製作費2,057萬5千元等。惟編列規模較114年度成長逾八倍，編列合理性及支用時程規劃均應予檢視。2.製作贈送受訪廠商填表紀念品375萬元一項，占本分支計畫總額逾一成，其必要性、品項選擇及單價合理性有待說明。另海報、布幔等費用及雜支亦編列563萬3千元，編列細目及單價標準應具體揭露。3.依立法院預算中心近年對各機關普查業務之評估報告指出，各項普查應加強運用政府既有行政資料(如稅籍資料、勞保資料等)以降低抽樣調查成本，惟行政院主計總處就普查業務與政府既有資料之整合運用規劃，迄未見具體進展。爰凍結該項預算100萬元，俟行政院主計總處就115年工業及服務業普查前置作業經費編列細目及合理性說明、贈送受訪廠商紀念品等項目之必要性檢討，以及與政府既有行政資料整合運用之規劃，向立法院財政委員會提出書面報告後，始得動支。",,,,,,,,,,115,主計總處,行政院,2026/5/6,李彥秀|賴士葆|林德福,,5507,,,國勢普查業務,辦理工業及服務業普查,,32939000,2026-06-13T14:59:36.472Z
11709,凍結,通過,,1000000,"115年度行政院主計總處預算案於第6目「國勢普查業務」項下「辦理工業及服務業普查」編列3,293萬9千元。經查，本項預算較114年度大幅增加2,898萬5千元，增幅達7.33倍。行政院主計總處雖說明係因115年度進入普查準備期之故，然縱與110年度同屬普查準備期之經費對比，亦存有明顯不合理之膨脹。110年度辦理準備時宣導及物品製作與填表紀念品合計僅620萬元；然115年度同類項目竟高達938萬3千元，增幅達51.3%，顯見預算編列與實際需求成長不成比例。此外，行政院主計總處近年積極推動數位轉型，115年度已另編列數位教材製作經費。按理實體宣導物應隨數位化普及而減少支出，然本案海報、布幔等傳統宣導費用竟不減反增。在推廣數位填報之背景下，傳統與數位經費疊床架屋，未能體現行政效率提升所應帶來之節流成效。鑑於本案涉及全國性大型普查之公帑運用效率，行政院主計總處應針對紀念品採購單價與實體宣導物之必要性提出說明。在行政院主計總處提供完整明細資料前，難以確認其編列之合理性。爰凍結該項預算100萬元，俟行政院主計總處於3個月內向立法院財政委員會針對紀念品採購與實體宣導物之必要性提出書面報告後，始得動支。",,,,,,,,,,115,主計總處,行政院,2026/5/6,賴惠員,吳秉叡|林岱樺,5507,,,國勢普查業務,辦理工業及服務業普查,,32939000,2026-06-13T14:59:36.472Z
11710,凍結,通過,,1000000,"115年度行政院主計總處於第6目「國勢普查業務」項下「人力資源及專案調查」編列4,156萬5千元，按月辦理人力資源調查及其附帶專案調查。經查：1.所得分配呈現方式之檢討：113年度審計部中央政府總決算審核報告(21項專案查核第7項「政府改善所得分配相關措施執行情形」)明確指出，五等分位所得差距6.12倍，分配不均未見明顯改善；近七成員工薪資低於平均數且比例逐年增加；部分上市櫃公司獲利未反映於員工加薪，分配正義仍存落差。行政院主計總處為人力資源及薪資統計之主管機關，調查產出之統計數據如過度側重平均數而未充分揭露中位數、低所得組占比等分布指標，恐使所得分配惡化之事實未能完整呈現於公共政策討論。2.委外研究與實際應用之連結：本分支計畫編列委託辦理人力資源調查抽樣方法之研究100萬元，惟該研究成果與實際調查設計、統計指標發布方式之連結規劃，尚未見具體說明。3.按日按件計資酬金占分支計畫逾六成：本分支計畫內按日按件計資酬金達2,703萬2千元(占65.04%)，其中人力資源調查訪查費、審核費、複查費等2,538萬5千元，近年調查人員培訓、品質管控及受訪戶合作率變化情形，應予檢視。爰凍結該項預算100萬元，俟行政院主計總處就統計指標揭露多元化改善方案(含中位數薪資、所得分位組別占比等)、委外研究成果與實際調查之連結規劃、調查人員酬金編列合理性，向立法院財政委員會提出書面報告後，始得動支。",,,,,,,,,,115,主計總處,行政院,2026/5/6,賴惠員,吳秉叡|林岱樺,5508,,,國勢普查業務,人力資源及專案調查,,41565000,2026-06-13T14:59:36.472Z
11711,凍結,通過,,1000000,"115年度行政院主計總處主計資訊業務編列1億4,876萬4千元，其中資訊系統維運管理即編列7,290萬5千元，分支計畫內資訊服務費6,254萬元內含資安專案經費2,989萬元(全數為資通安全經費)，占比逾四成。惟依據審計部113年度中央政府總決算審核報告：1.政府資安專職人員配置方面，逾五成機關未設資訊單位，僅5.29%專職人員符合領取加給條件，資安人才嚴重不足；2.政府推動數位轉型方面，政府資料開放平臺搜尋功能欠佳，AI輔助系統訓練資料不全。再者，人工智慧基本法於115年1月施行後，如何銜接法令，建構人工智慧安全應用環境，抑或達資料開放、共享及再利用之目標，均有待具體落實。行政院主計總處為主計資訊系統之主管機關，編列鉅額資訊經費及資安專案經費，其自身資安人力配置是否符合其對各機關之要求標準、資安專案經費執行成效、與其他機關系統整合共享規劃等，均應受檢視。爰凍結第8目「主計資訊業務」項下「資訊系統維運管理」之「業務費」預算100萬元，俟行政院主計總處就自身資安人力配置及資安防護經費執行成效，以及主計資訊系統與其他機關系統之整合共享規劃，向立法院財政委員會提出書面報告後，始得動支。",,,,,,,,,,115,主計總處,行政院,2026/5/6,李彥秀|賴士葆|林德福,,5509,,,主計資訊業務,資訊系統維運管理,業務費,148764000,2026-06-13T14:59:36.472Z
11712,凍結,通過,,1000000,"115年度行政院主計總處「其他設備」編列1億7,716萬元，其中資訊軟硬體設備費1億7,572萬6千元，用於辦理中央與地方歲計會計系統、國勢普查及統計調查系統、行政事務資訊系統、經費結報及薪資管理系統等功能開發及維運(合計系統建置9,826萬7千元)，以及汰購電腦、印表機及維運平台硬體設備(5,314萬元)、購置維運平台及資安軟體等(2,431萬9千元）。惟審計部於113年度中央政府總決算審核報告指出，政府推動數位轉型方面，政府資料開放平臺搜尋功能欠佳，AI輔助系統訓練資料不全；各機關系統建置缺乏整合規劃，存有重複建置情形。行政院主計總處既大量投入資訊設備建置，且為政府統計資料主管機關，政府統計資料標準化及跨域應用之推動成效、近3年資訊軟硬體設備之投資效益評估、各資訊系統使用率及功能重複建置檢討機制，均應受檢視。爰凍結第9目「一般建築及設備」第3節「其他設備」項下「設備及投資」中「設備及投資」之「資訊軟硬體設備費」預算100萬元，俟行政院主計總處就近3年資訊軟硬體設備投資效益評估、系統重複建置檢討及政府統計資料標準化與開放資料品質提升方案，向立法院財政委員會提出書面報告後，始得動支。",,,,,,,,,,115,主計總處,行政院,2026/5/6,李彥秀|賴士葆|林德福,,5510,,,其他設備,,,177160000,2026-06-13T14:59:36.472Z
11713,主決議,通過,,,行政院主計總處每年編列高額OECD國際會議交流業務費派員赴海外與會。然我國目前並非OECD經濟合作暨發展組織之正式會員國，相關參與多屬外圍交流或旁聽性質。歷年來行政院主計總處派員出國之考察報告，多為國外公開資料之翻譯與數據彙整，缺乏針對我國特殊經貿外交處境提出具體、可落地執行之預算或統計政策建言。出國交流預算顯然效益不彰、流於形式。行政院主計總處本應透過跨部會橫向聯繫，由經濟部取得相關會議資料即可。行政院主計總處另行編列專屬之OECD國際會議交流業務費親自派員前往，不僅有疊床架屋、資源重複投入之嫌，亦不符行政院一再強調之部會資源整合原則。另隨著全球數位轉型及網路視訊技術之普及，眾多國際組織與經貿論壇早已提供線上參與或視訊會議之選項。行政院主計總處身為掌控國家歲計大政與預算編列之最高機關，理應以身作則，帶頭落實節能減碳及預算撙節之原則。對於非必要實體出席之國際會議，應優先採用線上視訊方式參與，以大幅降低國際機票、食宿等差旅開銷。然115年度OECD國際會議交流業務費仍依循往例編列高額實體出國旅費，顯見其預算編製思維僵化，未能與時俱進。為撙節國家公帑，避免出國預算淪為機關福利，請行政院主計總處向立法院財政委員會提出書面報告說明。,,,,,,,,,,115,主計總處,行政院,2026/5/6,劉書彬,林思銘|陳玉珍,,,,,,,,2026-06-13T14:59:36.472Z
11714,主決議,通過,,,"115年度行政院主計總處預算案於「一般行政」編列9億7,024萬7千元，惟「基本行政工作維持」項下之「一般事務費」較114年度增加476萬餘元，觀其說明欄之文字，又與114年度高度雷同，基於國家財政經費宜撙節使用下，爰請行政院主計總處向立法院財政委員會提出書面報告。",,,,,,,,,,115,主計總處,行政院,2026/5/6,賴士葆|林思銘|陳玉珍,,5471,,,一般行政,,,930059000,2026-06-13T14:59:36.472Z
11715,主決議,通過,,,"115年度行政院主計總處預算案於第1目「一般行政」項下「基本行政工作維持」編列4,721萬7千元，較114年度增列661萬3千元，主要用於行政庶務處理及委外人力支應。然相關新增經費使用計畫及效益評估尚需更為明確，為確保經費運用妥適並避免重複編列支出。爰請行政院主計總處就新增委外人力及庶務經費之必要性、效益評估，向立法院財政委員會提出書面報告。",,,,,,,,,,115,主計總處,行政院,2026/5/6,李坤城|賴惠員|林岱樺,,5512,,,一般行政,基本行政工作維持,,47217000,2026-06-13T14:59:36.472Z
11716,主決議,通過,,,為補強傳統GDP衡量經濟永續性之不足，及反映日益嚴峻之全球環境風險，我國乃參採聯合國SEEA編製綠色國民所得帳，惟現行綠色國民所得帳編製報告未能允當反映環境外部成本且已於113年停刊。然依據預算法第二章「預算之籌劃及擬編」第29條規定：「行政院應編製國富統計、綠色國民所得帳及關於稅式支出、移轉性支付之報告。前項報告內容應於政府網站公開。」及行政院主計總處組織法第2條規定：「總處掌理下列事項：…。五、國民所得、總資源供需估測、產業關聯、物價、社會指標、綠色國民所得統計之編布、分析及提供。…。」準此，行政院應以報告型態編製綠色國民所得帳編製報告，以提供環境資源變化資訊，並作為預算籌劃及擬編之參據。為俾益國家永續發展，並要求行政院主計總處於3個月內向立法院財政委員會提出我國綠色國民所得帳編製書面報告。,,,,,,,,,,115,主計總處,行政院,2026/5/6,陳玉珍|翁曉玲,賴士葆|劉書彬,,,,,,,,2026-06-13T14:59:36.472Z
11717,主決議,通過,,,"115年度行政院主計總處預算案於第6目「國勢普查業務」編列4億2,261萬3千元，較114年度之1億1,611萬1千元大幅增加，增列金額達3億0,650萬2千元，增幅顯著。雖國勢普查屬國家長期規劃之重大業務，涉及人口、家庭、產業等統計基礎資料蒐集，確有辦理必要，但本次增列金額過於龐大，爰要求行政院主計總處提出詳細說明，釐清新增支用項目的合理性與必要性，以確保支出符合效益原則。爰請行政院主計總處向立法院財政委員會提出具體書面報告。",,,,,,,,,,115,主計總處,行政院,2026/5/6,李坤城|賴惠員|林岱樺,,5513,,,國勢普查業務,,,422613000,2026-06-13T14:59:36.472Z
11718,主決議,通過,,,"115年度行政院主計總處預算案於第7目「主計訓練業務」編列1,846萬5千元，用於辦理主計人員基礎訓練、養成訓練、幹部培育班、領導研究班，及稽核理論與實務、內部稽核、公務預算、政府會計、會計實務、統計應用分析等專業研習班。惟鑑於總體政府員額管理，機關正式人力缺額率由6.89%上升至9.60%，缺額數近2萬人。於員額缺補困難、人才競爭激烈之今日，主計人員訓練業務是否能有效提升留才誘因、訓練內容是否與時俱進以因應數位治理及AI趨勢、各類研習班開班情形及受訓人次，均攸關主計體系之整體專業品質，允宜檢視。另115年度預算案數較114年度增加135萬8千元，主要係約用人員酬金、清潔警衛勤務人力勞務委外費用等增加，其編列合理性及成本效益亦應受檢視。爰請行政院主計總處就主計人員訓練體系之檢討、與留才策略之銜接及115年度增列經費項目之合理性，向立法院財政委員會提出書面報告。",,,,,,,,,,115,主計總處,行政院,2026/5/6,李彥秀|賴士葆|林德福,,5514,,,主計訓練業務,,,18465000,2026-06-13T14:59:36.472Z
11719,主決議,通過,,,"115年度行政院主計總處預算案於第8目「主計資訊業務」編列1億4,876萬4千元，較114年度增加217萬9千元，整體支用持續成長。鑑於行政部門整體預算應以撙節支出、提升效能為原則，避免資訊系統建置與維運經費重複編列。爰請行政院主計總處向立法院財政委員會提出書面報告。",,,,,,,,,,115,主計總處,行政院,2026/5/6,李坤城|賴惠員|林岱樺,,5515,,,主計資訊業務,,,148764000,2026-06-13T14:59:36.472Z
11720,主決議,通過,,,114年第三季經濟成長率達8.21%，全年預估達7.37%創下15年來新高，且人均GDP預計於115年首度突破4萬美元，帳面數據極為亮眼。然而強勁成長高度仰賴AI及ICT產業出口，傳統產業與內需服務業表現疲軟，呈現K型發展之趨勢。此外，少子化導致人口分母縮小，恐虛增人均所得之表象，掩蓋扶養比上升及勞動力短缺之實質國安危機。鑑此，為避免政府過度解讀平均數指標而忽視社會分配不均與長期之結構風險，請行政院主計總處針對人均GDP成長紅利分配之公平性評估與人口崩塌對長期經濟韌性之衝擊預測，於2個月內向立法院財政委員會提出書面報告。,,,,,,,,,,115,主計總處,行政院,2026/5/6,王世堅,賴惠員|林岱樺,,,,,,,,2026-06-13T14:59:36.472Z
11721,主決議,通過,,,"查115年1及2月消費者物價指數(CPI)房租年增率雖回落至2%以下，然房租指數仍持續走升。現行行政院主計總處之租金統計樣本僅約1,480份，對比全台約300萬租屋人口，代表性顯有不足；且與内政部掌握之71萬7,000筆租約資料及臺北市每月約5,000筆之實價登錄統計相比，行政院主計總處數據明顯偏低且緩滯，恐有低估實際通膨之虞。鑑此，為使CPI數據能精確反映民眾生活成本並作為政策擬定依據，請行政院主計總處針對房租指數統計樣本擴充計畫、與內政部數據對接可行性，及調整房租占CPI權重之必要性，於2個月內向立法院財政委員會提出書面報告。",,,,,,,,,,115,主計總處,行政院,2026/5/6,王世堅,賴惠員|林岱樺,,,,,,,,2026-06-13T14:59:36.472Z
11722,主決議,通過,,,近年臺灣極端氣候頻仍，地震、颱風及豪雨災害對人民生命財產及基礎設施造成重大衝擊。現行救災財源包含地方災防準備金、中央預備金及災害準備金，依法地方須編列不低於歲出1%，然中央災害準備金過去長期僅20億元，近年雖提高至50億元，惟占總預算逾3兆元之比率僅約0.16%，與地方負擔標準顯不對等。另依災防白皮書，各部會每年編列約400至500億元防災經費，多用於防災及治水，災害發生時仍須挪用支應救助與補助，易產生排擠效應並影響既有業務。近年亦屢屢須追加特別預算，顯示災害準備金規模不足。為強化災後即時救助與復原能力，中央應建立更具彈性且充足之財源機制，爰請行政院主計總處會同相關部會，檢討中央災害準備金編列機制，研議設定合理下限或占比，並評估提高規模之可行性，於2個月內向立法院財政委員會提出書面報告。,,,,,,,,,,115,主計總處,行政院,2026/5/6,郭國文,王世堅|李坤城,,,,,,,,2026-06-13T14:59:36.472Z
11723,主決議,通過,,,近年中央推動多元籌資成效有限，依審計部報告非營業特種基金發行永續發展債券進度落後，歷經2年多僅於115年1月發行4億元。反觀地方政府近2年積極發債，臺北市5檔123億元、桃園4檔60億元、高雄6檔101億元，合計15檔284億元，中央同期期僅1檔4億元，差距明顯。在財政壓力及預算缺口擴大下，各機關仍多仰賴傳統預算或金融機構融資，對多元籌資工具運用保守，影響財政調度彈性與資源配置效率。現行制度雖具相關工具，惟誘因與推動機制仍有不足，亟待檢討精進。爰請行政院主計總處配合財政部推動永續發展債券及相關融資工具，以提升整體財政調度彈性。,,,,,,,,,,115,主計總處,行政院,2026/5/6,郭國文,王世堅|李坤城,,,,,,,,2026-06-13T14:59:36.472Z
11724,主決議,通過,,,115年度中央政府總預算審議時程延宕，影響年度施政推動及預算執行。依過往經驗，總預算未能於會期內完成審查，往往延至年中甚至更晚，致各機關年度計畫及重大公共建設推動受限，影響整體預算執行率。預算執行率如因審議延宕而受影響，除關係當年度施政成效外，亦可能影響後續年度預算編列；倘未區分制度性因素，恐損及預算編列之合理性與政策延續性。現行評估多以年度結果為主，尚缺乏納入審議時程因素之機制。另軍公教待遇調整涉及經費龐大，並牽動中央與地方財政分擔，亦應預為規劃。爰請行政院主計總處會同審計部及相關機關：1.預為評估115年度中央政府總預算審議延宕，對年度預算執行率及施政成效可能造成之影響，並研擬因應措施。2.研議建立更具彈性之預算執行評估機制，於評估執行率時納入預算審議時程因素，避免影響後續年度預算編列之合理性。3.就軍公教待遇調整之經費需求規模及中央與地方分擔原則，預為規劃相關財政配套；並於2個月內向立法院財政委員會提出書面報告。,,,,,,,,,,115,主計總處,行政院,2026/5/6,郭國文,王世堅|李坤城,,,,,,,,2026-06-13T14:59:36.472Z
11725,主決議,通過,,,"參考立法院預算中心評估報告，113年度特別收入(分)
基金共計55個單位(26個附屬單位預算及29個分預算)，
其中有20個(分)基金接受公庫撥補收入，且有10個(分)
基金高度仰賴國庫財源者(公庫撥款占比逾九成)。鑑於
政府每年補助特別收入基金金額龐鉅且呈成長趨勢，且
115年度預算案有10個(分)基金高度仰賴國庫撥款收入
，尚乏其他特定收入之適足財源，不僅與特別收入基金
收支獨立及自給自足原則未盡相符，且該10個(分)基金
於112至115年度間受撥補收入逾半數呈概增趨勢，恐影
響政府其他重要施政計畫，加重財政負擔。另觀察整體
非營業特種基金餘絀情形，每年度皆賸餘千億元以上，
然實際繳庫比率平均不到20%，顯見基金收益無有效回
饋政府，但政府仍需每年撥補千億元以上預算維持部分
基金運作，一來一往恐持續造成政府資源流失。請行政
院主計總處加強督促政府對於整體基金之預算撥補及合
理性進行檢討及改善建議，於4個月內向立法院財政委員會提出書面報告。",,,,,,,,,,115,主計總處,行政院,2026/5/6,李坤城|吳秉叡|賴惠員,,,,,,,,,2026-06-13T14:59:36.472Z
11727,主決議,通過,,,行政院主計總處最新預估顯示，114年我國超額儲蓄將達4.79兆元，115年更將突破5兆元，創下歷史新高，雖然出口受AI產業帶動而大幅成長，投資動能亦有上修，但仍趕不上出口擴張的速度，導致資金閒置現象加劇，恐不利長期經濟發展；爰請行政院主計總處於2個月內提出書面報告，就超額儲蓄上升原因、投資與出口落差影響、資金閒置之風險，以及提升投資效益與資金活化的政策建議，提出具體分析與對策之書面報告，並送交立法院財政委員會。,,,,,,,,,,115,主計總處,行政院,2026/5/6,李坤城|賴惠員|林岱樺,,,,,,,,,2026-06-13T14:59:36.472Z
11728,主決議,通過,,,近年台灣家庭財富差距已擴大至66.9倍，反映財富高度集中化之趨勢，社會各界對財富分配公平性日益關注。然而，行政院主計總處規劃家庭財富分配統計每四年才公布一次，下次須等到117年公布114年的數據，未能即時反映財富結構變化。當前全球AI與數位金融快速發展，市場財富累積速度與型態變動加劇，若統計資訊滯後，將不利於政府研擬稅制改革、社會政策與財富重分配措施。爰建請行政院主計總處於2個月內向立法院財政委員會提出書面報告，檢視現行財富分配統計發布時間能否縮短，並提出具體改善方案。,,,,,,,,,,115,主計總處,行政院,2026/5/6,李坤城|賴惠員|林岱樺,,,,,,,,,2026-06-13T14:59:36.472Z
11729,主決議,通過,,,為減少紙本使用及運送至各立委研究室之成本浪費，並積極配合2050淨零排碳政策，推動政府部門落實減碳、節能及綠色數位轉型，中央政府總預算案應研議朝向全面數位化發展。紙張製造與運輸過程均涉及大量能源消耗與碳排放，若能透過電子化方式取代傳統紙本，將可有效降低資源浪費，減少碳足跡，並符合循環經濟及環境永續發展精神。爰請行政院主計總處研議從117年度預算案開始以電子化方式取代紙本預算書，並於2個月內向立法院財政委員會提出書面報告。,,,,,,,,,,115,主計總處,行政院,2026/5/6,李坤城|賴惠員|林岱樺,,,,,,,,,2026-06-13T14:59:36.472Z
11730,主決議,通過,,,行政院主計總處公布115年2月失業率為3.32%，較1月3.29%略高，惟受台美對等關稅影響，未來對就業市場與產業鏈之衝擊仍具不確定性，爰建請行政院主計總處持續追蹤關稅政策後續對國內就業及失業之實質影響，並於2個月內向立法院財政委員會提出書面報告。,,,,,,,,,,115,主計總處,行政院,2026/5/6,李坤城|賴惠員|林岱樺,,,,,,,,,2026-06-13T14:59:36.472Z
11731,主決議,通過,,,鑑於消費者物價指數為政府觀察通膨與中央銀行制定利率政策之重要依據，然現行編製方式卻存在偏差，導致統計數字與民眾實際感受落差甚大。據行政院主計總處每月至少購買一次物價指數顯示，其漲幅自110年以來長期高於總體CPI，凸顯基層民眾與低所得家庭、租屋族群及高齡族群感受之通膨痛苦程度，遠超統計數字。所以現行CPI編製方式是否足以真實反映物價變動，已引發廣泛質疑。爰請行政院主計總處就CPI編製方法、各項權重設計與民眾實際生活支出差距，提出書面報告，並比較家庭收支調查及每月至少購買一次物價指數等替代指標之差異，於2個月內送交立法院財政委員會，以確保消費者物價指數統計能真實反映社會經濟現況。,,,,,,,,,,115,主計總處,行政院,2026/5/6,李坤城|賴惠員|林岱樺,,,,,,,,,2026-06-13T14:59:36.472Z
11732,主決議,通過,,,近期國際駭客組織NoName057多次對我國政府單位與關鍵基礎設施發動攻擊，行政院主計總處亦遭受波及，資安威脅日益嚴峻，雖然政府已有一定防護措施，但仍會出現短暫癱瘓或服務中斷情形，恐影響統計數據發布與政府決策運作，爰請行政院主計總處加強資安防護能量，建置自動化監測與即時防禦機制，提升跨部會資安協同應變能力，以確保資訊服務不中斷，並於2個月內向立法院財政委員會提出書面報告。,,,,,,,,,,115,主計總處,行政院,2026/5/6,李坤城|賴惠員|林岱樺,,,,,,,,,2026-06-13T14:59:36.472Z
11733,主決議,通過,,,"鑑於115年度各級政府支出淨額對GDP比率尚較114年度增加，地方政府宜提高支出運用效益與優先減債及強化債務控管，以提升政府整體財政韌性。另115年度地方政府所獲中央統籌分配稅款增加4,165億元，地方自治事權與補助項目必須調整，多項改編列一般性補助款之計畫亦有改變，允應妥適與地方政府溝通。爰請行政院主計總處於2個月內向立法院財政委員會提出書面報告。",,,,,,,,,,115,主計總處,行政院,2026/5/6,李坤城|賴惠員|林岱樺,,,,,,,,,2026-06-13T14:59:36.472Z
11734,主決議,通過,,,"針對行政院主計總處115年度「綜合統計業務」預算編列2,708萬2千元。鑑於我國家庭收支調查之指標與抽樣設計長期僵化，未能精準反映所得分配不均惡化之社會現狀；且現行調查對原住民族群之樣本代表性不足，難以釐清少數族群經濟弱勢之結構性問題。為確保國家統計之信實度與族群正義，行政院主計總處應針對所得分配統計指標精進、擴大調查樣本數及強化原住民族所得分配專案分析，於3個月內向立法院財政委員會提出書面報告。",,,,,,,,,,115,主計總處,行政院,2026/5/6,王世堅|賴惠員|林岱樺|伍麗華,,5503,,,綜合統計業務,,,27082000,2026-06-13T14:59:36.472Z
11735,主決議,通過,,,"鑑於行政院主計總處辦理會計及決算業務存有下列問題：1.非營業特種基金固定資產建設改良擴充計畫執行率偏低：113年度整體執行率僅67.54%，未達七成。其中國軍生產及服務作業基金、國立空中大學、行政院國家科學技術發展基金等15個基金連續3或4年執行率未達八成，更有國立空中大學(33.04%)、國立文化機構作業基金(32.64%)及行政院國家科學技術發展基金(28.47%)等3基金連續4年未達四成；保留數為424億5,155萬7千元(占可用預算數25.71%)，其中尚有8個基金保留109年度及以前年度預算合計9億5,570萬4千元，民航事業作業基金、樂生療養院分基金、國立歷史博物館作業基金保留金額皆逾1.2億元。2.作業基金逾六成短絀：113年度中央政府76個作業基金中46個發生短絀(占比逾六成)，短絀金額合計181.45億元，主要包括營建建設基金(短絀77.04億元)、36個國立大學校務基金(短絀36.96億元)、水資源作業基金(短絀22.55億元)等，與附屬單位預算執行要點第4點第3項作業基金應本財務自給自足原則之規定未盡相符。3.特別收入基金由餘轉絀：研發及產業訓儲替代役基金自112年度起由餘轉絀；促進轉型正義基金、警察消防海巡移民空勤人員及協勤民力安全基金、航港建設基金自113年度起由餘轉絀。行政院主計總處依預算法第66條規定得隨時派員赴各機關實地調查，亦為辦理會計決算業務之主管機關。是為提升各機關及特種基金預算執行效能與財務健全度，行政院主計總處應就非營業特種基金固定資產建設改良擴充計畫執行率偏低之督促改善方案、作業基金短絀改善督促方案，以及109年度及以前年度保留預算之執行進度，向立法院財政委員會提出書面報告，以強化會計及決算業務之管考功能。",,,,,,,,,,115,主計總處,行政院,2026/5/6,李彥秀|賴士葆|林德福,,,,,,,,,2026-06-13T14:59:36.472Z
11736,主決議,通過,,,有鑑於政府委辦計畫逐年增多，委辦費已成為業務費中之重要用途別科目，以115年度委辦費編列高達743億餘元，占業務費之比率14.95%，其中有6個主管部會之委辦費占業務費比率介於63%至79%，為落實政府資訊公開、強化外部監督與確保預算執行透明度，作為審計與社會大眾檢視政府委辦業務執行績效的核心依據。爰要求行政院主計總處於單位決算之委託辦理計畫(事項)經費報告表中增列原編列預算數，供比對查核及預算執行控管，於3個月內向立法院財政委員會提出書面報告。,,,,,,,,,,115,主計總處,行政院,2026/5/6,賴士葆|林德福|顏寬恒,,,,,,,,,2026-06-13T14:59:36.472Z
11737,主決議,通過,,,鑑於地緣政治衝突加劇及中東局勢動盪，引發國際能源及原物料價格劇烈波動，對我國國內民生物價穩定構成嚴峻挑戰。現行消費者物價指數（CPI）採按月發布，於面對突發性、輸入性通膨之即時反應上恐存有時間落差，難以及時提供決策參考，致使政府穩定物價措施落後於民間實質痛感。為強化政府對外部經濟衝擊之應變韌性，並落實資訊公開透明，爰要求行政院主計總處應針對受國際局勢影響之敏感性商品(如汽柴油、天然氣、重要民生進口原物料等)，研議建立週報或旬報之動態監測制度，並於官網設置通膨壓力預警專區，彙整發布相關動態統計，以利政府精準研擬穩定物價對策，並供社會大眾即時閱覽。,,,,,,,,,,115,主計總處,行政院,2026/5/6,林德福|羅明才|林思銘,,,,,,,,,2026-06-13T14:59:36.472Z
11738,主決議,通過,,,"115年度行政院主計總處預算案「中央總預算核編及執行」編列531萬4千元，較114年度預算數增加32萬元，主要辦理中央政府總預算之審議與編印、預算制度之研究改進及派員實地查核各公務機關預算執行等工作；另「特種基金預算核編及執行」編列274萬9千元，較114年度預算數增加20萬元，工作內容包括訂頒116年度中央政府總預算附屬單位預算編製辦法、修正附屬單位預算執行要點等相關規定，預期成果則包括促使各機關加強特種基金預算管理，以提升特種基金營運效能等。鑑於近年中央政府特別收入基金接受公庫撥款金額持續維持高水位，109至115年度每年均逾千億元，且115年度達1,332億餘元，為近7年新高；其中部分基金長期高度依賴國庫撥補，甚至連續5年撥補占比逾九成，顯與特別收入基金應具備自給自足及收支獨立之制度設計原則未盡相符，並對整體財政資源配置及調度造成壓力。特別收入基金超支併決算情形日益擴大，113年度已近300億元，部分計畫更出現連續4至5年超支情形，顯示預算編列與執行控管機制未臻健全，恐弱化預算制度之紀律性與嚴謹性，特別收入基金長期仰賴國庫撥補且預算執行控管失衡，不僅偏離制度設計初衷，亦加重國家財政負擔。爰要求行政院主計總處就各特別收入基金財源結構之合理性、降低對國庫依賴之具體措施，以及超支併決算之管控機制，於3個月內向立法院財政委員會提出書面報告。",,,,,,,,,,115,主計總處,行政院,2026/5/6,賴士葆|羅明才|林思銘|陳玉珍,,5495,,,中央總預算核編及執行,,,5314000,2026-06-13T14:59:36.472Z
11739,主決議,通過,,,115年度行政院主計總處預算案「特種基金預算核編及執行」編列274萬9千元，辦理特種基金預算之籌編、編印與執行經費；並於「會計及決算業務」編列317萬2千元，係辦理審核各機關會計報告等會計事務之處理。113年度中央政府非營業特種基金固定資產建設改良擴充計畫整體執行率未達七成，且部分基金執行率連續3至4年未達八成，顯示預算編列與實際執行間存有明顯落差。另查非營業特種(分)基金保留109年度及以前年度預算，累計保留金額達9億餘元，其中部分基金逾1.2億元長期未執行，顯見計畫推動進度落後及資源配置效率不彰，亦反映預算控管及執行督導機制仍有不足。非營業特種基金固定資產建設計畫長期執行率偏低且預算保留情形嚴重，恐影響整體財政資源運用效能。爰請行政院主計總處強化對各基金之督導及管考機制，就執行率偏低及長期保留預算之原因、改善措施及後續精進作為，於3個月內向立法院財政委員會提出書面報告。,,,,,,,,,,115,主計總處,行政院,2026/5/6,賴士葆|羅明才|林思銘|陳玉珍,,5499,,,特種基金預算核編及執行,,,2749000,2026-06-13T14:59:36.472Z
11740,主決議,通過,,,15年度行政院主計總處預算案「中央總預算核編及執行」計畫之「地方政府主計業務之督導與查核」編列62萬8千元，係督導地方預算編製及執行業務暨預算資料蒐集與分析、辦理地方災害防救經費之協助相關業務、辦理地方公務預算編製作業人員專業研習等業務所需經費。分別為：1.中央對直轄市及縣(市)政府補助辦法係依地方制度法及財政收支劃分法授權規定訂定，將中央對地方補助款主要區分為一般性補助款及計畫型補助款。2.114年3月財政收支劃分法修正，行政院主計總處考量地方獲配統籌分配款提升，將補助辦法之一般性補助款由財政收支差短與定額設算項目修正為限經常、普及性、基本建設、維運、財政均衡等事項。3.依行政程序法及相關規定，法規命令之修正以事先預告為原則，本次補助辦法未經預告即修正公布，允宜審慎檢討相關法制作業流程，俾利各界適時表達意見，以臻法規周延完善。本次補助辦法修正，行政院主計總處於114年6月2日函詢意見，限期至6月6日回復，復於8月14日召開會議後，未經預告即於8月29日公告施行。行政院主計總處認為該辦法未對外發生法律效果，非屬行政程序法第150條所稱法規命令，故無須辦理預告。惟本辦法係依財政收支劃分法及地方制度法授權訂定，屬中央法規標準法第7條所稱之命令，且本次修正涉及一般性補助款範圍、地方財力級次及補助審查機制等重大事項，攸關地方施政與民眾權益，是否僅屬內部行政命令而無對外法律效果，顯有爭議。本次修正未辦理預告程序，恐影響外界參與及法規正當性，爰要求行政院主計總處就審慎檢討法制作業流程，以確保制度透明與程序完備，於3個月內向立法院財政委員會提出書面報告。,,,,,,,,,,115,主計總處,行政院,2026/5/6,賴士葆|羅明才|林思銘|陳玉珍,,5498,,,中央總預算核編及執行,地方政府主計業務之督導與查核,,628000,2026-06-13T14:59:36.472Z
11741,主決議,通過,,,"115年度行政院主計總處預算案「綜合統計業務」編列2,708萬2千元，辦理統計行政與統計標準、社會指標統計、國民所得統計業務、總資源供需估測、產業關聯統計、統計資訊服務業務、家庭收支調查及編布各項物價指數等所需經費。行政院主計總處鑑於近年所得分配情形備受社會關注，行政院主計總處發布之家戶可支配所得五等分位倍數長期變動有限，與外界普遍認知薪資所得分配不均有擴大趨勢之情形恐存落差；我國家庭收支調查自103年度以來樣本戶數長期維持不變，惟同期全國家戶數已成長逾一成，家庭結構亦隨高齡化及少子化趨勢產生顯著變化，致抽樣代表性及統計精確性面臨挑戰，恐影響所得分配數據之真實反映。另從可支配所得中位數占平均數比率呈下降趨勢觀之，亦顯示所得分配結構已有變化，相關統計指標之解讀及呈現方式，允有檢討精進空間。現行統計調查在樣本設計及指標呈現上，恐未能充分反映所得分配實況，影響政策判斷基礎。爰要求行政院主計總處就家戶所得分配統計之指標合理性、樣本擴增之可行性及抽樣方法精進措施，於3個月內向立法院財政委員會提出書面報告。",,,,,,,,,,115,主計總處,行政院,2026/5/6,賴士葆|羅明才|林思銘|陳玉珍,,5503,,,綜合統計業務,,,27082000,2026-06-13T14:59:36.472Z
11742,主決議,通過,,,"115年度行政院主計總處於第1目「一般行政」工作計畫項下「基本行政工作維持」編列4,721萬7千元。行政院主計總處依其組織法掌理全國歲計、會計及統計業務，負責中央及地方政府預決算之編審、會計制度與內部控制機制之建置與督導，並統籌物價、國民所得及各項統計調查之編算與分析，為維繫國家財政紀律及資源配置之核心機關。行政院主計總處115年度「基本行政工作維持」預算編列4,721萬7千元，較114年度增加350萬8千元，增幅達8.02%。考量行政院主計總處職權不僅涉及中央政府預算運作，亦負責對地方政府預決算及會計業務之督導與規範，其經費成長幅度是否符合行政成本控管及資源配置效益，容有檢討空間。行政院主計總處之預算編列攸關國家財政紀律及資源配置，其制度運作自應具備高度透明性與正當性。爰請行政院主計總處就115年度預算增幅之合理性及相關經費運用效益，於3個月內向立法院財政委員會提出書面報告。",,,,,,,,,,115,主計總處,行政院,2026/5/6,賴士葆|羅明才|林思銘|陳玉珍,,5512,,,一般行政,基本行政工作維持,,47217000,2026-06-13T14:59:36.472Z
11743,凍結,通過,,1000000,"115年度審計部預算案於第2目「中央政府審計」編列1億0,563萬6千元，主要係掌理中央政府審計事項。然「中央政府審計工作」項下「資訊服務費」編列5,842萬5千元，較114年度2,819萬3千元，增加107%。從其說明欄資料顯示，該項費用主要是「資訊系統維護費、資安防護及電腦審計軟體更新授權、購買雲端服務及小額軟體購置等經費」，比114年度還減少「機關資料傳輸韌性強化」經費，縱使包含資通安全經費1,616萬5千元，也是增加1,406萬8千元，預算增加顯有未盡清楚說明之處。爰凍結第2目「中央政府審計」項下「中央政府審計工作」中「業務費」之「資訊服務費」預算100萬元，俟審計部於3個月內向立法院財政委員會提出書面報告後，始得動支。",,,,,,,,,,115,審計部,監察院,2026/5/6,賴士葆|林思銘|陳玉珍,,5516,,,中央政府審計,,,105636000,2026-06-13T14:59:36.472Z
11744,凍結,通過,,1000000,"115年度審計部預算案於第2目「中央政府審計」項下「中央政府審計工作」編列1億0,264萬8千元。經查本項預算較114年度增加3,441萬4千元，主要係因應資通安全強化與審計業務數位轉型需求。審計部職司國家財政監督，115年度大幅度調整預算結構，應有更詳盡之執行規劃以確保政策推動成效。資訊預算部分，115年度編列5,842萬5千元用於系統維護與軟體授權，較114年度成長逾一倍。考量資安防護及雲端服務為現行施政重點，審計部應具體說明本次經費大幅調整後，對於審計精準度與資料安全維護之實質提升效果，以利委員會了解預算配置之必要性。出差旅費部分，115年度編列1,604萬2千元，較114年成長達70%。在審計部積極導入數位審計與大數據查帳之背景下，各項實地抽查與調查業務之配置應有更具效率之彈性調整。為釐清數位工具與實地訪查之協作模式，審計部應說明差旅經費成長與專案調查之關聯性，以體現科技輔助審計之節流效益。爰凍結第2目「中央政府審計」項下「中央政府審計工作」中「業務費」之「資訊服務費」預算100萬元，俟審計部於3個月內針對資訊系統維護與出差旅費編列之預期效益，向立法院財政委員會提出書面報告後，始得動支。",,,,,,,,,,115,審計部,監察院,2026/5/6,賴惠員,吳秉叡|林岱樺,5517,,,中央政府審計,中央政府審計工作,,102648000,2026-06-13T14:59:36.472Z
11745,凍結,通過,,1000000,"115年度審計部第2目「中央政府審計」項下「中央政府審計工作」中「業務費」之「資訊服務費」編列5,842萬5千元，較114年度之2,819萬3千元，增幅竟高達107.23%。115年度編列資通安全經費1,616萬5千元，雖係配合政府資安政策，然扣除此項後，一般資訊服務費仍高達4,226萬元，較114年總額大幅成長。且在未能詳述在既有系統維護下，軟體更新授權與雲端租賃費用須暴增至此規模，其合理性存疑。然查該部對於預算翻倍之必要性說明模糊，且相關計畫執行績效並未隨預算增加而顯著提升，有預算編列過於膨脹之嫌。為確保預算執行效能及嚴守財政紀律。爰凍結該項預算100萬元，俟審計部於3個月內向立法院財政委員會提出書面報告後，始得動支。",,,,,,,,,,115,審計部,監察院,2026/5/6,劉書彬,林思銘|陳玉珍,5518,,,中央政府審計,中央政府審計工作,業務費 > 資訊服務費,58425000,2026-06-13T14:59:36.472Z
11746,主決議,通過,,,113年度審計部決算審核報告揭示，政府員額管理方面，機關正式人力缺額率由6.89%上升至9.60%，缺額數近2萬人，公務體系人才留用面臨挑戰。惟審計部自身人力是否充足及審計專業人才招募與留任策略，均攸關審計品質。爰請審計部就審計人力缺額情形及專業人才招募留任策略，向立法院財政委員會提出書面報告。,,,,,,,,,,115,審計部,監察院,2026/5/6,李彥秀|賴士葆|林德福,,,,,,,,,2026-06-13T14:59:36.472Z
11747,主決議,通過,,,"經查近4年度（110至113年度）中央政府總決算歲出決算減列數概呈下降，占該年度歲出比率分別為0.027%、0.024%、0.022%及0.019%，亦逐年下降。又依113年度決算評估報告，112年度審計部重要審核意見覆核結果，近三成項目（24.72%仍待繼續改善、4.84%處理中）仍待改善或處理中，督促管考似有不足。且閒置國有非公用土地面積逐年增加，截至113年底達2萬6,394公頃，審計部年年查核，卻未能有效督促有關機關改善，顯示查核建議未能切實落實。尚如113年度審計部決算審核報告揭露，國有土地遭非法埋填或棄置廢棄物案件尚待清理者計66案，預估清理費用龐鉅，債權保全程序待強化，該等問題歷年均有查核，惟持續未能解決，審計追蹤之實效性顯有不足。再者，111至113年度審計部依審計法第69條考核各機關，其中報告監察院件數由111年度73件下降至112、113年度65件；又113年度審計部決算審核報告載明，全年度報請監察院處理案件僅7件、移送司法機關偵辦僅1件、通知機關行政處分亦僅124人次，相較報告中所列舉之大量違失案例及鉅額損失金額，追究比例明顯偏低，審計查核之嚇阻效果不足。爰請審計部就近4年度中央政府總決算歲出減列數逐年下降之原因分析及強化審核成效與追蹤落實機制之具體方案及違失案件移送及處分建議標準之檢討，及報告監察院件數逐年下降之原因分析，向立法院財政委員會提出書面報告。",,,,,,,,,,115,審計部,監察院,2026/5/6,李彥秀|賴士葆|林德福,,,,,,,,,2026-06-13T14:59:36.472Z
11748,主決議,通過,,,113年度審計部決算審核報告指出，台灣電力股份有限公司大潭電廠因品管缺失頻繁停機，減收電費收入逾81億元，損失鉅大。惟審計部對該等重大公營事業投資及營運計畫，於事前審計及即時審計階段是否善盡職責，未見檢討。再者，該報告亦指出農業部漁業署前鎮漁港建設整體規劃未臻周延，部分設施完工未滿9個月即遭拆除；國家運輸安全調查委員會運安工程研究中心建置計畫規劃不周且選址延宕已暫緩辦理；外交部致遠新村活化計畫預算失控且施工進度落後。上開案例顯示審計部對工程計畫之事前查核及施工中稽察是否落實，容有精進空間。爰請審計部就公營事業重大投資計畫事前及即時審計機制之檢討與強化方案及工程類計畫事前查核及施工中稽察精進方案，向立法院財政委員會提出書面報告。,,,,,,,,,,115,審計部,監察院,2026/5/6,李彥秀|賴士葆|林德福,,,,,,,,,2026-06-13T14:59:36.472Z
11749,主決議,通過,,,"審計部為推動數位審計，於「中央政府審計」及「其他設備」編列資訊服務費5,842萬5千元及資訊硬體設備費1,340萬 元。然審計部自78年度引進ACL電腦審計軟體迄今逾35年，惟113年度審計部及所屬6個直轄市審計處整體運用電腦軟體輔助查核件數占比由111年度44.64%降至113年度37.17%，下降7.47個百分點。審計部大量編列資訊費及新增AI計畫，既有電腦審計軟體使用率卻下降，因關乎其短中長期整體數位轉型規劃與軟硬體設備更新汰換進程。爰請審計部就電腦審計軟體運用占比下降之原因分析，向立法院財政委員會提出書面報告。",,,,,,,,,,115,審計部,監察院,2026/5/6,李彥秀|賴士葆|林德福,,5519,,,中央政府審計,其他設備,,58425000,2026-06-13T14:59:36.472Z
11750,主決議,通過,,,有鑑於政府推動改善所得分配措施多年，雖所得差距略有趨緩，惟分配不均現象依然持續，嚴重影響社會公平與弱勢群體權益。經113年度審計部決算審核報告指出，我國臺灣永續發展目標中與改善所得分配攸關之對應指標，竟存在部分指標連續2至4年未達標、數據不足，或目標值設定過低、不具挑戰性等沉痾，且缺乏關鍵指標項目之標示，顯示現行管考機制流於形式，難以達成政策綜效。為確保政府預算有效配置於縮短貧富差距，並落實社會包容性支持，爰要求行政院應督促相關核心目標之主政部會，即刻洽同各主(協)辦機關，針對所得分配指標研提具體精進作法，並全面檢修目標值之合理性與挑戰性。同時，應強化跨部會管考與評估機制，於3個月內向立法院財政委員會提出強化課責計畫書面報告。爰請審計部向立法院財政委員會提出書面檢討改善報告。,,,,,,,,,,115,審計部,監察院,2026/5/6,劉書彬,林思銘|陳玉珍,,,,,,,,2026-06-13T14:59:36.472Z
11751,主決議,通過,,,115年度審計部預算案於第2目「中央政府審計」項下「中央政府審計工作」中「業務費」之「國外旅費」編列496萬6千元，較114年度預算數增加74萬5千元(增幅17.6%)。依據行政院相關規定，各機關編列國外旅費及派員出國教育訓練費的合計數，原則上不應超過上年度預算案合計數。然而，審計部114及115年度國外旅費均編列近500萬元，相較於疫情前（106至110年度）的300萬餘元，成長幅度已超過六成。審計部應依循行政院規範嚴格控管，審慎檢討年度派員出國計畫。又審計部113年度國外旅費的法定預算為384萬7千元，但實際決算數僅343萬元，執行率未達九成。考量過往經費並未完全消化，審計部預算應以撙節公帑為原則，參考實際執行量能核實編列。爰請審計部於1個月內向立法院財政委員會提出書面報告。,,,,,,,,,,115,審計部,監察院,2026/5/6,林德福|林思銘|顏寬恒,,5520,,,中央政府審計,中央政府審計工作,業務費 > 國外旅費,4966000,2026-06-13T14:59:36.472Z
11752,主決議,通過,,,113年度審計部決算審核報告揭示多項施政計畫績效指標設定偏重過程性指標（如場次），缺乏結果面衡量，允宜強化績效審計及成果導向評估之專業訓練內涵。又依立法院預算中心評估報告指出，各直轄市審計處運用電腦軟體輔助查核比率落差懸殊（25.4%至51.04%），反映審計查核職能仍有精進空間，俾利增進審計效能與效率。爰請審計部就強化績效審計及數位審計專業訓練計畫，並縮小各直轄市審計處間之能力落差，向立法院財政委員會提出書面報告。,,,,,,,,,,115,審計部,監察院,2026/5/6,李彥秀|賴士葆|林德福,,,,,,,,,2026-06-13T14:59:36.472Z
11753,主決議,通過,,,"審計部為推動AI審計資料中心發展計畫（115至118年度），總經費為1億2,546萬元，於115年合計於中央政府審計及其他設備項下編列3,769萬元；本計畫前身為政府智能審計發展方案（110至114年度）總經費2億5,940萬元。惟不僅該計畫於113年10月核定，距115年度開始辦理已逾1年，鑑於相關資通應用程式（如Gemini、Microsoft Copilot、Claude、ChatGPT等）發展快速且不斷推陳出新，尤其於115年起可謂一日千里，相關規劃是否已不合時宜即不無疑問。況且，雖或因前期計畫114年度決算執行率僅45.54%，執行情形不佳，致影響本期計畫總經費規模，惟AI軟硬體建置費用（如本地模型所需硬體設備及雲端模型所需之TOKEN）持續上漲，經費規模大幅緊縮下，是否能達數位審計之本旨亦屬有疑。再者，本計畫設定之9項績效指標均未於計畫書中列示，完整度同有不足。爰請審計部就AI審計資料中心發展計畫之滾動修正情形、績效指標納入計畫書之具體方案及與前身政府智能審計發展方案之銜接檢討，向立法院財政委員會提出書面報告。",,,,,,,,,,115,審計部,監察院,2026/5/6,李彥秀|賴士葆|林德福,,,,,,,,,2026-06-13T14:59:36.472Z
11754,主決議,通過,,,"參考審計部縣市地方審計編列「國內旅費」525萬4千元，較114年度預算數增加60萬4千元(增幅13%)，其預算說明是用於財務收支抽查、專案調查等出差旅費，依審計部表示國內出差主要係辦理相關專案就地抽查，每次抽查需時數日，增加係配合國內出差旅費報支要點修正住宿費標準，114年度起每日住宿費報支數額由2,000元調增為平日3,500元。然縣市地方審計應歸各地方審計室辦理，於同縣市中之審計業務是否有住宿必要，不無疑義。請審計部就所屬單位預算國內旅費運用情形提出說明，於3個月內向立法院財政委員會提出報告。",,,,,,,,,,115,審計部,監察院,2026/5/6,李坤城|吳秉叡|賴惠員,,,,,,,,,2026-06-13T14:59:36.472Z
11755,主決議,通過,,,審計部為建構新一代審計資料中心，將自115年度起推動AI審計資料中心發展計畫，惟該計畫於113年10月核定距115年度開始辦理超逾1年，鑑於相關資通應用程式發展快速且不斷推陳出新，應適時滾動修正計畫，以符實需，並將各推動項目績效指標及衡量標準納入計畫書中，以利評估辦理績效。爰請審計部於2個月內向立法院財政委員會提出書面報告。,,,,,,,,,,115,審計部,監察院,2026/5/6,李坤城|賴惠員|林岱樺,,,,,,,,,2026-06-13T14:59:36.472Z
11756,主決議,通過,,,鑑於115年度審計部預算案於第2目「中央政府審計」項下之「國外旅費」編列496萬6千元，計有視察、訪問、開會計畫各2項，合共6項，雖與114年度預算案數相同，惟較113年度預算數增加72萬7千元，增幅達17.2%，建請審計部提出增幅部分之編列細項說明，於2個月內向立法院財政委員會提出書面報告。,,,,,,,,,,115,審計部,監察院,2026/5/6,李坤城|賴惠員|林岱樺,,5521,,,中央政府審計,國外旅費,,4966000,2026-06-13T14:59:36.472Z
11757,主決議,通過,,,"鑑於近3年度地方政府財政漸趨改善，審定歲入歲出賸餘數逐年增加，復依據新版財政收支劃分法計算，115年度地方獲配中央統籌分配稅款計8,841億元，較114年度增加4,165億元，成長89.1%，連同一般性及計畫型補助款之合計數，預計高於114年度，財政收支規模將隨之增加。是以，審計部及所屬應落實辦理各項財務收支及決算抽查、專案調查及財物稽察，並督促其改善，以嚴密監督預算之執行，爰請審計部於2個月內向立法院財政委員會提出書面報告。",,,,,,,,,,115,審計部,監察院,2026/5/6,李坤城|賴惠員|林岱樺,,,,,,,,,2026-06-13T14:59:36.472Z
11758,主決議,通過,,,查審計部自78年度引進ACL電腦審計軟體，運用電腦軟體輔助查核工作，迄今已逾35年，電腦審計技術及應用日臻成熟；惟113年度審計部及其所屬之臺北市、新北市、桃園市、臺南市及高雄市5個直轄市審計處運用電腦軟體輔助查核件數占總查核件數比率較111年度下降，且各直轄市審計處間亦存有使用落差，審計部及所屬審計機關允宜賡續積極運用數位科技輔助查核，強化員工教育訓練，以增進相關軟體之運用成效，爰請審計部於2個月內向立法院財政委員會提出書面報告。,,,,,,,,,,115,審計部,監察院,2026/5/6,李坤城|賴惠員|林岱樺,,,,,,,,,2026-06-13T14:59:36.472Z
11759,主決議,通過,,,"針對115年度審計部「縣市地方審計工作」預算編列1,092萬元，鑑於多數原住民族地區位於非直轄市，地方政府財政能力有限，已影響原鄉建設推動及整體發展。地方財政結構若未健全，將進一步限制原鄉公共服務供給與基礎建設量能，影響區域均衡發展。爰請審計部賡續強化對各縣市政府之監督，督促落實開源節流措施，健全債務管理機制，並提升地方財政紀律，以促進原住民族地區之財政穩健與自主發展能力，爰請審計部於1個月內向立法院財政委員會提出書面報告。",,,,,,,,,,115,審計部,監察院,2026/5/6,王世堅|賴惠員|林岱樺|伍麗華,,5522,,,縣市地方審計工作,,,10920000,2026-06-13T14:59:36.472Z
11760,主決議,通過,,,"115年度審計部預算案之編列，其於「中央政府審計」及「其他設備」項下分別挹注5,842萬5千元與1,340萬元，旨在全方位推動審計作業的數位轉型與資安韌性強化。這筆預算除了支應關鍵的資安防護、雲端服務維護及各類管理平台的功能增修外，更重視基礎設施的汰舊換新，並規劃引進AI 程式開發工具與RPA機器人流程自動化技術，透過技術架構的全面優化，將大數據查核與自動化作業推向新高度。然而，實務面的執行成效卻顯現出嚴峻的落差。根據113年度的統計數據，審計部及其所屬六直轄市審計處的電腦輔助查核運用比率，已從111年度的44.64%大幅衰退至37.17%，反映出數位工具在審計實務中的滲透力不增反減。除了審計部臺中市審計處能在變局中維持成長態勢外，其餘單位均呈現下滑，這不僅凸顯出各機關間存在顯著的技術應用落差，更揭示了硬體採購與實際轉型之間巨大的鴻溝。若數位審計工具無法融入日常查核流程，導致使用率持續遞減，則高額的預算投入恐將難以轉化為實質的審計戰力。審計部在追求技術升級的同時，必須將核心戰略轉向員工人資培力的深度強化，透過系統化的教育訓練提升查核人員對新興軟體與自動化工具的熟稔度與信任感。審計部應縮減內部技術應用落差，方得確保115年度的資訊預算發揮預期效益，落實智慧審計的長遠目標。爰請審計部於2個月內向立法院財政委員會提出書面報告。",,,,,,,,,,115,審計部,監察院,2026/5/6,林德福|林思銘|顏寬恒,,5516,,,中央政府審計,,,105636000,2026-06-13T14:59:36.472Z
11761,主決議,通過,,,"115年度審計部預算案分別於「中央政府審計」及「其他設備」下編列3,139萬元及630萬元，合計3,769萬元，預計自115年度起辦理AI審計資料中心發展計畫(115至118年度)。審計長所揭示的智慧審計藍圖，旨在透過資訊技術與人工智慧的深度連結，全面革新審計作業模式。本計畫擬引進 ChatGPT、Gemini及Claude等前瞻性生成式AI工具，充分利用其在跨語系翻譯、文獻精煉、文稿優化及創意撰寫等領域的卓越效能，協助審計人員在資料採集與判讀階段實現自動化與精準化，進而縮短公文產製週期並強化查核品質，打造科技賦能的智慧化查核體系。為確保願景落實，本計畫進一步設定了九大關鍵績效指標，涵蓋建構AI雲端辦公室與高效能GPU運算資源、強化網路安全防護、提升數位審計能力、落實審計資訊系統之模組化與雲端化、精進資訊人員開發技術、增進資料分析便利性，以及運用AI模擬生成擬真社交工程信件與分析資安異常行為。然經檢視，上述指標尚未完整列示於計畫書中，審計部應儘速納入，以提升計畫之架構完整度，並作為日後追蹤評估辦理成效之客觀依據。爰請審計部於2個月內向立法院財政委員會提出書面報告。",,,,,,,,,,115,審計部,監察院,2026/5/6,林德福|林思銘|顏寬恒,,5519,,,中央政府審計,其他設備,,58425000,2026-06-13T14:59:36.472Z
11762,主決議,通過,,,"依114年3月21日公布施行之財政收支劃分法計算，115年度地方獲配中央統籌分配稅款計8,841億元，較114年度4,676億元增加4,165億元，成長89.1%，連同一般性及計畫型補助款合計數將達1兆1,650億元，較114年度增加1,519億元（增幅15.0%），地方財政收支規模大幅擴大。復依113年度審計部及所屬考核地方政府預算執行結果，提出重要審核意見共1,777項，審計部覆核地方政府112年度重要審核意見辦理情形，則有329項（占比18.7%）待繼續改善。是為強化地方財政紀律，以達財政收支劃分法修法之初衷，審計部應規劃因應115年度地方財政規模擴大之審計監督方案及督促地方政府如期如質改善重要審核意見尚未改善項目。",,,,,,,,,,115,審計部,監察院,2026/5/6,李彥秀|賴士葆|林德福,,,,,,,,,2026-06-13T14:59:36.472Z
11763,主決議,通過,,,過去，發生多起橋梁安全檢測虛偽造假案例，檢測照片複製貼上。如今，AI科技進步，強化審計功能，有助於審計人員揪出資料異常，建議審計部針對跟人民生命財產安全相關的預算，譬如：橋梁、道路柏油標線、隧道安全、山坡地監測、大眾運輸維修保養…等等，優先審計查核，強化政府機關經費有效運用，促進政府財政透明，增進公共利益，看緊納稅人荷包。,,,,,,,,,,115,審計部,監察院,2026/5/6,賴士葆|林德福|林思銘,,,,,,,,,2026-06-13T14:59:36.472Z
11764,主決議,通過,,,不分朝野支持發展再生能源，也支持離岸風電國產化，但只要離岸風電無法達成國產化目標，政府就應該依比例檢討離岸風電躉購電價，不該亂花納稅人的錢。107年7月經濟部新聞稿說：離岸風電國產化具約束力並有罰則，若未如期履約則有履約保證金及躉購費率等嚴格違約罰則機制處理。從台灣發展離岸風電，吸引外資投資，到現在許多離岸風電外商跳船離開台灣。離岸風電發展前途令人擔憂，影響未來風場開發。建請審計部深入了解離岸風電無法達成國產化目標之原因，並檢討離岸風電躉購電價的政策執行情形。,,,,,,,,,,115,審計部,監察院,2026/5/6,賴士葆|林德福|林思銘,,,,,,,,,2026-06-13T14:59:36.472Z
11765,主決議,通過,,,現行台灣中油股份有限公司浮動油價公式採七成杜拜、三成布蘭特計算，但中東戰爭爆發後，台灣中油股份有限公司原油來源結構已出現變化，來自美國比重達六成，中東占比降至四成以下，外界質疑現行油價公式不能反映實際狀況，應重新檢討。台灣中油股份有限公司也認為舊有公式的合理性確實需要盤點，評估將過去未納入的額外成本一併考慮。建請審計部促請台灣中油股份有限公司加速辦理油價公式檢討，並同步審計查核台灣中油股份有限公司，因應中東戰爭凍漲油價虧損情況，促進政府財政透明，增進公共利益，看緊納稅人荷包。,,,,,,,,,,115,審計部,監察院,2026/5/6,賴士葆|林德福|林思銘,,,,,,,,,2026-06-13T14:59:36.472Z
11766,主決議,通過,,,111到113年在審計部的審核報告中，關於內政部警政署的部分，主要就是提到關於165反詐騙諮詢專線及全民防騙網、打詐儀錶板、智慧警勤輔助系統、交通事故資料申請系統與警察配置人力不足等，需要檢討改善的問題。而在內政部警政署的充實警政設備預算，其中關於幫警察人員採購的防彈盾牌、頭盔或是防彈衣，這些可以保護執勤人員生命的裝備預算，從113到115年度預算，也共編列了10億元。然而這些裝備規格與品質，都不到位，許多員警都還須要自己掏腰包購買，合用的防彈背心外襯套與防彈背心抗彈板等裝備。而這樣的問題與狀況，實已存在多年，卻都未在過去審計部的審核報告被審查到，並提出改善措施。故為能落實警察人員值勤裝備之採購，讓預算的執行能產生實際之效益，爰要求審計部就警察裝備預算之執行與採購驗收流程是否有弊端，於3個月內向立法院財政委員會提出最新之警察裝備採購預算之審核報告，及如何改善審計審核流程，以求更為全面詳實的審核工作。,,,,,,,,,,115,審計部,監察院,2026/5/6,賴士葆|林思銘|劉書彬,,,,,,,,,2026-06-13T14:59:36.472Z
11767,主決議,通過,,,針對行政院國家發展基金之投資，過去著名的失敗案例，包含如興股份有限公司、東貝光電科技股份有限公司、寶德電化材科技股份有限公司，最近也對綠能國家隊的聯合再生能源股份有限公司，執行股票出脫的動作。然而許多股民都是跟著行政院國家發展基金的投資，作為買股的參考，但行政院國家發展基金這些投資失誤，也無形中讓許多股民跟著踩雷虧損。故為能加強與改善行政院國家發展基金的投資策落及其獲利，以達到該有之投資效益，爰要求審計部於2個月內就行政院國家發展基金目前所有的投資作為與績效，向立法院財政委員會提出如何達成有效審核之方法與標準，以協助行政院國家發展基金改善其投資成果，並將行政院國家發展基金列為114年度審核報告之中。,,,,,,,,,,115,審計部,監察院,2026/5/6,賴士葆|林思銘|劉書彬,,,,,,,,,2026-06-13T14:59:36.472Z
11768,主決議,通過,,,審計部從78年度引進ACL電腦審計軟體，以協助輔助查核工作，因此於電腦審計技術與應用，應該已是非常純熟期。然而在113年度，審計部及其所屬之五個直轄市審計處，使用電腦軟體輔助查核件數，其占總查核件數比率，反而較111年度下降，各直轄市審計處間，也存在著使用落差。這除表示多年來所引進之電腦協助軟體，未被充分利用，以期提升審計工作的績效外，也表示審計部對於各地方審計機關，電腦使用效果之查核追蹤，恐亦有未落實之處，這對於審計部在推動之AI資料中心計畫，也可能會有負面之影響。故為能讓審計部及其所屬審計機關，在數位科技之輔助使用，和相關投入之預算，皆能落實執行並產生該有之成果，爰要求審計部於2個月內就如何強化員工使用數位科技之能力、調查員工目前使用數位科技之難處，及改善使用電腦軟硬體設備程度向立法院財政委員會提出書面報告。,,,,,,,,,,115,審計部,監察院,2026/5/6,賴士葆|林思銘|劉書彬,,,,,,,,,2026-06-13T14:59:36.472Z
11769,主決議,通過,,,"審計部從115年起辦理AI審計資料中心發展計畫(115至118年度)，其預算共計3,769萬元。然而此計畫，於113年10月核定後，距115年開始辦理已經超逾1年時間，相關的資通運用程式，是否有適時地滾動修正，以符合最新AI發展之應用內容與趨勢，以期能確實有效推動達成，相關的績效指標與衡量標準，實有待進一步之檢討與確認。另外操作人員的實務能力與運用相關系統之經驗，也需要評核目前之狀況。故為能落實相關預算的有效執行，並達到計畫預計之效果，爰要求審計部於2個月內就此計畫向立法院財政委員會提出最新之進度報告，以及已經達成之績效目標內容與後續仍需加強改善的項目內容之書面報告。",,,,,,,,,,115,審計部,監察院,2026/5/6,賴士葆|林思銘|劉書彬,,,,,,,,,2026-06-13T14:59:36.472Z
11770,主決議,通過,,,113年度審計部決算審核報告揭示，第二預備金動支率達99.08%，部分機關連年以相同事由動支，或動支後保留比率偏高，顯示預備金審核把關尚有精進之處，而審計部對此類預算執行異常情形，亦應強化即時審計功能，爰請審計部就第二預備金動支連年重複及動支後保留之查核改善方案向立法院財政委員會提出書面報告，以節制第二預備金遭濫用之情形。,,,,,,,,,,115,審計部,監察院,2026/5/6,李彥秀,賴士葆|林德福,,,,,,,,2026-06-13T14:59:36.472Z
11771,主決議,通過,,,行政院擬編列促參案件績效獎勵金，但截至114年8月底止，促參案件提前終止契約比率為12.33%，較112及113年同期11.89%及12.01%上升，令外界質疑財政部推動促參成效。請財政部於2個月內向立法院財政委員會提出書面報告。,,,,,,,,,,115,財政部,財政部,2026/5/6,劉書彬,林思銘|陳玉珍,,,,,,,,2026-06-13T14:59:36.472Z
11772,主決議,通過,,,財政部115年度預算案於「直轄市及縣市政府-一般性補助款」財政部主管項下編列「一般性補助款-財政部」5億元，主要辦理補助直轄市及縣市辦理促參案件等經費。截至114年8月底止，促參案件提前終止契約比率為12.33%，且有呈現逐年上升趨勢，其中，文教設施提前解約件數最多，農業及資源循環再利用設施提前解約率最高，觀光遊憩設施提前解約金額及解約金額占簽約金額比率最高。然鑑於促參案件提前解約後，恐發生設施設置不全待處理或資產閒置情形，主管機關允應整理歷年提前解約案件並進行個案分析，適時邀集地方政府透過教育訓練及案例分享等方式共同集思廣益，以利嗣後辦理促參案件之參考，並賡續強化履約階段管考功能，以發揮綜效。爰請財政部於2個月內向立法院財政委員會提出書面報告。,,,,,,,,,,115,財政部,財政部,2026/5/6,李坤城|賴惠員|林岱樺,,5525,,,直轄市及縣市政府-一般性補助款,,,500000000,2026-06-13T14:59:36.472Z
11773,主決議,通過,,,"行政院擬編列私劣菸品查緝經費，但自108年起違法菸類查獲數量概呈下降，且113年違法菸類查獲數量1,120.34萬包，係近8年(106至113年)新低，亦與8年平均值1,802.68萬包有所落差，間有不實支領查緝與檢舉獎勵金情形（例如有公務員為賺取獎金，反與私菸業者勾結來得利）。請財政部國庫署向立法院財政委員會提出書面報告。",,,,,,,,,,115,國庫署,財政部,2026/5/6,劉書彬,林思銘|陳玉珍,,,,,,,,2026-06-13T14:59:36.472Z
11774,主決議,通過,,,"近年部分機關動支第二預備金存有編列年度預算時估列未覈實或漏列、賸餘數或註銷數較多、經費全數或將近全數辦理保留及連續以相同事由動支第二預備金等情形。例如，財政部臺北國稅局、北區國稅局及所屬與南區國稅局及所屬因發放證券交易稅及期貨交易稅，在編列年度預算時，估列未盡覈實或漏列，以致代徵獎金預算不敷，分別動支第二預備金2,644萬3千元、553萬3千元及60萬2千元，合共3,257萬8千元，另該部國有財產署及所屬因繳納國有非公用土地地價稅所需經費不敷，亦申請動支第二預備金6,567萬4千元。還有部會連續以相同事由動支第二預備金，例如，法務部辦理鼓勵民眾檢舉各項選舉候選人賄選及組織犯罪獎勵金所需經費不敷而動支第二預備金3,000萬元，惟該部112年度亦以相同事由申請動支第二預備金1,800萬元；另財政部臺北國稅局近5年中有4個年度(109及110年度、112及113年度)與國有財產署及所屬近4個年度(110至113年度)，亦因發放證券交易稅及期貨交易稅代徵獎金與繳納國有非公用土地地價稅等預算編列未盡覈實，所需預算不敷而動支第二預備金。計畫經費不敷，尚全非事前不可預測，請行政院主計總處向立法院財政委員會提出書面報告。",,,,,,,,,,115,行政院,行政院,2026/5/6,劉書彬,林思銘|陳玉珍,,,,,,,,2026-06-13T14:59:36.472Z
11775,主決議,通過,,,"針對115年度中央政府總預算編列之80億元第二預備金，經查部分機關動支後存有賸餘數偏高之情事。以原住民族委員會為例，該會為辦理113年花蓮震災後部落旅遊振興計畫，申請動支3,000萬元，惟最終決算僅770萬7千元，賸餘數高達2,229萬3千元（占比74.31%）。此類預算執行現況顯示，部分機關雖符合動支要件，卻存在預算估列未盡覈實、漏列、賸餘數過多，為維護財政紀律，爰請行政院主計總處於3個月內向立法院財政委員會提出書面報告。",,,,,,,,,,115,行政院,行政院,2026/5/6,王世堅|賴惠員|林岱樺|伍麗華,,5526,,,第二預備金,,,8000000000,2026-06-13T14:59:36.472Z
11776,減列,通過,400000,,"減列第1目「一般行政」40萬元(含「基本行政工作維持」之「業務費」20萬元、
「辦公事務設備汰換及辦公廳舍整修」之「設備及投資」20萬元)",,,,,,,,,,115,審計部,監察院,2026/5/6,財政委員會,,,,,,,,,2026-06-13T14:59:36.472Z
11777,減列,通過,500000,,減列第2目「中央政府審計」項下「中央政府審計工作」中「業務費」之「資訊服務費」50萬元,,,,,,,,,,115,審計部,監察院,2026/5/6,財政委員會,,,,,,,,,2026-06-13T14:59:36.472Z
11780,凍結,通過,,6000000,"115年度行政院公共工程委員會預算「公共工程企劃及法規業務」編列1億0,310萬4千元，凍結600萬元，俟行政院公共工程委員會於3個月內向立法院交通委員會提出書面報告後，始得動支。【10-15、18-20、22-27】",,,,,,,,,,115,公共工程委員會,行政院,2026/5/20,洪孟楷|萬美玲|邱若華|黃健豪|何欣純|陳素月|游顥|林俊憲|李昆澤|許智傑|徐富癸|陳雪生|陳清龍,,,,,,,,,2026-06-13T14:59:36.472Z
11781,凍結,通過,,1328650,"115年度行政院公共工程委員會預算「公共工程企劃及法規業務」項下「健全技師、工程技術顧問公司管理法制，提升工程產業國際競爭力」編列2,657萬3千元，凍結二十分之一，俟行政院公共工程委員會於3個月內向立法院交通委員會提出書面報告後，始得動支。【16、17】",,,,,,,,,,115,公共工程委員會,行政院,2026/5/20,洪孟楷|邱若華|黃健豪,,,,,,,,,2026-06-13T14:59:36.472Z
11782,凍結,通過,,2000000,"115年度行政院公共工程委員會預算「公共工程技術業務」編列6,827萬3千元，凍結200萬元，俟行政院公共工程委員會於3個月向立法院交通委員會提出書面報告後，始得動支。【28-39】",,,,,,,,,,115,公共工程委員會,行政院,2026/5/20,洪孟楷|邱若華|黃健豪|何欣純|陳素月|游顥|林俊憲|李昆澤|許智傑|徐富癸|陳雪生|陳清龍,,,,,,,,,2026-06-13T14:59:36.472Z
11783,凍結,通過,,3000000,"115年度行政院公共工程委員會預算「公共工程管理業務」編列4,569萬7千元，凍結300萬元，俟行政院公共工程委員會於3個月向立法院交通委員會提出書面報告後，始得動支。【40-54】",,,,,,,,,,115,公共工程委員會,行政院,2026/5/20,洪孟楷|廖先翔|魯明哲|萬美玲|邱若華|黃健豪|何欣純|陳素月|游顥|蔡易餘|林俊憲|李昆澤|許智傑|徐富癸|陳雪生|伍麗華|林倩綺|陳清龍,,,,,,,,,2026-06-13T14:59:36.472Z
11784,主決議,通過,,,114年天然災害影響嘉義地區甚鉅，造成公共設施損壞急需進行相關災後復原工程，為補充嘉義地區工程人力，爰嘉義縣政府對於所需工程人力已擬訂「嘉義縣政府暨所屬各機關工程人力多元進用方案試辦計畫」，希望透過提供獎學金方式吸引學生投入公部門服務，請行政院公共工程委員會提供花東學分班辦學經驗予嘉義縣政府，以協助該試辦計畫順利推展。【55】,,,,,,,,,,115,公共工程委員會,行政院,2026/5/20,陳素月|蔡易餘|許智傑|徐富癸,,,,,,,,,2026-06-13T14:59:36.472Z
11785,主決議,通過,,,有鑑於行政院公共工程委員會推動公共工程減碳政策，並已督導相關機關陸續完成國道、公路、軌道等各類工程減碳指引，對引導公共建設邁向淨零轉型具有重要意義，惟公共工程涉及中央與地方多元主辦機關，工程類型、設計階段、材料選用及施工方法差異甚大，若缺乏跨工程類別之共同原則、估算基準及資料銜接機制，恐使各機關於規劃設計階段之減碳評估標準不一，影響政策推動之一致性與可比較性。為強化公共工程減碳治理之科學化、透明化及制度穩定性，並使國家基礎建設能逐步接軌淨零排放目標，爰請行政院公共工程委員會於115年年底前研擬完成「公共工程減碳作業指引總則」，建立跨部會一致適用之減碳技術框架、碳排估算原則及生命週期評估方向，並向立法院交通委員會提出書面報告。【56】,,,,,,,,,,115,公共工程委員會,行政院,2026/5/20,魯明哲|萬美玲|黃健豪,,,,,,,,,2026-06-13T14:59:36.472Z
11786,主決議,通過,,,有鑑於115年度行政院公共工程委員會預算新增編列「土木工程人才管理培訓計畫」860萬元，補助國立大學開設花東地區學分班，以強化地方土木專業人才培育，立意良善，惟花東地區長期面臨工程專業人力招募不易、留任不穩及地方公共建設量能不足等問題，單一學分班措施仍有必要與正規教育培育、實務訓練、任用誘因及職涯發展制度相互銜接，方能形成穩定且可持續之地方工程人力支持體系。為落實區域均衡發展，提升偏遠地區公共建設品質與行政執行韌性，爰請行政院公共工程委員會針對花東地區土木工程職系人才培育之後續績效，於3個月內向立法院交通委員會提出書面報告，以建立穩定之地方工程技術人力基礎。【57】,,,,,,,,,,115,公共工程委員會,行政院,2026/5/20,魯明哲|萬美玲|黃健豪,,,,,,,,,2026-06-13T14:59:36.472Z
11787,主決議,通過,,,查行政院公共工程委員會於115年度預算編列860萬元，用於辦理土木工程人才管理培訓計畫，然依考選部資料顯示，土木工程錄取狀況不佳，需用人數與實際錄取之人力缺口持續擴大，112年缺135人，至114年缺240人，缺額人數成長將近一倍，惟公共工程為國家火車頭，帶動百業發展，若缺乏人力，將影響產業發展。綜上所述，爰要求行政院公共工程委員會應積極檢討當前對土木工程人才招募措施，並提供花東學分班辦理過程，於3個月內向立法院交通委員會提出書面報告。【58】,,,,,,,,,,115,公共工程委員會,行政院,2026/5/20,萬美玲|邱若華|陳雪生,,,,,,,,,2026-06-13T14:59:36.472Z
11788,主決議,通過,,,查行政院公共工程委員會於立法院115年第5會期之業務報告中提及：「工程會始終致力於協助各機關解決在公共工程推動過程中遇到的困難與障礙，確保公共工程順利進行。」然由交通部鐵道局負責之桃園鐵路地下化工程，自110年動工迄今，已有5年時間，115年2月預定進度應有52.32%，然實際工程進度僅35.59%，顯見工程嚴重落後。此外更因原物料大漲，以致原先規劃之工程經費不足，需再追加769億元。惟該追加經費之變更計畫，自114年8月20日即簽陳行政院，然迄今遲未核定，致桃園鐵路地下化工程持續延宕，更恐受原物料持續調漲之衝擊影響，使原先估算須追加之經費不足，形成惡性循環，行政院公共工程委員會實有責任積極與行政院溝通，儘速核定桃園鐵路地下化變更計畫。綜上所述，爰要求行政院公共工程委員會應積極向行政院溝通，儘快核定桃園鐵路地下化變更計畫，並於1個月內向立法院交通委員會提出書面報告。【59】,,,,,,,,,,115,公共工程委員會,行政院,2026/5/20,萬美玲|邱若華|陳雪生,,,,,,,,,2026-06-13T14:59:36.472Z
11789,主決議,通過,,,有鑑於「集合式總存水彎」於國內已實際應用於各工程中逾15年，更廣泛適用於包含社會住宅在內之各類集合式住宅中，惟現行行政規範，雖已將上開工程建材納入相關技術規範，要求產品得以中華民國CNS標準或國際標準合格認證，作為品質與安全依據。惟查，目前國內仍欠缺「集合式總存水彎」之CNS認證，以致各地方政府採認之標準不一，不只導致建商施工困擾，更可能因此延宕工程期程或增加相關水利工程流標可能。綜上所述，爰建請行政院公共工程委員會，協助統一相關建材產品之認證標準，並與內政部、經濟部標準檢驗局研議設置「集合式總存水彎」國內認證標準之必要性，以精簡公共工程採購效率。【60】,,,,,,,,,,115,公共工程委員會,行政院,2026/5/20,洪孟楷|游顥|陳清龍,,,,,,,,,2026-06-13T14:59:36.472Z
11790,主決議,通過,,,有鑑於內政部於114年底施行營建剩餘土石方全流向管理新制，引爆國內土方清運危機，以致地方公共工程與基礎建設應聲停擺，內政部國土管理署嗣後雖有提出應變策略，惟中部地區之土方暫置與最終處理進度牛步，仍難以因應地方土方處置需求。再加上美伊戰爭，引爆石化產業危機，工程必須之瀝青或塑膠相關製品，均面臨缺貨不足等情況，以上種種對於我國公共工程與基礎建設之期程與完工品質形成嚴重危機。綜上所述，爰建請行政院公共工程委員會本於權責，應積極確保公共工程履約能力，要求各縣市政府、機關盤點因國內政策與國際情勢影響，有所延宕之公共工程，積極令各機關單位啟動因應作為或調整施工策略，並與內政部跨部會研議、加快推廣公私土方交換制，推動土方公有化，簡化相關流程，以利國內建設如期如質穩定前行。【61】,,,,,,,,,,115,公共工程委員會,行政院,2026/5/20,洪孟楷|游顥|陳清龍,,,,,,,,,2026-06-13T14:59:36.472Z
11791,主決議,通過,,,為全面提升公共工程品質，行政院公共工程委員會研擬從規劃設計、施工及營運維護等全生命週期各階段，分別予以強化，並提出方案，以期全面提升公共工程品質。經查行政院公共工程委員會每年負責道路工程查核作業，施工查核須檢視現場有無施工品質不良或未依契約規範施工之情形，並由查核小組視狀況需要進行現場取樣。惟我國道路平整度與鄰近國家如日本相比相差甚遠，以致每年迭生因道路不平整導致車禍事故傷亡案件。考量道路安全品質提升之必要，交通部與國家運輸安全調查委員會提出加速導入道路安全檢核機制。爰此，建請行政院公共工程委員會針對既有道路工程查核作業，如何加強路面平整之安全檢核，於2個月內向立法院交通委員會提出書面報告。【62】,,,,,,,,,,115,公共工程委員會,行政院,2026/5/20,洪孟楷|游顥|陳清龍,,,,,,,,,2026-06-13T14:59:36.472Z
11792,主決議,通過,,,中央政府公共建設計畫之列管係由各部會召開公共建設推動會報，定期檢討所屬計畫執行情形；國家發展委員會設計預警查核機制、訂定分月目標及追蹤管控各機關執行進度，行政院公共工程委員會則按月召開公共建設督導會報控管。據審計部114年度結算報告指出，行政院、內政部、外交部等14個主管轄下共27個單位預算機關，114年度截至6月底止，資本支出預算執行率未及八成，且已分配待執行數更達3千萬元以上，相關辦理各項工程作業程序落後或遲延等等，以致影響執行進度，預算執行成效尚待強化。由於115年度預算仍須推動公共建設，執行量能持續面臨相當挑戰。爰此，建請行政院公共工程委員會針對賡續督促相關機關妥善規劃配置執行量能，並加強年度歲出預算之分配及執行，提出各項重大公共建設、投資計畫之控管作法，於2個月內向立法院交通委員會提出書面報告。【63】,,,,,,,,,,115,公共工程委員會,行政院,2026/5/20,洪孟楷|游顥|陳清龍,,,,,,,,,2026-06-13T14:59:36.472Z
11793,主決議,通過,,,為免發生國安疑慮，行政院公共工程委員會針對機關辦理影響國家安全之採購，訂定機關辦理涉及國家安全採購之廠商資格限制條件及審查作業辦法，其中敘明機關得依採購案件之特性及實際需要對廠商資格訂定限制條件，於招標文件中限制在臺陸資廠商及大陸地區之廠商、財物或勞務參與。惟上述之相關審查僅於投標前辦理，若得標廠商於得標後辦理資本異動相關事項，現行針對涉及國家安全採購並無相關規範要求應定期進行得標廠商資金來源及實質受益人審查。行政院公共工程委員會應針對標後管理訂定相關規範，要求相關機關有責執行得標廠商於履約期間之資金來源及實質受益人審查，並於各項採購契約範本中，增訂得標後管理及審查相關條文，使機關得要求得標廠商於履約期間中，有責任提供資金來源及實質受益人之相關資料供機關審查，以利政府保障國家安全。爰建請行政院公共工程委員會於3個月內向立法院交通委員會提出書面報告【64】,,,,,,,,,,115,公共工程委員會,行政院,2026/5/20,何欣純|林俊憲|許智傑|鍾佳濱,,,,,,,,,2026-06-13T14:59:36.472Z
11794,主決議,通過,,,行政院公共工程委員會多年來未就政府採購法第 43 條（國內貨品比率採購、優先決標予國內廠商）、第 44 條（特定採購之國內產製加值價差優惠）於資訊軟體採購類別之具體適用機制訂定作業要點，致機關實務上鮮少援引上開條款優先決標予國內研發業者。近年機關援引政府採購法第 22 條限制性招標、機敏業務、國家安全等例外條款辦理資訊軟體採購之情形日漸頻繁，部分大額採購案以機敏為由規避一般採購規範。惟現行作業流程缺乏對機敏理由之客觀查核機制，形成漏洞。涉及犯罪偵查、稽查分析、情資處理等機敏業務，倘該等系統採用外國軟體服務並涉及資料境外處理，反生司法管轄權與資料主權之疑慮，機敏採購不應成為迴避國內研發產品優先採購之合理事由。爰請行政院公共工程委員會於 3 個月內研擬下列事項，向立法院交通委員會以書面報告說明進度：1.訂定「政府採購資訊軟體優先採用國內研發產品作業要點」，明定援引行政院核定推動方案及國家科學及技術委員會公告之關鍵戰略技術為認定基準，並明定國內自行研發軟體之認定標準。2.明定新興關鍵技術類採購之國內自行研發產品採購比例不得低於 30%，自中華民國 116 年度起施行，並設逐年提升機制。3.設立中小企業及新創業者專屬採購比例採雙軌制，一般資訊軟體採購類不得低於 20%，新興關鍵技術類不得低於30%，並訂定同一集團年度承接金額上限。4.規範機關援引機敏業務、國家安全或限制性招標例外條款辦理外國軟體採購時，應書面具體說明機敏性質、項目、金額及無國內可替代產品之查核結果，並適時彙整向立法院交通委員會備查。5.建立基礎模型及外國技術來源揭露機制，人工智慧及相關新興技術類採購之得標廠商，應揭露所使用之外國基礎模型、雲端服務及其他外國技術元件之名稱、版本、授權條件。【65】,,,,,,,,,,115,公共工程委員會,行政院,2026/5/20,何欣純|林俊憲|許智傑|鍾佳濱,,,,,,,,,2026-06-13T14:59:36.472Z
11795,主決議,通過,,,日前行政院公共工程委員會於花東地區為土木工程學分班揭牌，這是行政院公共工程委員會第一個開辦的學分班，每學分1千元，僅市價四分之一，取得學分並符合國考資格再退一半費用。目的是希望彌補花東土木專業人力缺口，該會主任委員現場表示：「未來會視地方需求，尤其在偏遠、交通不便的地方開辦。」根據考選部資料，114年公務人員高考三級考試，技術類人才特別缺乏，像是土木工程需用757人，最後只錄取517人，不足額高達240人；電力工程需用112人，錄取人數只有62人，不足額達50人。甚至港灣工程需用1人，雖有4人報考，最後卻無人到考。這類缺乏工程人才情形於公部門日趨嚴重，爰要求行政院公共工程委員會研議至屏東或其他偏遠地區設立工程學分班，以確保各區域之工程量能，並於2個月內向立法院交通委員會提出書面報告。【66】,,,,,,,,,,115,公共工程委員會,行政院,2026/5/20,林俊憲|許智傑|徐富癸,,,,,,,,,2026-06-13T14:59:36.472Z
11796,主決議,通過,,,高鐵延伸屏東計畫路線長約26.2公里，其中明挖隧道段約5.78公里、潛盾段約11.82公里、引道段0.2公里、高架段約8.4公里，該計畫目前正進行環境影響評估。根據交通部鐵道局估算，高鐵延伸屏東計畫施工期間預估產生總挖方約548萬立方公尺、總填方量約127萬立方公尺，經計畫內土方調度後，考量施工時程差異，填方可能無法完全與挖方時程搭配，預估產生剩餘土石方約484萬立方公尺需外運處理。雖該局現有提出土方清運計畫，為避免屆時再次發生土方清運之亂，爰要求行政院公共工程委員會針對高鐵延伸屏東計畫協助交通部鐵道局盤點土方清運計畫，並於2個月內向立法院交通委員會提出書面報告。【67】,,,,,,,,,,115,公共工程委員會,行政院,2026/5/20,林俊憲|許智傑|徐富癸,,,,,,,,,2026-06-13T14:59:36.472Z
11797,主決議,通過,,,鑑於我國已宣示2050淨零排放目標，公共工程之碳排放管理為重中之重，然目前各機關辦理節能減碳檢核多屬書面作業，缺乏實際減碳數據之透明度與連貫性。爰要求行政院公共工程委員會應於2026年底前，於「公共工程雲端系統」中建置「工程減碳公開揭露專區」分階段推動公共工程減碳資訊公開機制，逐步建立碳排估算系統與工程碳盤查資料揭露制度，並於制度及系統穩定後，研議採購金額2億元以上之工程標案，公開設計階段預估碳排與竣工實際碳排比較資料，以落實全民監督並作為後續滾動修正減碳策略之依據。【68】,,,,,,,,,,115,公共工程委員會,行政院,2026/5/20,邱若華|黃健豪|陳雪生,,,,,,,,,2026-06-13T14:59:36.472Z
11798,主決議,通過,,,公共工程層層分包為業界常態，然在缺工缺料與流標頻發之際，第一線施工作業之小包商常因大包商倒閉或款項爭議而陷入困境，進而影響工程品質。雖然現行已有「監督付款」機制，但在法律位階上仍不足以完全保障分包廠商免受大包商債權人扣押之影響。爰要求行政院公共工程委員會應積極研議政府採購法之修正，研擬增訂「分包廠商對特定契約價金之優先受償權」，以強化對實際施工者之報酬保障。同時，應針對巨額工程（2億元以上）招標兩次以上仍流標之案件，研議建立跨部會之「營建資源交流平台」，供各機關提出採購案之資源需求，作為協調將有限之人力與資材集中於攸關民生之重大急迫建設。【69】,,,,,,,,,,115,公共工程委員會,行政院,2026/5/20,邱若華|黃健豪|陳雪生,,,,,,,,,2026-06-13T14:59:36.472Z
11799,主決議,通過,,,114年7月丹娜絲風災肆虐南部地區，造成臺南市許多民宅屋頂遭掀起，逾5萬房屋需要修復，為國內首次遇到需要大量工班投入救災情形。惟風災首日為7月7日，直至同月30日成立前進指揮所，行政院公共工程委員會才能派員進駐災區，也才有後續啟用政府媒合廠商修繕之方式。而在政府介入前，這段時間災民必須自己尋求廠商協助，而當地業者根本不足以負荷如此龐大的需求，導致除了請不到工人，亦有業者坐地起價之狀況。爰此，要求行政院公共工程委員會針對建立工程端災後復原SOP，如建立復建廠商白名單，使媒合廠商之方式常態化，於3個月內向立法院交通委員會提出書面報告。【70】,,,,,,,,,,115,公共工程委員會,行政院,2026/5/20,何欣純|林俊憲|李昆澤,,,,,,,,,2026-06-13T14:59:36.472Z
11800,主決議,通過,,,行政院公共工程委員會於114年底公告擬大幅度修正政府採購法，其中將開標門檻由3家廠商改為1家，引起社會高度關注，目前因各界意見尚未有共識，暫緩推動修法作業。查行政院公共工程委員會說明，由於現今幾乎完全電子化領標及投標，招標資訊相對流通，且揆諸先進國家之採購法規，均無限制開標廠商家數；又部分標案係因3家門檻限制，導致常有機關找業者陪標之現象，爰欲刪除開標門檻。另查，行政院公共工程委員會亦主張，112至114年公開招標案件，第1次公開招標決標之件數比例為29.26%，經2次公開招標決標之件數為80.51%，故採購效率不彰係因門檻所致。惟換言之，亦有二成案件非繫於門檻者，且行政院公共工程委員會分析，109至114年不同採購金額級距招標2次內決標件數比例，以巨額工程占六至七成，低於平均值九成；其中，又以捷運土建工程須流標4至5次始能決標。是以，既已暫緩修法，允宜針對該二成案件及巨額工程，降低其流廢標情形。爰此，要求行政院公共工程委員會針對如何協助現行難決標及易流廢標之特殊案件，於3個月內向立法院交通委員會提出書面報告。【71】,,,,,,,,,,115,公共工程委員會,行政院,2026/5/20,何欣純|林俊憲|李昆澤,,,,,,,,,2026-06-13T14:59:36.472Z
11801,主決議,通過,,,"115年度行政院公共工程委員會預算「公共工程管理業務」編列4,569萬7千元，負責列管工程進度、輔導並追蹤重大建設執行情形，以期提升預算執行率與工程品質。然經查閱該會提供之「109至114年度10月各級政府查核金額以上工程採購案各公告招標次數統計」，歷年來第1次招標即決標的比率普遍偏低，約在21至31%之間。109年雖達到31.09%，但後續5年(含114年1至10月)皆低於此數值。行政院公共工程委員會雖說明「政府採購法第48條規定，第1次招標應有3家以上合格投標廠商始得開標，第2次招標則不受3家之限制，爰招標2次內決標係屬正常」，但這意味著70%以上的案件註定要經歷1次流標程序。這不僅增加了行政成本，也讓決標及開工時程被制度性地推遲。爰建請行政院公共工程委員會應全面檢討招標未能1次決標之主因、提出改善策略與具體可衡量指標，並於2個月內向立法院交通委員會提出書面報告。【72】",,,,,,,,,,115,公共工程委員會,行政院,2026/5/20,何欣純|林俊憲|李昆澤,,,,,,,,,2026-06-13T14:59:36.472Z
11802,主決議,通過,,,"115年度行政院公共工程委員會預算「公共工程企劃及法規業務」編列1億0,310萬4千元，辦理政府採購法規事務及相關企劃工作。然目前公共工程推動已深受國內嚴重缺工衝擊。同時，營造業長期面臨原物料波動、工期風險、監造層級多重等問題，人力又大量被科技業等民間市場挖角，使公共工程的技術人才流失加劇，投標意願持續走低，流標情形反覆發生，拖延整體工程進度。惟查115年度預算編列中，尚未見該會就公共工程缺工原因、技術人力培育與留才策略提出具體改善作法。鑑於工程品質與進度均仰賴穩定的人力供給與專業人才，爰建請行政院公共工程委員會應就「公共工程缺工因應策略」與「公共工程專業人才之培訓制度方案」提出具體因應措施，並於3個月內向立法院交通委員會提出書面報告。【73】",,,,,,,,,,115,公共工程委員會,行政院,2026/5/20,何欣純|林俊憲|李昆澤,,,,,,,,,2026-06-13T14:59:36.472Z
11803,主決議,通過,,,"115年度行政院公共工程委員會預算「公共工程技術業務」編列6,827萬3千元，推動公共工程技術資料庫、重大工程技術審議及「淨零轉型、永續臺灣」相關節能減碳工作。惟查公共工程碳排放量估算試辦已逾10年，但基礎資料仍明顯不足。環境部產品碳足跡資訊網雖公開1,164項碳排放係數，然多屬大宗建材且不少已逾有效期限，各部會自行公布之工程碳排係數亦來源不一、標準不一，如經濟部水利署405項、內政部建築研究所120項、農業部農村發展及水土保持署783項等，致部分工程工項迄無可信賴係數可供估算。基礎資料不完備，恐影響工程碳排量估算準確性，亦不利政府檢視節能減碳成效。爰建請行政院公共工程委員會應加速推動工程碳排放係數建置及推動碳排量估算標準化，俾利工程主辦機關及業者有所依循，以順利推動節能減碳政策，並於1個月內向立法院交通委員會提出書面報告。【74】",,,,,,,,,,115,公共工程委員會,行政院,2026/5/20,何欣純|林俊憲|李昆澤,,,,,,,,,2026-06-13T14:59:36.472Z
11804,主決議,通過,,,鑑於近期受中東地緣政治局勢影響，國際油價波動致使國內公共工程高度依賴之石油衍生建材價格大幅攀升，更引發基層營造業者面臨資材斷鏈之困境。此等供給面之系統性風險，除推升工程採購成本外，更直接造成各項國家重大基礎建設發生施工進度滯後及履約爭議之風險。行政院公共工程委員會身為全國公共工程最高督導機關，針對此類因外部環境導致之資材短缺，應從工程執行面之「防範延宕」與「維護契約公平性」出發，協助營造產業共同應對營運風險。復查，國際航運因避開衝突海域改道繞行，導致燃油成本激增及船舶週轉率下降，此等物流成本與時程之轉嫁，對執行中之公共工程契約造成極大壓力。若行政院公共工程委員會現行之物價調整機制未能適時反映石油製品之極端漲幅，或對於因不可抗力之缺料導致工期延誤缺乏具體且具彈性之展延指引，將使承包廠商陷入財務與違約雙重危機，最終恐損及公共工程之施工品質與整體建設進度。行政院公共工程委員會應主動就地緣政治衝突引發之缺料問題，建立更具預見性之行政應變規畫。為確保國家重大基礎建設與日常民生工程不受地緣政治衝擊而停擺，並強化公共工程原物料之戰略韌性，爰建請行政院公共工程委員會於3個月內向立法院交通委員會提出書面報告。【75】,,,,,,,,,,115,公共工程委員會,行政院,2026/5/20,洪孟楷|邱若華|黃健豪,,,,,,,,,2026-06-13T14:59:36.472Z
11805,主決議,通過,,,鑑於我國長期面臨土木職系技術人員錄取率低、離職率高之結構性問題，導致重大地方基礎建設推動受阻。行政院公共工程委員會雖規劃補助大學開設學分班以擴充人才來源，然土木公職人才流失之核心癥結，往往源於工作量負荷過重、履約爭議頻仍以及法律究責風險高昂。若僅有前端之教育開課補助，而缺乏對學員後續就業動向之引導與誘因，恐難落實「在地育才、在地留才」之政策目標。為確保國家預算執行之實質效益，避免相關補助流於形式，行政院公共工程委員會應提供花東地區土木工程學分班執行績效，於3個月內向立法院交通委員會提出書面報告。【76】,,,,,,,,,,115,公共工程委員會,行政院,2026/5/20,洪孟楷|邱若華|黃健豪,,,,,,,,,2026-06-13T14:59:36.472Z
11806,凍結,通過,,5000000,"115年度交通部運輸研究所預算「運輸科技應用研究業務」編列9,953萬2千元，凍結500萬元，俟交通部運輸研究所於3個月內向立法院交通委員會提出書面報告後，始得動支。【3-25】",,,,,,,,,,115,運輸研究所,交通部,2026/5/20,洪孟楷|魯明哲|邱若華|黃健豪|何欣純|陳素月|游顥|林俊憲|李昆澤|許智傑|鍾佳濱|徐富癸|陳雪生|陳清龍,,,,,,,,,2026-06-13T14:59:36.472Z
11807,凍結,通過,,10000000,"115年度交通部運輸研究所預算「運輸研究業務」編列1億6,867萬6千元，凍結1,000萬元，俟交通部運輸研究所於3個月內向立法院交通委員會提出書面報告後，始得動支。【27-38】",,,,,,,,,,115,運輸研究所,交通部,2026/5/20,洪孟楷|魯明哲|邱若華|黃健豪|何欣純|陳素月|游顥|林俊憲|李昆澤|許智傑|徐富癸|陳雪生|陳清龍,,,,,,,,,2026-06-13T14:59:36.472Z
11808,主決議,通過,,,"115年度交通部運輸研究所預算於「運輸科技應用研究業務」項下新增編列「陸運及港灣智慧防災與調適技術研發應用計畫」第1年經費5,700萬元，係辦理研發與應用陸運及港灣智慧防災與調適技術，提升陸運及港灣防救災作業效能與韌性等經費。計畫目標及內容包括「鐵公路及港埠設施韌性及維管技術研發」、「商港海域監測及水工試驗應用技術研發」及「港灣智慧災防預警技術研發」等3項細部計畫，應用科技提升陸運及港灣智慧環境監測及災防能力，強化預警應變力、提升運輸系統回復力及決策支援能力。然近年受極端氣候與強震影響，陸運及港灣設施受損頻仍，交通中斷造成之經濟與社會成本甚鉅。以颱風及豪雨事件為例，111至113年間，因降雨或土石流導致鐵公路阻斷案件逐年增加，113年達87件，較111年增幅近三成；另港區受海象異常影響停航次數概呈上升趨勢，影響港埠營運效率。前期計畫雖已發展檢測、監測與防災應用技術，惟在資料整合、即時預警精度及跨系統應變能量上，仍未能完全滿足實務需求，爰建請交通部運輸研究所應妥慎規劃並強化跨域整合，確保研究成果落實於鐵公路養護、港埠防災演練及應變決策，以殷實推動成效，並於2個月內向立法院交通委員會提出書面報告。【40】",,,,,,,,,,115,運輸研究所,交通部,2026/5/20,何欣純|林俊憲|李昆澤,,,,,,,,,2026-06-13T14:59:36.472Z
11809,主決議,通過,,,"115年度交通部運輸研究所預算於「運輸科技應用研究業務」項下「智慧道路技術應用與運輸效率升級計畫」編列1,600萬元，其中工作內容包含「人工智慧號誌控制精進－多任務強化學習」與「應用影像辨識技術開發市區客運風險分析工具」。經查，美國、英國、德國、荷蘭、日本等國，都有使用智慧交通號誌，其中荷蘭有約26%的號誌系統使用，智慧號誌會自動偵測當下路口車流量變換紅綠燈號，讓民眾不用枯等紅燈。而交通部運輸研究所112年提出之「我國人工智慧車聯網之號誌控制模式探討」報告中，亦有探討智慧號誌，並已在臺北市、臺南市進行測試，然我國當前推動智慧號誌之進度仍有待加強，交通部運輸研究所應與交通部及地方政府積極溝通討論，於夜間等車流較少之時段，擴大測試範圍，蒐集相關測試數據，加速我國智慧運輸推動進程。綜上所述，爰要求交通部運輸研究所應積極與交通部及地方政府溝通討論，擴大測試範圍，加速蒐集相關數據，並於1個月內向立法院交通委員會提出書面報告。【41】",,,,,,,,,,115,運輸研究所,交通部,2026/5/20,萬美玲|邱若華|陳雪生,,,,,,,,,2026-06-13T14:59:36.472Z
11810,主決議,通過,,,"查交通部「道安總動員」統計數據顯示，113年全國事故死傷人數為53萬7,383人，114年增加至53萬6,992人，另行人死傷人數，亦從113年1萬7,162人，114年增至1萬7,295人，增加133人，顯見當前推出之各項交通安全政策成效甚微。國家運輸安全調查委員會於112年之調查報告中，便建議交通部引進道路安全檢核及道路安全檢查機制，並於後續各項調查報告陸續提醒交通部加速引進該機制，希望透過第三方機構，對現有道路進行檢查及交通工程施作期間之檢核，以提升整體道路安全。而交通部運輸研究所於114年提出之「道路安全檢查制度導入研究-建構道路安全檢查工具」中說明，當前該所已完成道路安全檢核及道路安全檢查機制之檢核表，預計於115年與交通部公路局、交通部高速公路局合作，展開示範檢查相關工作。綜上所述，爰要求交通部運輸研究所應加速導入道路安全檢核及道路安全檢查機制之研究，全面檢視我國道路安全，以期降低我國交通事故率，並於1個月內向立法院交通委員會提出書面報告。【42】",,,,,,,,,,115,運輸研究所,交通部,2026/5/20,萬美玲|邱若華|陳雪生,,,,,,,,,2026-06-13T14:59:36.472Z
11811,主決議,通過,,,面對氣候變遷、地緣政治、航行風險及海難搜救等複雜海象問題，傳統定點浮標或船測方式，恐難以滿足現實海洋實況需要。查交通部運輸研究所轄下的交通部運輸研究所運輸技術研究中心（TTRC）致力於運用高科技雷達技術進行商港海象觀測、船舶追蹤及港灣災害應變，且該中心自110年起引進陣列雷達，並在臺中港、臺北港建置多種雷達觀測系統，包括：高頻海洋陣列雷達、微波雷達、雙偏極化雷達系統等。於此，配合政府推動「海域安全監控應變資訊與技術先導計畫」（114-117年），由交通部運輸研究所負責辦理「臺灣海洋雷達觀測網運作與技術發展跨部會整合」分項計畫，用以全力建置國家級海洋雷達觀測網，透過全天候監測海流、波浪與風場變化，全面提升我國海域安全管理與災害應變能力。爰此，要求交通部運輸研究所控管此四年期分項計畫之預算執行情形，適時掌握研究成果，並針對跨部會整合之計畫內容、分年期執行進度，以及規劃應用範圍，於1個月內向立法院交通委員會提出書面報告。【43】,,,,,,,,,,115,運輸研究所,交通部,2026/5/20,洪孟楷|游顥|陳清龍,,,,,,,,,2026-06-13T14:59:36.472Z
11812,主決議,通過,,,運輸部門為了達到淨零排放目標，除了在產業轉型策略方面須推動公路運具電動化之外，也需要搭配生活轉型策略以減少車輛的使用。因此，建構完善之公共運輸、步行與自行車等綠色運輸環境，以及強化私人汽機車之使用管理，亦為運輸部門淨零排放重要的策略。就管理私人運具使用部分，其中「低碳交通區」已納入運輸部門淨零轉型策略之一。考量國外類似案例經驗，未來推動實施低碳交通區，是期望將私人高排碳運具之使用者移轉至公共運輸、步行或騎乘自行車、電動化運輸等替代運具，低碳交通區劃定區域是否具備前開替代運具之使用環境條件，係低碳交通區能否順利推動之重要關鍵。基於國內目前尚無低碳交通區實際推動案例，中央法規亦無明定「低碳交通區」之內涵及形式、管制作法等，希冀儘速達成淨零碳排目標落實之必要，爰請交通部運輸研究所針對低碳交通區內替代運具使用環境相關配套措施提出規劃方案，以期有效達成預期目標，並於1個月內向立法院交通委員會提出書面報告。【44】,,,,,,,,,,115,運輸研究所,交通部,2026/5/20,洪孟楷|游顥|陳清龍,,,,,,,,,2026-06-13T14:59:36.472Z
11813,主決議,通過,,,鑑於毒駕件數暴增且成效改善未達標，引發社會不安，強烈要求加強防制力道。爰要求交通部運輸研究所應於「人本交通運輸研究發展計畫」中，專案執行「高風險毒駕族群駕駛行為與易發路段大數據分析」，積極與內政部警政署接軌，透過AI數據模型找出攔檢熱點，協助執法單位精準打擊。並請於半年向立法院交通委員會提出書面報告，以確保道安政策之時效性。【45】,,,,,,,,,,115,運輸研究所,交通部,2026/5/20,邱若華|黃健豪|陳雪生,,,,,,,,,2026-06-13T14:59:36.472Z
11814,主決議,通過,,,為達成2050淨零轉型，要求交通部運輸研究所於維運「運輸部門淨零排放評估模型」時，應增加「低碳交通行為誘因分析」之專題研究。內容應包含如何透過MaaS系統與TPASS等票證誘因，精準導引民眾由私有運具轉向大眾運輸，並針對偏鄉地區提供具成本效益之低碳運輸方案，避免淨零政策僅侷限於都會區，以落實真正的「交通平權」與「綠色轉型」。爰要求交通部運輸研究所針對上述案由向立法院交通委員會提出書面報告。【46】,,,,,,,,,,115,運輸研究所,交通部,2026/5/20,邱若華|黃健豪|陳雪生,,,,,,,,,2026-06-13T14:59:36.472Z
11815,主決議,通過,,,有鑑於目前我國公共運輸資訊與交通服務仍分散於不同平台、網站及應用程式，民眾經常需於多個介面間切換查詢班次、轉乘資訊及預約服務，不僅操作繁瑣，也提高高齡者、城際旅客及觀光旅客之使用門檻，形成數位落差，影響公共運輸使用便利性與整體交通服務品質。尤其對初次抵達陌生城市或入境之外籍旅客而言，往往難以即時掌握聯外交通、轉乘接駁及計程車叫車資訊，降低旅運效率與觀光友善程度。交通部運輸研究所近年已逐步推動跨域公共運輸資訊整合服務，導入自然語言互動技術，整合公共運輸資訊查詢及計程車自動化預約功能，使民眾可透過更直覺、友善之方式取得交通資訊與完成預約服務，免除下載及學習多種公共運輸APP之不便，作為未來推動一站式智慧交通資訊服務的重要基礎，方向值得肯定。惟目前相關服務仍處於逐步整合階段，各地方政府公共運輸資訊格式、系統介接及計程車派遣平台整合程度不一，跨縣市與跨運具服務尚未完全建構，整體服務覆蓋率與實際應用場域仍有提升空間。另於航空場站部分，旅客抵達後之聯外交通資訊、乘車導引及即時預約服務仍相對分散，尚未形成完整智慧接駁服務體系。爰此，要求交通部運輸研究所應會同交通部民用航空局、交通部公路局、交通部觀光署及各地方政府，加速推動全國公共運輸資訊整合發展，建立跨縣市、跨運具之統一資訊介接與服務機制，擴大整合航空、公車、客運、軌道運輸、公共自行車及計程車等交通資訊查詢與預約服務，並強化高齡者與觀光旅客友善介面設計，強化我國智慧交通與觀光服務品質。【47】,,,,,,,,,,115,運輸研究所,交通部,2026/5/20,何欣純|陳素月|林俊憲,,,,,,,,,2026-06-13T14:59:36.472Z
11816,主決議,通過,,,有鑑於臺灣地形狹長且山區、離島與偏鄉聚落眾多，每逢颱風、豪雨、地震等天然災害發生時，常因道路中斷、橋梁受損或聯外交通受阻，導致民生物資、醫療藥品及救援設備無法即時送達，嚴重影響居民安全與災害應變效率。交通部運輸研究所近年推動無人機偏鄉物流服務，並自2026年起邁入商業營運驗證階段，期藉由無人機具備高機動性、快速部署及不受地面交通限制等特性，建立偏遠地區物資運輸新模式，此方向值得肯定。惟以2025年丹娜絲颱風為例，部分地區曾因強降雨及道路坍方造成交通中斷，災區民眾面臨物資補給與醫療運送困難，也凸顯我國現行災時物流體系仍高度依賴傳統道路運輸，一旦聯外道路中斷，即可能影響救災黃金時間與民生穩定。面對極端氣候日益頻繁，如何建立具備韌性、分散化與快速應變能力之災害物流系統，已成為政府必須正視之課題。爰此，要求交通部運輸研究所應會同交通部民用航空局、內政部消防署及相關地方政府，加速推動無人機偏鄉物流與災害應變運輸機制，以確保於重大災害發生時，民生物資、藥品及救援設備得以即時、安全送達，提升我國整體災害防救韌性與緊急應變能力。【48】,,,,,,,,,,115,運輸研究所,交通部,2026/5/20,何欣純|陳素月|林俊憲,,,,,,,,,2026-06-13T14:59:36.472Z
11817,主決議,通過,,,"115年度交通部運輸研究所預算於第1目「運輸科技應用研究業務」編列預算9,953萬2千元。查該分支計畫項下編列之「海空運輸系統智慧化應用與效能提升科技研發計畫」、「運輸部門深度減碳與調適研究計畫」、「無人機於交通領域創新應用之整合測試計畫」均為4年期計畫，然前述之計畫各年度之總經費均不同。「海空運輸系統智慧化應用與效能提升科技研發計畫」112年計畫總經費2,492萬7千元、113年為2,218萬8千元、114年為1,985萬8千元、115年為1,876萬8千元；「運輸部門深度減碳與調適研究計畫」112年計畫總經費為6,600萬元、113年為4,644萬元、114年為4,428萬2千元、115年為4,335萬7千元；「無人機於交通領域創新應用之整合測試計畫」112年計畫總經費7,800萬元、113年為6,166萬元、114年為6,081萬3千元、115年5,351萬7千元，惟前述計畫於各年度計畫說明欄亦未有變更計畫之說明，顯不合理。爰要求交通部運輸研究所於1個月內向立法院交通委員會提出書面報告。【2】",,,,,,,,,,115,運輸研究所,交通部,2026/5/20,萬美玲|邱若華|陳雪生,,,,,,,,,2026-06-13T14:59:36.472Z
11818,凍結,通過,,1000000,"115年度國軍退除役官兵輔導委員會第2目「退除役官兵就學、職訓」預算編列1,740萬6千元。查國軍退除役官兵輔導委員會為激勵退除役官兵就業意願及培養其專業技能並促進長期就業，自107年7月1日起試辦促進退除役官兵穩定就業方案。對在同一就業機構穩定就業達3個月以上者，發給職業訓練訓後就業穩定津貼及推介就業穩定津貼。經查，就國軍退除役官兵輔導委員會提供109至113年度核定促穩方案申請名冊與該會榮民（遺）眷名冊及申請人就業單位資料，申請津貼者但身分不合「促進退除役官兵穩定就業津貼發給辦法」第15條第1項第9款規定，而溢領津貼之總金額計30萬元，仍有審核未臻嚴謹之現象。為敦促國軍退除役官兵輔導委員會加強案件審查，爰凍結該項預算100萬元，俟國軍退除役官兵輔導委員會於5個月內向立法院外交及國防委員會提出書面報告後，始得動支。【8】",,,,,,,,,,115,國軍退除役官兵輔導委員會,退輔會,2026/5/18,陳俊宇|沈伯洋|羅美玲,,,,,,,,,2026-06-13T14:59:36.472Z
11819,凍結,通過,,1000000,"115年度國軍退除役官兵輔導委員會第2目「退除役官兵就學、職訓」項下「退除役官兵職業技術訓練」中「業務費」編列1,485萬3千元。經查，職業訓練中心近3年部分班隊屢有參訓人數不足、無訓練單位投標、開班後停班，及訓後就業率未臻理想等情形，顯示現行職業訓練班隊規劃、招生宣導及課程設計，尚有精進空間，恐影響預算執行效益及退除役官兵參訓權益。爰請國軍退除役官兵輔導委員會於規劃開訓班隊時，應參酌歷年國軍志願役官兵退伍人數、區域分布及轉職需求等數據，適時調整班隊類別、訓練流路及開班規模，以貼近退除役官兵實際需求，提升參訓意願與訓練媒合成效，另應妥善運用平面、網路及社群媒體等多元管道，加強招訓資訊宣導，並結合國家產業政策、企業用人趨勢及就業市場變化，滾動檢討職訓課程內容與技能項目，強化訓用合一機制，以提升訓後就業率及職訓資源使用效能，避免因招生不足致停班，造成公帑浪費。基此，凍結該項預算100萬元，俟國軍退除役官兵輔導委員會向立法院外交及國防委員會提出書面報告並經同意後，始得動支。【10】【9】【11】",,,,,,,,,,115,國軍退除役官兵輔導委員會,退輔會,2026/5/18,牛煦庭|馬文君|黃建賓|黃仁|陳永康|王安祥,,,,,,,,,2026-06-13T14:59:36.472Z
11820,凍結,通過,,1000000,"115年度國軍退除役官兵輔導委員會第4目「退除役官兵服務救助與照顧」項下「基本行政工作維持」中「業務費」預算編列5,714萬3千元。國軍退除役官兵輔導委員會辦理榮民人瑞百歲慶生文康活動，旨在秉持「主動關懷、感動服務」宗旨，感念榮民先進早年崇公報勳之精神，惟查115年度相關預算編列金額較114年度增加355萬元，於預算書表中並未針對增列原因、預估人數成長等細節提出詳細說明，爰凍結該項預算100萬元，俟國軍退除役官兵輔導委員會向立法院外交及國防委員會提出書面報告，經同意後，始得動支。【14】【15】【16】【17】",,,,,,,,,,115,國軍退除役官兵輔導委員會,退輔會,2026/5/18,牛煦庭|馬文君|王定宇|沈伯洋|羅美玲|林楚茵|王義川|陳永康,,,,,,,,,2026-06-13T14:59:36.472Z
11821,凍結,通過,,1000000,"115年度國軍退除役官兵輔導委員會第5目「一般行政」預算編列37億2,826萬7千元。查國軍退除役官兵輔導委員會為提供榮民眷醫療服務，依全民健康保險法規定補助健康保險費及醫療部分負擔。經查，截至113年8月底止，新北市榮民服務處於86至105年間遭永久停權榮民計15位，待追償金額計4,506萬餘元，惟未於「追繳溢發就養給付系統」登載列管追繳情形，亦未列帳；又上開案件因債務人聯繫困難、於移送行政執行未依限補正遭退件、未取得債權憑證、未管制執行及憑證逾期未換發等，致罹於請求權時效。為敦促國軍退除役官兵輔導委員會加強案件列管及追償作業，爰凍結該項預算100萬元，俟國軍退除役官兵輔導委員會於5個月內向立法院外交及國防委員會提出書面報告後，始得動支。【26】",,,,,,,,,,115,國軍退除役官兵輔導委員會,退輔會,2026/5/18,陳俊宇|沈伯洋|羅美玲,,5471,,,一般行政,,,930059000,2026-06-13T14:59:36.472Z
11822,凍結,通過,,1000000,"115年度國軍退除役官兵輔導委員會第5目「一般行政」項下「基本行政工作維持」中「業務費」之「物品」預算編列1,031萬1千元。鑑於全球環保意識日益高漲，各國紛紛推動淨零碳排，我國政府亦積極接軌國際趨勢，推動「2050淨零轉型」目標。同時透過「E化政府」等政策，提升行政效率並降低資源消耗。國軍退除役官兵輔導委員會近年亦配合政策方向，逐步推動車輛汰換與節能措施，朝向低碳與永續發展邁進。惟國軍退除役官兵輔導委員會115年度「一般行政」項下「基本行政工作維持」之「物品」編列費用達1,031萬1千元，較114年度871萬4千元增加約160萬元，且114年度該項決算金額僅約810萬7千餘元，與當前政府強調撙節支出、落實財政紀律之原則未盡相符。尤其在數位化與設備汰換逐步推動下，物品支出理應隨之優化控管，而非顯著成長。為使資源合理配置並強化預算紀律，以符政策方向並落實政府整體財政健全目標。爰凍結該項預算100萬元，俟國軍退除役官兵輔導委員會向立法院外交及國防委員會提出書面報告並經同意後，始得動支。【28】【27】",,,,,,,,,,115,國軍退除役官兵輔導委員會,退輔會,2026/5/18,牛煦庭|馬文君|黃建賓|陳永康|王安祥,,,,,,,,,2026-06-13T14:59:36.472Z
11823,凍結,通過,,2000000,"查國軍退除役官兵輔導委員會所屬臺北、臺中、高雄榮民總醫院係屬資安等級A級機關，須配合辦理「強化資料傳輸韌性計畫」案之相關T-Road基礎環境資訊硬體、網路環境與資安服務等建置工作；為強化政府機關之間資料傳輸之安全性與韌性，於推動該計畫案時，允宜設立專責小組，加強相關部會協調，並妥為運用資安維運及人力培訓經費，確保系統建置後能穩定運作。爰針對115年度國軍退除役官兵輔導委員會第5目「一般行政」項下「辦理統計與資訊管理作業」預算編列1億3,966萬5千元，凍結200萬元，俟國軍退除役官兵輔導委員會於3個月內向立法院外交及國防委員會提出資安監測與應變機制之書面報告後，始得動支。【32】【31】【33】【34】【35】【36】【37】【38】【39】",,,,,,,,,,115,國軍退除役官兵輔導委員會,退輔會,2026/5/18,徐巧芯|牛煦庭|馬文君|王定宇|黃建賓|黃仁|沈伯洋|羅美玲|王義川|陳永康|王安祥,,,,,,,,,2026-06-13T14:59:36.472Z
11824,凍結,通過,,2000000,"115年度國軍退除役官兵輔導委員會第6目「榮民醫療照護」項下「對榮民及特定醫療體系之補助」預算編列16億7,128萬1千元。據國軍退除役官兵輔導委員會「113年所屬醫療機構員額評鑑結論報告」指出，112年度國軍退除役官兵輔導委員會所屬醫療機構中，部分地處偏遠或為特殊門診之醫療機構面臨嚴峻人力短缺，其中臺北榮民總醫院桃園分院之缺額比率高達25.09%，恐因推動業務不易，致影響醫療服務品質，而該25.09%之缺額率，係將職聘僱人力與事務性人力合併計算之整體數據。針對臺北榮民總醫院桃園分院高達25.09%之整體人力缺額率，國軍退除役官兵輔導委員會卻僅以「公職護理人力空缺率是0%」及「三班護病比達標」之數據作為回應來轉移焦點。若整體缺額率居高不下而僅有公職護理滿編，即代表其他職類（如約聘醫事人員、行政人員及技術人員等）存在極度嚴重之缺額問題。又桃園市為我國人口成長最快之直轄市，整體醫療需求持續增加，臺北榮民總醫院桃園分院不僅負責照護榮民（眷），更是桃園地區極為重要之區域醫院。臺北榮民總醫院桃園分院整體缺額率在所有榮民醫院中居冠非一朝一夕造成，若人力長期短缺，勢必將嚴重衝擊桃園市民之就醫權益與醫療品質。對此，國軍退除役官兵輔導委員會應嚴肅以待，探究背後之結構性問題（如薪資結構、地理位置或工作環境等），而非以不同口徑之數字粉飾太平。綜上，為促使國軍退除役官兵輔導委員會正視並解決臺北榮民總醫院桃園分院整體人力嚴重短缺之困境，請國軍退除役官兵輔導委員會盤點最新之整體人力缺額率並針對臺北榮民總醫院桃園分院各職類整體員額缺額現況（含目前缺額最嚴重之職類與人數）作具體改善對策。爰凍結該項預算200萬元，俟國軍退除役官兵輔導委員會於1個月內向立法院外交及國防委員會提出書面報告並經同意後，始得動支。【40】【41】",,,,,,,,,,115,國軍退除役官兵輔導委員會,退輔會,2026/5/18,牛煦庭|馬文君|黃建賓|陳永康,,5527,,,榮民醫療照護,對榮民及特定醫療體系之補助,,1671281000,2026-06-13T14:59:36.472Z
11825,凍結,通過,,1000000,"115年度國軍退除役官兵輔導委員會第6目「榮民醫療照護」項下「各級榮民醫院營運督導管理」預算編列1,435萬6千元。查負責榮民總醫院體系醫藥物流之嘉里醫藥物流股份有限公司，其母公司疑涉中國資本，根據 2025 年 10 月統計，各榮民總醫院及分院委託該公司配送之藥品比例從23%至80%不等。醫藥物流涉及病患敏感資訊、藥品供應鏈安全及戰時應變能力，委託具中資背景廠商，恐衍生國家安全風險。國軍退除役官兵輔導委員會應督導各分院加快換約進度，並落實切結書之審核把關。爰凍結該項預算100萬元，俟國軍退除役官兵輔導委員會於3個月內向立法院外交及國防委員會提出書面報告並經同意後，始得動支。【44】【43】【45】【46】【47】【48】【49】",,,,,,,,,,115,國軍退除役官兵輔導委員會,退輔會,2026/5/18,徐巧芯|牛煦庭|陳俊宇|馬文君|陳冠廷|黃建賓|沈伯洋|羅美玲|林楚茵|王義川|陳永康|王安祥,,5528,,,榮民醫療照護,各級榮民醫院營運督導管理,,14356000,2026-06-13T14:59:36.472Z
11826,凍結,通過,,2000000," 115年度國軍退除役官兵輔導委員會第6目「榮民醫療照護」項下「醫事人力培訓與專業教育訓練」中「獎補助費」，案係國軍退除役官兵輔導委員會配合衛生福利部辦理重點科別培訓公費醫生及委託國防醫學大學代訓公費生所需之獎補助費。有關經費支用數主要依照培訓生人數而定。依114年度執行率約僅83%，國軍退除役官兵輔導委員會應採取積極措施，提高公費醫生的報名、錄取人數，以滿足偏鄉公費醫生之需求。爰針對	115年度國軍退除役官兵輔導委員會第6目「榮民醫療照護」項下「醫事人力培訓與專業教育訓練」中「獎補助費」預算編列6,800萬4千元，爰凍結200萬元，俟國軍退除役官兵輔導委員會向立法院外交及國防委員會提出書面報告並經同意後，始得動支。【50】",,,,,,,,,,115,國軍退除役官兵輔導委員會,退輔會,2026/5/18,牛煦庭|馬文君|陳永康,,5529,,,榮民醫療照護,醫事人力培訓與專業教育訓練,獎補助費,68004000,2026-06-13T14:59:36.472Z
11827,凍結,通過,,3000000," 115年度國軍退除役官兵輔導委員會第6目「榮民醫療照護」項下「偏鄉醫師留任獎勵計畫」，案係國軍退除役官兵輔導委員會配合衛福部辦理偏鄉醫生留任計畫之獎補助費。有關經費支用數主要依偏鄉醫生留任人數而定。依114年度執行率約僅86%，國軍退除役官兵輔導委員會應採取積極措施，提高偏鄉醫生留任之意願及積極爭取加入，以滿足偏鄉醫生之需求。爰針對	115年度國軍退除役官兵輔導委員會第6目「榮民醫療照護」項下「偏鄉醫師留任獎勵計畫」預算編列6,076萬2千元，凍結300萬元，俟國軍退除役官兵輔導委員會向立法院外交及國防委員會提出書面報告並經同意後，始得動支。【51】",,,,,,,,,,115,國軍退除役官兵輔導委員會,退輔會,2026/5/18,牛煦庭|馬文君|陳永康,,5530,,,榮民醫療照護,偏鄉醫師留任獎勵計畫,,60762000,2026-06-13T14:59:36.472Z
11828,凍結,通過,,1000000,"115年度國軍退除役官兵輔導委員會第7目「榮民安養及養護」預算編列78億3,319萬5千元。查審計部113年總決算審計報告指出：國軍退除役官兵輔導委員會雖訂有國軍退除役官兵輔導委員會所屬機構保管榮民重要財物作業原則，確保榮民財產安全。惟部分榮家陸續出現未依規定移交榮民財務、代為處理榮民日常開支請託提領現金超過金額等疏漏。為督促榮家重新檢討現有財物保管機制，爰凍結該項預算100萬元，俟國軍退除役官兵輔導委員會於3個月內向立法院外交及國防委員會提出書面報告後，始得動支。【52】【53】",,,,,,,,,,115,國軍退除役官兵輔導委員會,退輔會,2026/5/18,陳俊宇|沈伯洋|羅美玲|林楚茵,,5531,,,榮民安養及養護,,,7833195000,2026-06-13T14:59:36.472Z
11829,凍結,通過,,5000000,"115年度國軍退除役官兵輔導委員會第7目「榮民安養及養護」項下「基本行政工作維持」中「設備及投資」之「雜項設備費」，其中佳里榮民之家電梯主機更換37萬4千元及導入智慧科技產品，租賃2,604床智慧床墊預算編列1,874萬9千元。智慧床墊採租賃方式之效益相較於購置是否更高，根據市場行情，醫療長照型智慧床墊租金高昂，因包含維護成本與軟體服務費，每床每年租金約為5至10萬左右，惟預算書說明欄顯示，每床每年租金僅須約7,200元，價差如此之高，所租賃床墊之品質是否真能符合需求。爰凍結租賃智慧床墊該項預算500萬元，俟國軍退除役官兵輔導委員會於1個月內向立法院外交及國防委員會提出書面報告並經同意後，始得動支。【59】【54】【55】【60】",,,,,,,,,,115,國軍退除役官兵輔導委員會,退輔會,2026/5/18,牛煦庭|馬文君|黃建賓|黃仁|陳永康,,5532,,,榮民安養及養護,基本行政工作維持,設備及投資 > 雜項設備費,18749000,2026-06-13T14:59:36.472Z
11830,凍結,通過,,2000000,"115年度國軍退除役官兵輔導委員會第8目「一般建築及設備」第1節「營建工程」項下「安養機構房舍及生活設施整建工程」預算編列7,528萬3千元。其中「岡山榮家風雨走廊興建工程」預算編列1,172萬元，考量榮民之家使用者多為高齡、行動不便、使用輪椅或助行器的長輩，因此「安全性」與「細節設計」必須優先於美觀，應檢視施工圖說之必要性及是否影響無障礙動線，包含：地面防滑與平整度、排水系統設計、扶手配置、頂棚與側向保護、照明與智慧化整合等。爰凍結該項預算200萬元，俟國軍退除役官兵輔導委員會於1個月內向立法院外交及國防委員會提出書面報告並經同意後，始得動支。【61】【62】【63】",,,,,,,,,,115,國軍退除役官兵輔導委員會,退輔會,2026/5/18,牛煦庭|馬文君|王定宇|黃仁|沈伯洋|王義川|陳永康,,5533,,,一般建築及設備,營建工程,安養機構房舍及生活設施整建工程,75283000,2026-06-13T14:59:36.472Z
11831,凍結,通過,,2000000,"115年度國軍退除役官兵輔導委員會第8目「一般建築及設備」第1節「營建工程」項下「提升失智照顧量能長照忘我園區中程計畫」預算編列4億8,614萬元。國軍退除役官兵輔導委員會賡續辦理「提升失智照顧量能長照忘我園區中程計畫」，惟該計畫截至114年底止尚有保留款約0.64億餘元待執行，且總累計執行進度落後約6%，允宜強化工期管控機制與階段性稽核，以確保計畫如期如質完成。爰凍結該項預算200萬元，俟國軍退除役官兵輔導委員會於2個月內向立法院外交及國防委員會提出書面報告並經同意後，始得動支。【64】【65】【66】【67】",,,,,,,,,,115,國軍退除役官兵輔導委員會,退輔會,2026/5/18,牛煦庭|陳俊宇|馬文君|陳冠廷|黃建賓|黃仁|羅美玲|王義川|陳永康,,5534,,,一般建築及設備,營建工程,提升失智照顧量能長照忘我園區中程計畫,486140000,2026-06-13T14:59:36.472Z
11832,凍結,通過,,5000000,"115年度國軍退除役官兵輔導委員會第8目「一般建築及設備」第1節「營建工程」項下「會本部房舍整建工程」預算編列9,099萬1千元。查松柏新村房舍屋齡逾40年，且附近民眾已多次反映該房舍外牆磁磚剝落等公共安全問題，應盡速改善。查相鄰住戶正積極辦理都市更新，請國軍退除役官兵輔導委員會研議共同參與都市更新，以利房舍得一次性修繕，而非每年預算編列針對老舊房舍進行維修，為避免預算浮編、施工招標延宕以及撙節預算，請重新評估預算使用效益。爰凍結該項預算500萬元，俟國軍退除役官兵輔導委員會於1個月內向立法院外交及國防委員會提出書面報告並經同意後，始得動支。【69】【68】【70】【71】【72】",,,,,,,,,,115,國軍退除役官兵輔導委員會,退輔會,2026/5/18,徐巧芯|牛煦庭|馬文君|王定宇|黃建賓|黃仁|沈伯洋|王義川|陳永康,,5535,,,一般建築及設備,營建工程,會本部房舍整建工程,90991000,2026-06-13T14:59:36.472Z
11833,凍結,通過,,1000000,"115年度國軍退除役官兵輔導委員會第8目「一般建築及設備」第2節「交通及運輸設備」項下「服務機構車輛汰購」預算編列1,583萬元。其中增購各榮民服務處新增社區服務組長公務重型電動機車21輛，計189萬元。惟國軍退除役官兵輔導委員會各榮民服務處近年員額並無明顯增加跡象，即使新增任務，是否有增購車輛需求，尚待說明，爰凍結該項預算100萬元，俟國軍退除役官兵輔導委員會於1個月內向立法院外交及國防委員會提出書面報告並經同意後，始得動支。【73】",,,,,,,,,,115,國軍退除役官兵輔導委員會,退輔會,2026/5/18,牛煦庭|馬文君|黃仁,,5536,,,一般建築及設備,交通及運輸設備,服務機構車輛汰購,15830000,2026-06-13T14:59:36.472Z
11834,凍結,通過,,1000000,115年度國軍退除役官兵輔導委員會第8目「一般建築及設備」第2節「交通及運輸設備」項下「安養機構車輛汰購」預算編列890萬元。該項預算係辦理雲林榮家增購復康巴士1輛，並汰換中彰、佳里、岡山及彰化榮家之公務輕型電動機車，以及佳里、馬蘭榮家之公務電動汽車。惟查「救護車」量能實則更攸關榮民緊急傷病送醫之生命安全，其汰換急迫性與風險管理之重要性，顯應高於一般行政公務車輛。然預算書表中並未針對全台榮家救護車之車齡現狀、妥善率進行通盤檢討，亦未說明救護車汰換規劃與資源分配之優先順序。為督促機關落實風險管理，優先保障榮民醫療後送安全，爰凍結該項預算100萬元，俟國軍退除役官兵輔導委員會向立法院外交及國防委員會提出書面報告後，始得動支。【74】,,,,,,,,,,115,國軍退除役官兵輔導委員會,退輔會,2026/5/18,王定宇|沈伯洋|王義川,,5537,,,一般建築及設備,交通及運輸設備,安養機構車輛汰購,8900000,2026-06-13T14:59:36.472Z
11835,凍結,通過,,5000000,"115年度國軍退除役官兵輔導委員會第10目「退除役官兵退休給付」預算編列1,063億8,402萬7千元。近年屢有退役軍官赴中參加活動或受中國媒體邀請，發表附和中共立場之言論，嚴重損害國家尊嚴及國軍形象。國軍退除役官兵輔導委員會雖提出多項精進作為，惟仍未能有效落實並遏止類似情事發生，影響國軍士氣甚鉅。國軍退除役官兵輔導委員會作為退除役官兵主管機關，應加強國安意識宣導，防範退役軍人遭統戰利用。對於退役軍人損害國家尊嚴之不當言行，應積極調查處理，以維護國家安全與軍人榮譽。爰凍結該項預算500萬元，俟國軍退除役官兵輔導委員會向立法院外交及國防委員會提出書面報告後，始得動支。【75】",,,,,,,,,,115,國軍退除役官兵輔導委員會,退輔會,2026/5/18,沈伯洋|羅美玲|林楚茵,,5538,,,退除役官兵退休給付,,,106384027000,2026-06-13T14:59:36.472Z
11836,凍結,通過,,1000000,"115年度國軍退除役官兵輔導委員會第10目「退除役官兵退休給付」項下「官兵一次退除役」預算編列85億4,792萬8千元。查114年度實際執行數71億2,201萬4千元，較預算數91億3,556萬元，減少20億1,354萬6千元。該項給付雖係依法辦理之法律義務支出，然預算編列仍應基於精準之人力需求與流動統計，以避免預算資源遭過度匡列，影響政府財政資源分配之有效性。請國軍退除役官兵輔導委員會應針對退除役人力流動之精算更加精確，爰凍結該項預算100萬元，俟國軍退除役官兵輔導委員會向立法院外交及國防委員會提出書面報告後，始得動支。【76】",,,,,,,,,,115,國軍退除役官兵輔導委員會,退輔會,2026/5/18,王定宇|沈伯洋|王義川,,5539,,,退除役官兵退休給付,官兵一次退除役,,8547928000,2026-06-13T14:59:36.472Z
11837,主決議,通過,,,鑑於財團法人榮民榮眷基金會透過基金孳息與資產活化之所得，協助辦理榮民(眷)重大意外災害救助與清寒榮民子女教育獎助等重要福利服務事項。經查115年度基金會資金運用主要以銀行存款為主，占基金會資產規模高達9成，並以定期存款利率1.7%計算利息收入預算編列。惟中央銀行最新預測115年CPI年增率恐達1.8%，可能使基金會資產縮水。另查公務人員退休撫卹基金、勞動基金截至115年2月底，基金實際收益率均達10%，且以長期成果來看，整體勞動基金近10年平均收益率亦維持10%之高。允宜思考財團法人榮民榮眷基金會之資金運用與操作方式，以確保基金財務與榮民服務之永續。爰請國軍退除役官兵輔導委員會於2個月內就「提升榮民榮眷基金之資金運用與投資收益」向立法院外交及國防委員會提出書面報告。【78】,,,,,,,,,,115,國軍退除役官兵輔導委員會,退輔會,2026/5/18,牛煦庭|黃建賓|陳永康|王安祥,,,,,,,,,2026-06-13T14:59:36.472Z
11838,主決議,通過,,,"鑑於近年退除役官兵溢領退休俸金額急遽攀升，9年間累計溢領金額已達1.8億餘元。國軍退除役官兵輔導委員會已建立跨部會協調機制與資訊交換平臺，定期將支領定期俸金之領受人員資料檔及需查驗事項送請查驗機關查證，有效管理發放及減少溢發，以提高發放精確度及強化事前預防之目的。惟105至113年度累計溢領金額計達1億8,850萬餘元，累計收回及繳庫數合計4,268萬餘元，尚有待收回繳庫金額為1億3,951萬餘元，回收率僅22.65%，顯示退除役官兵溢領退休俸之追繳成效欠佳。爰請國軍退除役官兵輔導委員會於2個月內就「強化退除役官兵溢領追繳機制及成效之作為」向立法院外交及國防委員會提出書面報告。【79】",,,,,,,,,,115,國軍退除役官兵輔導委員會,退輔會,2026/5/18,牛煦庭|黃建賓|王安祥,,,,,,,,,2026-06-13T14:59:36.472Z
11839,主決議,通過,,,國軍退除役官兵輔導委員會轉投資事業之核心目的，除穩定國家能源民生需求外，更負有安置退除役官兵就業、保障官兵退伍生活之社會責任。根據國軍退除役官兵輔導委員會2026年3月提供的最新數據顯示，在15家國軍退除役官兵輔導委員會轉投資的天然氣與石油氣公司中，多數公司的「退除役官兵安置率」皆高於「持股率」，惟欣彰天然氣股份有限公司之國軍退除役官兵輔導委員會持股高達34.08%，在各轉投資天然氣及石油氣事業中排名居前，然其安置率竟僅有20.11%，位居末位。對比持股比例相近之欣桃天然氣股份有限公司(持股率41.45%、安置率49.72%)或持股更低之欣高石油氣股份有限公司(持股率21.26%、安置率36.19%)，欣彰天然氣股份有限公司之安置率顯有落差。雖已連續數年於立法院外交及國防委員會提出質詢，然該公司安置成效始終未見起色。另查國軍退除役官兵輔導委員會轉投資的15家天然氣股份有限公司中，欣彰天然氣股份有限公司的持股率(34.08%)排名第6，甚至持股低於欣彰天然氣股份有限公司之欣屏天然氣股份有限公司、欣湖天然氣股份有限公司、欣雲天然氣股份有限公司等公司，國軍退除役官兵輔導委員會皆尚能保有董事長或總經理之派任權，但欣彰天然氣股份有限公司卻是高持股公司中唯一一家「既無會薦董事長、也無會薦總經理」的公司，顯有股權與人事權不對等的現象，此現象是否間接導致退除役官兵安置率無法提升之原因，請國軍退除役官兵輔導委員會基於保障退員就業權益的基礎上進行深切探究。請國軍退除役官兵輔導委員會於2個月內向立法院外交及國防委員會提出具體改善與提高安置率的研議方案。【80】,,,,,,,,,,115,國軍退除役官兵輔導委員會,退輔會,2026/5/18,王定宇|沈伯洋|王義川,,,,,,,,,2026-06-13T14:59:36.472Z
11840,主決議,通過,,,"115年度國軍退除役官兵輔導委員會第5目「一般行政」項下「辦理統計與資訊管理作業」中「設備及投資」預算編列8,502萬4千元，其中包含採購AI面試設備20套143萬6千元。國軍退除役官兵輔導委員會肩負輔導國軍退除役官兵就業、就醫、就養之政策任務。退役官兵自軍中轉換至民間企業，常面臨履歷撰寫、面試應對等求職關卡，於人工智慧技術蓬勃發展之際，引進AI面試模擬設備協助退役官兵熟悉現代職場面試型態、提升求職競爭力，於政策方向上具備前瞻性，應予支持。惟查預算書內就本項採購未有具體說明，包括：採購20套設備之配置單位、實際運用情境（求職模擬訓練、職能評估、輔導員教學等）、付款方式（1次買斷或訂閱授權制）、後續維運及授權續約費用、退役官兵使用過程中個人資料、面試影音、生物特徵資料之保護機制、設備廠商背景及供應鏈資安檢核等事項，均未於預算書中詳細說明，預算編列依據之合理性與後續執行之透明度，宜有具體說明。爰請國軍退除役官兵輔導委員會於3個月內向立法院外交及國防委員會提出書面報告。【81】",,,,,,,,,,115,國軍退除役官兵輔導委員會,退輔會,2026/5/18,陳俊宇|沈伯洋|王義川,,5540,,,一般行政,辦理統計與資訊管理作業,設備及投資,85024000,2026-06-13T14:59:36.472Z
11841,主決議,通過,,,國軍退除役官兵輔導委員會所屬榮民醫院體系遍布全國，其中偏鄉及離島地區，肩負當地醫療照護重要任務，服務對象不僅限於榮民榮眷，亦涵蓋一般民眾，於偏鄉醫療資源不足之現況下，扮演不可取代之角色。國軍退除役官兵輔導委員會與衛生福利部共同推動「偏鄉醫師留任獎勵計畫」，以留任偏鄉醫師人力，於穩定醫療量能上具有政策必要性。 惟查現行偏鄉醫療人力短缺問題，並不僅限於醫師職類，護理人員流失情形亦同樣嚴峻。全國領有護理執照而未執業者眾多，護病比過高、工作負荷沉重、薪資待遇與都會地區落差等因素，致使偏鄉護理人力招募與留任格外困難；榮民醫院偏鄉院區所面臨之護理人力缺口，亦為長期未解之結構性問題。僅就醫師職類提供留任獎勵，而未及於同樣關鍵之護理人力，恐難達成偏鄉醫療整體量能穩定之政策目標。爰請國軍退除役官兵輔導委員會研議比照「偏鄉醫師留任獎勵計畫」，新增「偏鄉護理人員留任獎勵計畫」，並由國軍退除役官兵輔導委員會額外編列預算加碼補助偏鄉醫師、醫護人員，以穩定榮民醫院偏鄉院區整體醫療量能。【82】,,,,,,,,,,115,國軍退除役官兵輔導委員會,退輔會,2026/5/18,陳俊宇|沈伯洋|王義川,,,,,,,,,2026-06-13T14:59:36.472Z
11842,主決議,通過,,,查退除役官兵溢領退休俸之金額已達1.8億餘元，健保與醫療費補助溢領之金額亦累計達1.2億餘元；為有效預防溢領情事，應建置跨部會即時數據查核平臺，強化事前預防機制並降低溢領數，此外，亦應研擬追繳計畫、提高回收率，以確保國庫權益。爰請國軍退除役官兵輔導委員會於3個月內向立法院外交及國防委員會提出強化預防機制暨溢領追繳計畫之書面報告。【83】,,,,,,,,,,115,國軍退除役官兵輔導委員會,退輔會,2026/5/18,沈伯洋|羅美玲|王義川,,,,,,,,,2026-06-13T14:59:36.472Z
11843,主決議,通過,,,查國軍退除役官兵輔導委員會所屬彰化農場嘉義分場長期閒置，歷經多次招商波折，因投資條件、區位限制及市場環境等因素，致前4次公告均無廠商投標。經持續調整招商條件，始於第5次招商完成甄審程序並評定最優申請人，採ROT模式整建既有設施並營運，旨在透過公私協力方式活化既有資產，達到活絡地方經濟及滿足國人觀光休憩需求之目標。惟鑑於過往履約及營運管理屢生問題，為確保本次促參案能長期穩定經營，國軍退除役官兵輔導委員會應說明得標廠商具體經營計畫、履約管理機制、預期營運效益、對地方經濟之影響，以及如何兼顧環境保護責任。爰請國軍退除役官兵輔導委員會於3個月內向立法院外交及國防委員會提出書面報告。【84】,,,,,,,,,,115,國軍退除役官兵輔導委員會,退輔會,2026/5/18,沈伯洋|羅美玲|林楚茵,,,,,,,,,2026-06-13T14:59:36.472Z
11844,主決議,通過,,,國軍退除役官兵輔導委員會轄下榮民醫療體系於國家防衛與災害應變中扮演重要角色，近年各榮民醫院陸續辦理韌性醫療相關業務，包括戰時醫材儲備與換新、災害應變訓練及跨機關協同演練等工作。惟相關業務計畫與執行成果未明確呈現於預算報告或業務報告中，致使預算編列基準、資源投入情形及成效評估均欠缺透明度。面對國際地緣政治動盪，醫療機構已成為防衛體系之重要環節，韌性醫療之建構攸關國家安全與民眾福祉。國軍退除役官兵輔導委員會應就韌性醫療相關業務進行通盤檢視，說明現行執行情形、預算編列、成果量化指標，並評估未來擴大計畫之量能需求及對其他醫療業務之影響，俾利監督並確保資源有效配置。爰請國軍退除役官兵輔導委員會於3個月內向立法院外交及國防委員會提出書面報告。【85】,,,,,,,,,,115,國軍退除役官兵輔導委員會,退輔會,2026/5/18,沈伯洋|羅美玲|林楚茵,,,,,,,,,2026-06-13T14:59:36.472Z
11845,主決議,通過,,,國軍退除役官兵輔導委員會所屬高山農場，長期以來以優質自然環境與四季分明之景觀特色聞名，吸引國內外旅客造訪，並兼具休閒遊憩、環境教育及農業體驗等多元功能，為我國重要觀光據點之一。惟近年受整體旅遊市場變化、國人旅遊型態轉變及國際觀光競爭加劇等因素影響，農場整體住宿率似有下滑趨勢，連帶影響相關營運收入未如預期。為有效提升農場經營效益，建議國軍退除役官兵輔導委員會朝積極開發多元旅遊產品、強化品牌行銷、拓展跨域合作等方面努力，以因應當前觀光產業趨勢。【86】,,,,,,,,,,115,國軍退除役官兵輔導委員會,退輔會,2026/5/18,牛煦庭|馬文君|陳永康,,,,,,,,,2026-06-13T14:59:36.472Z
11846,主決議,通過,,, 國軍官兵在服役時多在國軍醫院體檢及就診，形成長期就醫習慣，並在國軍醫院享有健保部分負擔優惠，退役後期盼仍維持在國軍醫院醫療，希望	國軍退除役官兵輔導委員會能接續與國防部就醫補助政策，進行可行性討論，落實國防部「安心安家」政策，在現役轉退役時，能夠接續與投入後備能量，有利於國防部提升軍人招募。爰請國軍退除役官兵輔導委員會補助有職榮民於國軍醫院就醫之健保部分負擔費用。【87】,,,,,,,,,,115,國軍退除役官兵輔導委員會,退輔會,2026/5/18,牛煦庭|馬文君|陳永康,,,,,,,,,2026-06-13T14:59:36.472Z
11847,主決議,通過,,,國軍退除役官兵輔導委員會辦理退除役官兵職業訓練計畫，運用自辦訓練、委外訓練等方式，提升退除役官兵及國軍屆退官兵職技能力，惟委外班次訓後就業率及取得證照人數相較自辦訓練為低。爰請國軍退除役官兵輔導委員會就相關原因及提升訓練成效作為向立法院外交及國防委員會提出書面報告。【88】,,,,,,,,,,115,國軍退除役官兵輔導委員會,退輔會,2026/5/18,牛煦庭|馬文君|陳永康,,,,,,,,,2026-06-13T14:59:36.472Z
11848,主決議,通過,,,國軍退除役官兵輔導委員會所屬醫療機構作為全國「醫學中心級」教學醫院，除提供國軍退除役官兵就醫、保健及長照等社會醫療服務，更肩負支援全國醫療網，加強醫學研究及教學訓練，提升我國整體醫療照護水準。政府推動健康台灣，希冀透過優化醫療工作條件、多元人才培育、智慧科技醫療及社會責任醫療永續四大面向，全面提升醫療環境體系，增進全民健康福祉。醫護人員作為醫療體系運作關鍵角色，榮民總醫院體系作為教學醫院，應將勞動法規作為最基本的權益保障，然115年截至4月卻已有8件違反勞動法規紀錄，顯見亟待檢討人力配置及工時排班，強化管理責任，從而正視醫護勞動現場困境—長期面臨高工時、人力短缺與情緒勞動，俾以營造良好工作環境，樹立全國醫院典範。請國軍退除役官兵輔導委員會督導所屬醫療機構，針對醫護勞動環境提出具體改善對策，於3個月內向立法院外交及國防委員提出書面報告。【89】,,,,,,,,,,115,國軍退除役官兵輔導委員會,退輔會,2026/5/18,陳俊宇|陳冠廷|羅美玲|王義川,,,,,,,,,2026-06-13T14:59:36.472Z
11849,主決議,通過,,,鑑於監察院調查報告指出，近年退除役軍人涉犯國家安全法、共諜等案件層出不窮，部分涉案人員於退役後仍受領退休俸、退伍金，或享有退輔相關權益，已引發社會對國家資源使用及公平正義之疑慮。退除役官兵因曾受國家培育、服膺保家衛國職責，國家基於崇功報勳理念，提供就學、就業、就醫、就養及相關給與保障。惟若其退役後涉犯共諜、受境外敵對勢力吸收，或從事危害國家安全之行為，即已嚴重背離退輔制度本旨，亦有損國家安全與人民信賴。綜上所述，要求國軍退除役官兵輔導委員會應研議修正「國軍退除役官兵輔導條例」及相關法規，針對退除役官兵涉犯共諜、違反「國家安全法」、「反滲透法」或其他危害國家安全重大情事者，明定剝奪或停止其退輔權益之要件、程序及期間，並研擬相關行政執行配套。爰請國軍退除役官兵輔導委員會於3個月內向立法院外交及國防委員會提出書面報告。【90】,,,,,,,,,,115,國軍退除役官兵輔導委員會,退輔會,2026/5/18,陳俊宇|陳冠廷|羅美玲,,,,,,,,,2026-06-13T14:59:36.472Z
11850,主決議,通過,,,"我國退役軍人涉共諜案之退休俸返還成效不佳，截至114年1月31日止，共19人被判應返還退休俸7,615萬4,401元，但僅追缴2,538萬7,780元，尚有5,076萬6,621元未收回；案件自起訴至三審定讞常需1至3年，待重行審定再移送執行時，當事人名下多已無可供查扣財產，形成追缴落差。為防止「判後才追、追無可扣」的惡性循環，應在訴訟早期強化保全，依行政院意旨，於起訴或第一審判決階段即積極聲請假扣押或其他暫時性保全，發現有脫產之虞立即處置；同時建立與法務部行政執行署、國稅局等單位的即時通報與資料串接機制，明訂判決確定後限期移送與專案稽核，以提高執行效率、降低國庫損失。基於上述，要求國軍退除役官兵輔導委員會就下列事項提出明確改進方案：1.建立「涉國安案件退除給與保全先行機制」，落實早期假扣押與資產查核；2.訂定判決確定後幾日内移送行政執行之SOP並納入專案稽核；3.以歷年涉案個案為教材，強化現退役軍人忠誠考核與國安法治教育，並定期向立法院報告；4.配合行政院研議，參照「公務人員俸給法」第21條，評估起訴或一審後暫發半數退除給與、無罪再補發之修法方案。爰請國軍退除役官兵輔導委員會於2個月內向立法院外交及國防委員會提出書面報告。【91】",,,,,,,,,,115,國軍退除役官兵輔導委員會,退輔會,2026/5/18,陳俊宇|陳冠廷|羅美玲,,,,,,,,,2026-06-13T14:59:36.472Z
11851,主決議,通過,,,國軍退除役官兵輔導委員於桃園設置訓練中心，開辦多元職業訓練課程，以協助榮民(眷)、第二類退除役官兵及屆退官兵充分就業或轉業。惟依國軍退除役官兵輔導委員會退除役官兵參與本會職業訓練概況及性別分析發現，六都地區因擁有多所大專院校、職訓機構、企業 訓練中心等，提供各種職業訓練課程和機會，再加上機構和資源的密集程度較其他縣市高，使得退除役官兵更容易接觸到多樣化的職業訓練選擇，更容易被企業晉用，反觀非六都因資源缺乏反而無法獲得較佳的訓練資源，恐導致非六都地區之退除役士官兵工作權益受損，爰要求國軍退除役官兵輔導委員會應積極與勞動部及縣(市)政府橫向聯繫，並就各地方產業屬性共同辦理相關職業訓練工作，以提高非六都之退除役官兵就業機會。【92】,,,,,,,,,,115,國軍退除役官兵輔導委員會,退輔會,2026/5/18,馬文君|黃建賓|黃仁,,,,,,,,,2026-06-13T14:59:36.472Z
11852,主決議,通過,,,"115年度國軍退除役官兵輔導委員會第6目「榮民醫療照護」項下「各級榮民醫院營運督導管理」預算編列1,435萬6千元。經查，臺北榮民總醫院於2018年首度設立新住民門診服務，作為回應多語言醫療需求之具體措施，雖該專責門診後續已暫停，然臺北榮民總醫院仍持續設置新住民門診諮詢專線，並於官網明確揭示相關資訊，有效提升外籍移工與新住民族群就醫可近性與資訊取得之便利性。另查，臺中榮民總醫院及高雄榮民總醫院已陸續設置新住民諮詢專線，顯示國軍退除役官兵輔導委員會體系已開始重視相關需求，方向值得肯定。惟目前各院措施多仍停留於諮詢服務層次，對於實際就醫過程中之語言協助、文化適應及醫療決策支持等面向，仍有強化空間。考量臺中榮民總醫院、高雄榮民總醫院及屏東榮民總醫院分別為中南部地區重要之公立醫學中心，服務涵蓋大量外籍移工與新住民族群，爰要求國軍退除役官兵輔導委員會應進一步盤點所屬醫療機構之新住民服務量能，從「專線諮詢」邁向「提高就醫可近性」，系統性強化多語言衛教資源、即時通譯支援機制及友善就醫流程，以確實保障新住民族群之醫療權益。爰請國軍退除役官兵輔導委員會於3個月內向立法院外交及國防委員會提出書面報告。【93】",,,,,,,,,,115,國軍退除役官兵輔導委員會,退輔會,2026/5/18,陳俊宇|沈伯洋|羅美玲,,5528,,,榮民醫療照護,各級榮民醫院營運督導管理,,14356000,2026-06-13T14:59:36.472Z
11853,主決議,通過,,," 	115年度國軍退除役官兵輔導委員會第1目「醫學臨床教學研究」項下「各榮總及其分院臨床教學與研究」之「獎補助費」預算編列11億0,380萬8千元。經查，國軍退除役官兵輔導委員會近年持續推動臨床教學與研究補助業務，對提升榮民醫療體系醫療品質、教學能量及研究發展具一定助益，惟各榮民總醫院及其分院間於研究成果、教學量能及經費執行成效尚存區域差異，資源配置與效益評估機制仍有精進空間。爰應衡酌各院區實際需求與發展條件，建立各級榮民醫院研究成效量化指標及經費投入效益分析制度，俾利補助資源合理配置與均衡發展。另查，各級榮民醫院之教學研究及臨床訓練資源，多集中於醫學中心或主要院區，部分分院於教學師資、研究設備及臨床訓練機會之取得，仍相對有限，恐未能有效共享整體醫療體系資源。請國軍退除役官兵輔導委員會於3個月內向立法院外交及國防委員會提出書面報告。【94】原【6】",,,,,,,,,,115,國軍退除役官兵輔導委員會,退輔會,2026/5/18,牛煦庭|馬文君|陳永康,,5541,,,醫學臨床教學研究,各榮總及其分院臨床教學與研究,獎補助費,1103808000,2026-06-13T14:59:36.472Z
11854,主決議,通過,,,"115年度國軍退除役官兵輔導委員會第1目「醫學臨床教學研究」項下「各榮總及其分院臨床教學與研究」中「獎補助費」之「對特種基金之補助」預算編列11億0,380萬8千元。鑑於AI科技運用對未來醫療事業發展影響甚鉅，針對AI智慧大數據醫療與再生醫療等前瞻研究，應檢視其與基層榮民醫院醫療體系之連結性，避免研究資源過度集中。請國軍退除役官兵輔導委員會於1個月內向立法院外交及國防委員會提出書面報告。【95】原【7】",,,,,,,,,,115,國軍退除役官兵輔導委員會,退輔會,2026/5/18,牛煦庭|馬文君|黃建賓|黃仁,,5542,,,醫學臨床教學研究,各榮總及其分院臨床教學與研究,獎補助費 > 對特種基金之補助,1103808000,2026-06-13T14:59:36.472Z
11855,主決議,通過,,,"115年度國軍退除役官兵輔導委員會第4目「退除役官兵服務救助與照顧」項下「志工服務照顧榮民作業」之「獎補助費」編列1億3,732萬元。經查該項預算較114年度增加373萬1千元，主要係因社區志願服務組長擴編21人、交通誤餐費調升、社區服務員服務費及安心御老網路費等新增需求，顯示國軍退除役官兵輔導委員會持續投入基層榮民服務照顧工作。考量社區服務組長及服務員為服務照顧榮民之第一線重要人力，且近年因物價上漲及服務需求增加，相關補助標準及經費編列宜與時俱進適時檢討，以維持服務量能及品質。爰請國軍退除役官兵輔導委員會針對「志工服務照顧榮民作業」於3個月內向立法院外交及國防委員會提出書面報告，並於後續年度預算編列時，依實際服務需求及執行情形編列相關經費，以落實榮民服務照顧之效能。【96】原【18】",,,,,,,,,,115,國軍退除役官兵輔導委員會,退輔會,2026/5/18,牛煦庭|馬文君|陳永康,,5543,,,退除役官兵服務救助與照顧,志工服務照顧榮民作業,獎補助費,137320000,2026-06-13T14:59:36.472Z
11857,主決議,通過,,,115年度國軍退除役官兵輔導委員會「退除役官兵服務救助與照顧」項下「海內外退伍軍人聯繫作業」中「業務費」之「國外旅費」編列474萬3千元，與114年度預算額度相同。惟近年國際旅運成本受航線供需、燃油價格、稅費及燃油附加費等因素影響，價格呈現向上趨勢，恐影響出席退伍軍人國際會議、訪視海外榮光聯誼會及推動國際退輔交流等業務執行。為確保預算編列符合實際需求，爰請國軍退除役官兵輔導委員會於2個月內，就115年度國外旅費之規劃依據、成本變動因應措施及預期執行效益，向立法院外交及國防委員會提出書面報告。【97】原【24】,,,,,,,,,,115,國軍退除役官兵輔導委員會,退輔會,2026/5/18,牛煦庭|馬文君|黃仁,,5544,,,退除役官兵服務救助與照顧,海內外退伍軍人聯繫作業,業務費 > 國外旅費,4743000,2026-06-13T14:59:36.472Z
11859,主決議,通過,,,針對115年度國軍退除役官兵輔導委員會於第4目「退除役官兵服務救助與照顧」項下「國軍單身退員宿舍服務與管理」之「業務費」，其中「通訊費」由114年度之6千元驟增至1萬8千元。雖名義上為加強宿舍聯繫，但單身退員宿舍數量隨退員凋零應呈逐年減少趨勢，相關通訊成本卻反向大幅增加，顯不合理。基於撙節原則及維持預算編列之穩定性，國軍退除役官兵輔導委員會應針對通訊需求之變動提出說明。為發揮國會監督職能，確保公帑有效運用，請國軍退除役官兵輔導委員會於2個月內就該項預算之調整理由與具體用途提交書面報告。【98】原【25】,,,,,,,,,,115,國軍退除役官兵輔導委員會,退輔會,2026/5/18,牛煦庭|馬文君|黃仁,,,,,,,,,2026-06-13T14:59:36.472Z
11861,主決議,通過,,,115年度國軍退除役官兵輔導委員會第5目「一般行政」項下「幹部在職及役男替代役訓練」中「業務費」預算編列467萬8千元。其中主要辦理替代役教育訓練相關項目為：「2.寄送替代役役籍資料袋通訊費1萬7千元」；「3.替代役訓練租用車輛等租金21萬1千元」；「5.替代役專業訓練所需消耗品7萬8千元及辦公事務非消耗用品2萬3千元，合計10萬1千元」；「6.幹部、替代役訓練等一般事務費16萬9千元」；「7.幹部在職及替代役訓練等差旅費16萬2千元」，皆與114年度預算完全相同。惟根據內政部役政司之員額規劃，115年度分配至國軍退除役官兵輔導委員會的替代役男數預估縮減約20%，在員額縮減的情況下，仍編列相同預算額數顯不合理，爰請國軍退除役官兵輔導委員會於2個月內向立法院外交及國防委員會提出書面報告。【99】原【29】,,,,,,,,,,115,國軍退除役官兵輔導委員會,退輔會,2026/5/18,牛煦庭|馬文君|黃仁,,5545,,,一般行政,幹部在職及役男替代役訓練,業務費,4678000,2026-06-13T14:59:36.472Z
11863,主決議,通過,,,"115年度國軍退除役官兵輔導委員會第6目「榮民醫療照護」項下「長期照顧與身心障礙醫療復健服務」中「獎補助費」預算編列1億0,701萬2千元。係為購置需長期照顧之失能、精神障礙、失智榮民所需紙尿布(褲)、防護設施、被服及所需藥品、衛材等經費1,104萬3千元；補助身心障礙、生理機能障礙及孱弱榮民所需各項醫療生活輔具、助聽器、義眼、眼鏡、義齒膺復及辦理輔具檢測、維修材料、巡迴服務、配送等9,596萬9千元，合計1億0,701萬2千元。相關補助應依需求覈實編列，惟補助經費總額卻與114年度相同，允宜通盤檢討需求評估、經費編列及資源配置之妥適性，以確保相關照護資源符合榮民實際需求及提升服務效益。【100】原【42】",,,,,,,,,,115,國軍退除役官兵輔導委員會,退輔會,2026/5/18,牛煦庭|馬文君|黃仁,,5546,,,榮民醫療照護,長期照顧與身心障礙醫療復健服務,獎補助費,107012000,2026-06-13T14:59:36.472Z
11865,主決議,通過,,,115年度國軍退除役官兵輔導委員會第11目「退除役官兵退休業務」項下「退除業務作業」中「業務費」編列預算580萬9千元。其中一般事務費218萬2千元、國內旅費36萬6千元，皆低於114年度預算(一般事務費242萬5千元、國內旅費45萬8千元)，惟115年度通訊費及物品費卻與114年度編列相同，預算編列是否確實依實際業務需求覈實檢討，允宜通盤檢視各項經費編列基準及執行內容之合理性，以提升預算配置效益及資源運用妥適性。【101】原【77】,,,,,,,,,,115,國軍退除役官兵輔導委員會,退輔會,2026/5/18,牛煦庭|馬文君|黃建賓|黃仁,,5547,,,退除役官兵退休業務,退除業務作業,業務費,5809000,2026-06-13T14:59:36.472Z
11867,主決議,通過,,,"115年度國軍退除役官兵輔導委員會第1目「醫學臨床教學研究」項下「各榮總及其分院臨床教學與研究」補助4所榮民總醫院及其分院從事重大醫學臨床教學與研究計畫經費預算編列11億0,380萬8千元。經查，各級榮民醫院教學研究與臨床訓練資源分配容有差異，工作計畫預期成果顯示各項醫學研究共計2,120案，包括臺北榮民總醫院及其分院1,023案、臺中榮民總醫院及其分院586案、高雄榮民總醫院及其分院416案、屏東榮民總醫院及其分院95案，案件數量差異甚鉅。此外，研究資源與量能恐未能有效擴及各分院，允宜研議跨院區研究協作及臨床教學資源整合策略，以提升整體研究與教學品質。請國軍退除役官兵輔導委員會於3個月內向立法院外交及國防委員會提出書面報告。【102】原【5】",,,,,,,,,,115,國軍退除役官兵輔導委員會,退輔會,2026/5/18,陳俊宇|沈伯洋|羅美玲,,5548,,,醫學臨床教學研究,各榮總及其分院臨床教學與研究,,1103808000,2026-06-13T14:59:36.472Z
11869,主決議,通過,,,"115年度國軍退除役官兵輔導委員會第4目「退除役官兵服務救助與照顧」預算編列6億4,159萬1千元。其中「榮民及榮眷生活輔導宣慰及座談」計畫預算中，多次明確標註針對新住民的適應輔導、講座及差旅費用，卻完全忽視了在國軍中服役比例極高、且同樣具有獨特文化背景與生活適應需求的原住民榮民。榮民照顧政策應更加周全，爰請國軍退除役官兵輔導委員會須兼顧原住民榮民的需求，讓不同族群榮民及榮眷都能感受到國家一視同仁的關懷與尊重。【103】原【12】",,,,,,,,,,115,國軍退除役官兵輔導委員會,退輔會,2026/5/18,伍麗華|沈伯洋|羅美玲|王義川,,5549,,,退除役官兵服務救助與照顧,,,641591000,2026-06-13T14:59:36.472Z
11871,凍結,通過,,100000,"國軍退除役官兵輔導委員會推動「退除役官兵就學進修補助計畫」，透過「大專校院進修補助」機制，協助退除役官兵提升學識與職能，增進就業競爭力。惟檢視近年預算編列與執行情形，112至114年度該項補助之預算執行率分別高達130%、146%及115%，連續3年均出現超支情形，顯示預算編列與實際需求間存在明顯落差，允應檢討編列機制並強化經費控管，以提升財務規劃之精準度。爰針對國軍退除役官兵安置基金—安置基金管理會—「業務成本與費用」—「其他業務費用」—「雜項業務費用」—「退除役官兵就學進修補助計畫」預算編列1億5,451萬8千元，凍結10萬元，俟國軍退除役官兵輔導委員會向立法院外交及國防委員會提出書面報告後，始得動支。【4】",,,,,,,,,,115,國軍退除役官兵安置基金,退輔會,2026/5/18,陳俊宇|沈伯洋|羅美玲,,,,,,,,,2026-06-13T14:59:36.472Z
11873,凍結,通過,,1000000,"國軍退除役官兵安置基金管理會辦理「退除役官兵職業訓練計畫」，由國軍退除役官兵輔導委員會就學就業處、各榮民服務處及職業訓練中心共同推動，採取「技能專精」導向，並結合就業市場需求辦理多元專長訓練，以提升退除役官兵之就業能力與市場競爭力，協助失業者順利就業。該計畫預計訓練5,519人次，115年度編列經費計1億8,101萬3千元，包含職業訓練補助、職業訓練中心自辦及委外訓練、教學設備維護費及旅運費等項目。然檢視近年執行情形，職業訓練補助預算執行率自112年82.26%、113年94.01%，至114年降為77.31%，呈現下滑趨勢，顯示資源運用效能仍有精進空間，允宜檢討執行機制，並積極研擬提升預算執行率之具體作法，以強化政策推動成效。爰針對國軍退除役官兵安置基金—安置基金管理會—「業務成本與費用」—「其他業務費用」—「雜項業務費用」—「退除役官兵職業訓練計畫」預算編列1億8,101萬3千元，凍結100萬元，俟國軍退除役官兵輔導委員會向立法院外交及國防委員會提出書面報告後，始得動支。【6】【5】",,,,,,,,,,115,國軍退除役官兵安置基金,退輔會,2026/5/18,陳俊宇|沈伯洋|羅美玲|王義川,,,,,,,,,2026-06-13T14:59:36.472Z
11875,凍結,通過,,1000000,"115年度國軍退除役官兵安置基金—安置基金管理會—「業務成本與費用」—「其他業務費用」—「雜項業務費用」—「退除役官兵就業輔導計畫」—「服務費用」預算編列8,301萬9千元，係國軍退除役官兵輔導委員會辦理退除役官兵就業諮詢、推介就業、舉辦民間企業說明會等經費，經查六都近3年國軍退除役官兵輔導委員會拜訪廠商家數及提供職缺數等資料，2025年度國軍退除役官兵輔導委員會於六都中拜訪台南市廠商家數僅132家，次於高雄市的262家、新北市的252家、台中市的204家、台北市的172家，於六都中敬陪末座，另提供職缺數台南市為647，亦遠低於台北市1,890、高雄市1,469、桃園市1,211、台中市721。台南地區在地就業媒合成效顯有精進空間，國軍退除役官兵輔導委員會應積極強化與在地產業連結，提升媒合效率及就業率，協助退除役官兵穩定就業。爰凍結該項預算100萬元，俟國軍退除役官兵輔導委員會向立法院外交及國防委員會提出書面報告後，始得動支。【7】【8】",,,,,,,,,,115,國軍退除役官兵安置基金,退輔會,2026/5/18,牛煦庭|馬文君|王定宇|黃建賓|黃仁|沈伯洋|王義川,,,,,,,,,2026-06-13T14:59:36.472Z
11877,凍結,通過,,1000000,"根據監察院調查報告，福壽山農場廢棄物管理存在重大缺失，包括延遲申請事業廢棄物清理計畫書、將廢農藥容器與一般廢棄物混合收集、逕行傾倒廚餘及果菜殘渣、任意引火燃燒廢木材等行為。該農場位於自來水水質水量保護區內，上述違失致生危害水源水質及環境衛生之虞。國軍退除役官兵輔導委員會應督促福壽山農場確實依法辦理廢棄物清理，並推動源頭減量及資源回收，落實環境保護責任。爰針對國軍退除役官兵安置基金—福壽山農場—「業務成本與費用」—「管理及總務費用」預算編列4,494萬7千元，爰凍結該項預算100萬元，俟國軍退除役官兵輔導委員會向立法院外交及國防委員會提出書面報告後，始得動支。【10】【11】【12】【13】",,,,,,,,,,115,國軍退除役官兵安置基金,退輔會,2026/5/18,陳俊宇|陳冠廷|沈伯洋|羅美玲|林楚茵|王義川,,,,,,,,,2026-06-13T14:59:36.472Z
11879,凍結,通過,,100000,國軍退除役官兵安置基金近年轉投資事業投資報酬率均逾三成，惟投資收益存有高度不確定性，允宜強化投資風險控管，以確保基金長期穩健經營。另為確保基金權益，國軍退除役官兵輔導委員會宜加強對轉投資事業公司治理監督及資訊掌握，審慎選派熟悉產業且具有財務、管理專業背景之人才出任轉投資事業的董事、監察人，並建立明確之績效責任機制，同時兼顧其財務表現與安置成效，以落實股東職責並提升轉投資公司之經營績效。另針對轉投資事業安置退除役官兵就業情形已逐步改善，惟「欣彰天然氣股份有限公司」安置率20.11%遠低於34.08%持股率，應確實檢討以維護榮民榮眷權益。爰針對國軍退除役官兵安置基金—「業務成本與費用」—「研究發展及訓練費用」預算編列120萬5千元，凍結10萬元，俟國軍退除役官兵輔導委員會向立法院外交及國防委員會提出書面報告後，始得動支。【14】,,,,,,,,,,115,國軍退除役官兵安置基金,退輔會,2026/5/18,陳俊宇|陳冠廷|羅美玲|王義川,,,,,,,,,2026-06-13T14:59:36.472Z
11881,主決議,通過,,,查國軍退除役官兵輔導委員會所設臺東農場，轄有池上會館、壽豐會館及東河休閒農莊，惟國軍退除役官兵輔導委員會近4年在三高山農場(福壽山、清境、武陵)投入大約10億元做客房整修，以提升其服務品質，卻對台東農場之旅遊改善投注較少資源，恐無助提高台東地區的旅遊品質，為強化臺東農場觀光品質，改善旅宿環境，要求國軍退除役官兵輔導委員會督同臺東農場，於1個月内向立法院外交及國防委員會提出擬具旅宿品質改善計畫。【17】,,,,,,,,,,115,國軍退除役官兵安置基金,退輔會,2026/5/18,馬文君|黃建賓|黃仁,,,,,,,,,2026-06-13T14:59:36.472Z
11883,主決議,通過,,,國軍退除役官兵輔導委員會辦理退除役官兵就學進修補助計畫，近年來與在地大學、優質企業合作推動產學合作，讓退除役官兵透過邊讀書、邊工作的方式達到就學即就業，經查國軍退除役官兵輔導委員會2025年度已與3所國立大學、12所私立大學，共42系進行合作，年度錄取人數達127人；2026年度規劃與4所國立大學、12所私立大學，共44系進行合作，惟考量退除役官兵地域分布極廣且職涯需求日益多元，現行合作校院之地理涵蓋率及系所產業類別仍有優化空間。為進一步提升退除役官兵之社會競爭力，國軍退除役官兵輔導委員會應擴大產學合作規模，納入更多元之產業類別，以符合不同地區退除役官兵之就學需求。爰請國軍退除役官兵輔導委員會於3個月內向立法院外交及國防委員會提出書面報告。【18】,,,,,,,,,,115,國軍退除役官兵安置基金,退輔會,2026/5/18,王定宇|沈伯洋|王義川,,,,,,,,,2026-06-13T14:59:36.472Z
11885,主決議,通過,,,鑑於清境農場以高山草原景觀及放牧綿羊聞名，其中「青青草原綿羊秀」為該農場最具代表性之主题活動之一，亦為吸引國內外遊客之重要亮點。惟查該表演辦理迄今已逾30年，現行表演場地長期缺乏完善之户外遮陽設施，高山地區日照強烈、紫外線偏高，遊客多需自行撐傘遮蔽，致遮擋視線、形成觀賞死角，影響整體觀賞體驗，亦屢有遊客反映不便，顯示觀光服務品質尚有精進空間。基此，為提升觀光服務品質與遊客滿意度，清境農場允宜就綿羊秀場地整體觀賞環境進行檢討，評估增設戶外遮陽設施或規劃綠蔭空間等改善措施，並兼顧景觀風貌與安全性，以優化遊客觀賞體驗。【18-1】原【15】,,,,,,,,,,115,國軍退除役官兵安置基金,退輔會,2026/5/18,牛煦庭|馬文君|陳永康,,,,,,,,,2026-06-13T14:59:36.472Z
11887,主決議,通過,,,"115年度國軍退除役官兵輔導委員會國軍退除役官兵安置基金—「固定資產建設改良擴充」預算編列5,897萬2千元，辦理清境農場國民賓館整新工程(第二期)，福壽山農場松廬客房及老舊房舍整修工程、旅遊服務中心迎賓區域改善工程及茶場增建工程，武陵農場國民賓館餐廳增建工程，臺東農場設施整修等工程 。惟查113年度固定資產計畫執行率僅約75.71%，114年截至6月執行率亦僅43.58%。基此，為提升農場建設執行效率，俾利提供國人更優質且安全的旅遊環境，國軍退除役官兵輔導委員會宜就農場重點工程定期督導，及時給予協助及指導以確保各項建設如期、如質完成與提升預算執行率。【18-2】原【16】",,,,,,,,,,115,國軍退除役官兵安置基金,退輔會,2026/5/18,牛煦庭|馬文君|黃建賓|黃仁,,,,,,,,,2026-06-13T14:59:36.472Z
11889,凍結,通過,,5000000,"醫院為國家關鍵基礎設施之一，維持其運作對於強化社會韌性至關重要，另依據「資通安全事件通報應變及演練辦法」，資通安全事件分級從「資訊機敏性」、「系統重要性」與「影響程度」進行綜合判定，可分為4級。統計民國109至114年，榮民醫療作業基金的整體資安事件通報件數呈現上升趨勢，且第2級事件數量有增加的現象，顯示資安威脅從輕微異常，逐步演變為可能影響醫療營運的實質風險。115年度榮民醫療作業基金—「業務成本與費用」編列859億9,358萬6千元，其中含資安經費1億0,272萬5千元，為警示榮民醫療體系注意資安風險提升，爰針對榮民醫療作業基金—「業務成本與費用」預算編列859億9,358萬6千元，凍結500萬元，俟國軍退除役官兵輔導委員會向立法院外交及國防委員會提出書面報告後，始得動支。【22】【20】【21】",,,,,,,,,,115,榮民醫療作業基金,退輔會,2026/5/18,牛煦庭|馬文君|黃建賓|黃仁|沈伯洋|羅美玲|林楚茵,,,,,,,,,2026-06-13T14:59:36.472Z
11891,凍結,通過,,1000000,"我國為改善護理人力短缺、超時工作等問題，勞動部自114年8月1日起，針對醫學中心及區域醫院課予較高之勞工權益保障要求，以強化管理責任，俾營造良好之工作與留任環境。經查國軍退除役官兵輔導委員會所屬榮總醫療體系，115年截至4月已有8件違反勞動法規紀錄，常見違反態樣係延長工時卻未依法給薪等，至受影響勞工族群則以護理人員為大宗，允宜檢討改善，以確實保障勞工權益、改善醫護勞動環境。爰針對榮民醫療作業基金—「業務外費用」—「其他業務外費用」—「其他」預算編列3億8,337萬2千元，凍結100萬元，俟國軍退除役官兵輔導委員會向立法院外交及國防委員會提出書面報告後，始得動支。【23】",,,,,,,,,,115,榮民醫療作業基金,退輔會,2026/5/18,陳俊宇|陳冠廷|羅美玲|王義川,,,,,,,,,2026-06-13T14:59:36.472Z
11893,主決議,通過,,,"查榮民醫療作業基金自109至114年7月底止，整體資安通報件數呈上升趨勢，以114年截至7月底止為例，即有12件資安通報事件，顯示醫療機構資安威脅持續加劇。惟查，基金所屬醫院截至114年7月底止，仍有1,339台個人電腦使用已終止支援之作業系統，占總電腦台數6.27%；即便上開電腦僅用於內部封閉網路，或以防火牆隔離，或安裝防毒軟體，但已無原廠提供安全性更新與漏洞修補之作業系統，資安風險勢必升高，有立即汰換之必要。另就資安防護設備，包括防火牆、入侵檢測系統（IDS）和入侵防禦系統（IPS）及網頁應用程式防火牆（WAF）等，截至114年7月底止，共計54台資安防護設備有終止支援或停止服務之情形，占總資安防護設備10.21%；此類設備因無法再獲得更新或資安修補，恐降低防禦效能，甚有可能成為駭客攻擊破口，請各榮民醫院應加強資安風險評估、控管，及採行有效資安防禦措施，以確保資訊安全，並請國軍退除役官兵輔導委員會於3個月內向立法院外交及國防委員會提出書面報告。【34】",,,,,,,,,,115,榮民醫療作業基金,退輔會,2026/5/18,沈伯洋|羅美玲|王義川,,,,,,,,,2026-06-13T14:59:36.472Z
11895,主決議,通過,,,查榮民醫療作業基金所屬醫院護理人員整體離職人數由108年度735人增至113年度950人，增幅近三成（29.25%）。其中臺北榮民總醫院、臺中榮民總醫院及高雄榮民總醫院之離職人數均逾百人。此外，截至114年度8月底止，基金所屬醫院有7家醫院護理人員空缺率高於7%，臺中榮民總醫院嘉義分院、臺北榮民總醫院新竹分院、臺北榮民總醫院玉里分院、臺北榮民總醫院鳳林分院及屏東榮民總醫院（含龍泉）等5家醫院更是逾10%，人力空缺情形嚴重；臺北榮民總醫院及高雄榮民總醫院空缺率雖低於其他醫院，但因其員額規模較大，仍須審慎評估人員流失對營運與照護品質之影響。鑑於護理人員離職人數持續增加，顯示人力流失問題持續嚴峻，榮民醫療作業基金所屬醫院更應因地制宜，精進留任政策與相關措施，於確保第一線醫療人員工作負擔得以減輕下，強化整體醫療服務穩定並提升醫療服務品質，並請國軍退除役官兵輔導委員會於3個月內向立法院外交及國防委員會提出書面報告。【35】,,,,,,,,,,115,榮民醫療作業基金,退輔會,2026/5/18,沈伯洋|羅美玲|王義川,,,,,,,,,2026-06-13T14:59:36.472Z
11897,主決議,通過,,,查榮民醫療作業基金係國軍退除役官兵辦理就醫、保健及長期照顧等社會醫療服務，並支援全國醫療網計畫，並加強醫學研究及教學訓練，提升醫療照護水準之用。惟查各榮民醫院護理人員整體離職人數呈持續增加趨勢，108年度僅735人，但至113年度卻上升至950人，增幅近三成(29.25%)。其中又以臺北榮民總醫院、臺中榮民總醫院及高雄榮民總醫院等3家醫院離職人數達逾百人，且離職人力主要集中於約聘僱催人員，護理人員如此異動情況，恐降低醫院服務品質，危及榮民(眷)及國人身體健康。護理人力係支撐醫療服務運作之關鍵要素，其穩定與否直接影響臨床品質與病人安全。爰要求國軍退除役官兵輔導委員會於3個月內督導各榮民醫院，檢討現行醫護人力留任獎勵機制，以提高同仁留院意願。【36】,,,,,,,,,,115,榮民醫療作業基金,退輔會,2026/5/18,馬文君|黃建賓|黃仁,,,,,,,,,2026-06-13T14:59:36.472Z
11899,主決議,通過,,,護理人力為健康照護領域之核心議題，其短缺不僅影響臨床作業品質，亦關乎病人安全及權益。是以建構優質執業環境，使護理人員得以安心進行臨床工作，並提升留任意願，為各醫院之重要課題。經查2019至2024年臺北榮民總醫院、臺中榮民總醫院及高雄榮民總醫院等3家醫院每年護理人員離職人數均逾百人。雖此現象部分受限於都會區員額規模龐大、周邊醫療機構競爭激烈等外部因素，然長期高流動率對臨床經驗傳承及醫療效能之衝擊不容小覷，請國軍退除役官兵輔導委員會針對3所榮民總醫院護理人力流失問題，研議並精進相關留任措施，除薪資福利之誘因外，更應針對簡化行政作業流程、引進智慧醫療輔具以減輕工作負荷等面向，提出具體改善方案，以落實健康友善職場，俾利維持照護品質並確保醫療服務量能之穩健。【37】,,,,,,,,,,115,榮民醫療作業基金,退輔會,2026/5/18,王定宇|沈伯洋|王義川,,,,,,,,,2026-06-13T14:59:36.472Z
11901,主決議,通過,,,癌症連年蟬聯國人十大死因之首，精準放射治療技術為醫療體系重要發展方向。重粒子治療具備高精度、高效能與副作用低等特性，為目前國際公認的先進放射治療方式之一。目前衛生福利部已核准臺北榮民總醫院、中國醫藥大學附設醫院、花蓮慈濟醫院等3家重粒子治療中心，臺北榮民總醫院業於2023年5月啟用。但目前全台頂尖的重粒子與質子治療多集中在北部及中部，南部病患常需北上奔波，耗費體力與時間。為落實醫療平權，高雄榮民總醫院身為南部地區指標性公立醫學中心，應積極籌謀建置尖端粒子治療設備，填補南台灣精準醫療之缺口。此舉不僅能使南部鄉親就近享有國際級醫療資源，更具備完善全台醫療網、守護國人健康之指標性意義。【38】,,,,,,,,,,115,榮民醫療作業基金,退輔會,2026/5/18,王定宇|沈伯洋|王義川,,,,,,,,,2026-06-13T14:59:36.472Z
11902,主決議,通過,,,"臺中榮民總醫院質子治療中心原訂114年12月底前竣工，至今仍未啟用，114年行政院公共工程委員會主任委員陳金德視察工程進度時，期許能於115年2月完工，8月正式啟用營運，據啟用規劃僅剩3個月，是否能確保如期如質達標？另中部地區現已有中國醫藥大學附設醫院設置質子醫療中心，從113年開始進行質子治療臨床服務，臺中榮民總醫院接受放射治療病人數從112年2,360例增加至114年2,397例。惟質子治療中心啟用後勢必與中國醫藥大學附設醫院產生競爭關係，爰請國軍退除役官兵輔導委員會督導臺中榮民總醫院儘速取得核能安全委員會輻射防護與設施運轉許可及衛生福利部醫療器材許可證，並就如何提升使用效益，於3個月內向立法院外交及國防委員會提出書面報告。【39】原【24】",,,,,,,,,,115,榮民醫療作業基金,退輔會,2026/5/18,牛煦庭|馬文君|黃建賓|黃仁,,,,,,,,,2026-06-13T14:59:36.472Z
11903,減列,保留,5976000,,"115年度中央政府總預算，媒體政策及業務宣導費共計編列13億7,945萬2千元，比114年度法定預算7億5,207萬3千元（含追加預算）增加6億2,737萬9千元，成長幅度高達83.42%。然115年度中央政府總預算債務舉借2,992億元，連同特別預算1,008億元，合計舉債已高達近4,000億元。且，賴清德總統為回應美國對台灣大幅增加國防支出的要求，115年度國防預算編列9,495億元新台幣，佔國內生產總值（GDP）3.32%，比114年度成長23%（增加1,775億元），創下歷史新高。此舉勢必對年度的教育、社會福利、交通建設與經濟發展等預算，造成嚴重的排擠效果。基此，政府應量入為出、撙節公帑，共體時艱，避免不必要的支出。媒體政策及業務宣導費既非屬必要的業務支出，理應考量政府財政狀況而予以撙節。因此，媒體政策及業務宣導費非屬必要的業務支出，理應配合國防支出大幅增加之影響而予以撙節，兼以經歷風災、堰塞湖、光電板大規模毀損及亂倒廢土等重大影響環境事件，更應專注於提升國內工作效能以符合全國民眾期待。經查114年度環境部主管法定預算媒體政策及業務宣導費為300萬4千元，115年度則編列898萬元，比114年度增加597萬6千元，成長高達198.93%。在考量整體國防預算增額及國家其他重大施政如災後重建等經費所需，此媒體政策及業務宣導費實無急迫性及必要性，為共體時艱，環境部主管各單位宜維持114年度水平，115年增列媒體政策及業務宣導費全數刪除，爰提案減列5,976千元。【1】",,,,,,,,,,115,環境部,環境部,2026/5/20,廖偉翔|翁曉玲,邱鎮軍|王育敏,5468,,,媒體政策及業務宣導費,,,79106000,2026-06-13T14:59:36.472Z
11904,減列,通過,5000000,,減列「業務費」項下「委辦費」500 萬元。【5】,,,,,,,,,,115,環境部,環境部,2026/5/20,社會福利及衛生環境委員會,,,,,,,,,2026-06-13T14:59:36.472Z
11905,減列,通過,700000,,減列第 1 目「科技發展」項下「環境科學及技術之研究」70 萬元，科目自行調整 。【9】,,,,,,,,,,115,環境部,環境部,2026/5/20,社會福利及衛生環境委員會,,,,,,,,,2026-06-13T14:59:36.472Z
11906,減列,通過,600000,,減列第 2 目「一般行政」項下「基本行政工作維持」50 萬元，科目自行調整；前揭科目項下「設備及投資」之「汰換副首長電動公務車輛」10 萬元。【28】、【34】,,,,,,,,,,115,環境部,環境部,2026/5/20,社會福利及衛生環境委員會,,,,,,,,,2026-06-13T14:59:36.472Z
11907,減列,通過,1870000,,減列第 3 目「綜合企劃及管制考核」項下「政策規劃及考核」中「業務費」之「大陸地區旅費」3 萬 8 千元【44.45】。該目項下「生活轉型環標管理」150 萬元【47】、【48】及「國際合作永續發展」33 萬 2 千元，科目均自行調整【53】。,,,,,,,,,,115,環境部,環境部,2026/5/20,社會福利及衛生環境委員會,,,,,,,,,2026-06-13T14:59:36.472Z
11908,減列,通過,1500000,,減列第 4 目「空氣品質保護及噪音管制」項下「移動空氣污染源防制」50 萬元【71】；該目項下「噪音、振動及非屬原子能游離輻射管制」100 萬元；科目均自行調整。【76.85】,,,,,,,,,,115,環境部,環境部,2026/5/20,社會福利及衛生環境委員會,,,,,,,,,2026-06-13T14:59:36.472Z
11909,減列,通過,500000,,減列第 5 目「水質保護」項下「水污染防治」 (含執行河川污染消減計畫並強化全國水質管理與污染防治措施) 50 萬元，科目自行調整。【97.102】,,,,,,,,,,115,環境部,環境部,2026/5/20,社會福利及衛生環境委員會,,,,,,,,,2026-06-13T14:59:36.472Z
11910,減列,通過,1500000,,減列第 6 目「環境資訊科技」50 萬元，科目自行調整；該目項下「環境資料治理及智慧應用」100 萬元。【107】、【114】,,,,,,,,,,115,環境部,環境部,2026/5/20,社會福利及衛生環境委員會,,,,,,,,,2026-06-13T14:59:36.472Z
11911,減列、凍結,保留,20000000,21500000,"115年度環境部「科技發展」項下「淨零排放科技」預算編列1億4,570萬5千元。經查：「淨零排放—生物質永續能資源化之生質沼氣能源產業化發展與研究」執行期間為115年至118年，然其委辦計畫之內容說明，其尚在發展畜牧糞尿廢水之厭氧發酵反應器、模組化套裝設施、菌種實驗等高效沼氣生成技術或發展沼氣能資源化循環中心商業模式等，依其內容應分屬農業部及經濟部應為業務，然卻全編列於環境部之委辦費，且高達4,150萬元，顯不合理。爰建議刪除2,000萬元並凍結2,150萬元，待環境部提出精進作為及檢討報告，並與農業部、經濟部協調該委辦案之合作出資比例，並經立法院社會福利及衛生環境委員會專案報告同意後，始准予解凍。【14】",,,,,,,,,,115,環境部,環境部,2026/5/20,廖偉翔|陳菁徽|邱慧洳,,5551,,,科技發展,淨零排放科技,,145705000,2026-06-13T14:59:36.472Z
11912,凍結,保留,,40000000,"115年度環境部「科技發展」項下「淨零排放科技」預算編列1億4,570萬5千元，經查：「淨零排放—淨零綠生活轉型技術示範及推廣計畫」執行期間為112年至115年，總經費高達8億3,131萬3千元，然112年所編2億0,948萬4千元，其執行率為68.94%（且至113年8月方執行完畢）、113年編列1億9,982萬9千元、114年編列1億4,348萬元，至114年底保留數尚有近2,000萬元，故執行量能有待商榷。且過去3年重要效益成果未臻明確，故無法評估所預計辦理各項工作之妥適性，爰建議凍結4,000萬元，待環境部提出精進作為及檢討報告，並經立法院社會福利及衛生環境委員會專案報告同意後，始准予解凍。【16】",,,,,,,,,,115,環境部,環境部,2026/5/20,廖偉翔|陳菁徽|邱慧洳,,5551,,,科技發展,淨零排放科技,,145705000,2026-06-13T14:59:36.472Z
11913,凍結,保留,,14370500,"115年度環境部「科技發展」項下「淨零排放科技」之「業務費」預算編列1億4,370萬5千元。有關「淨零排放－淨零綠生活轉型技術示範及推廣計畫」執行期間為112年至115年，旨在系統性引導全民行為改變與生活轉型，以邁向2050淨零排放之永續社會。115年度本計畫編列8,000萬元，推動內容包含「淨零綠生活」六大面向、31項具體措施，包括零浪費低碳飲食、友善環境綠時尚、居住品質提升、低碳運輸網絡、使用取代擁有及全民對話等。惟自計畫推動以來，相關政策成效與實際社會變遷之間仍存在明顯落差。以「零浪費低碳飲食」為例，其推動內容包含計畫性採買、餐具共享、零浪費餐飲服務及綠色餐飲等措施，然近年因外送消費快速成長，帶動一次性包裝及紙容器使用量大幅增加，造成紙容器回收量暴增，顯示現行政策尚難有效因應新型消費模式所衍生之廢棄物問題。其次，「友善環境綠時尚」旨在推廣環境友善材質衣物及節能衣著，惟我國廢棄衣物問題仍持續惡化。以嘉義市為例，衣物回收量增加3倍，實際可回收再利用比例卻不到1/3；另依環境部統計，臺灣每年丟棄衣物近8.2萬公噸，若以每公斤3.2件換算，平均每分鐘即有約500件衣物遭丟棄，顯見現行政策在源頭減量、循環再利用及消費行為引導上，仍有不足。再者，於「居住品質提升」部分，現行政策多聚焦於建築節能、節電及綠建築推動，然我國低度使用住宅問題日益嚴重。依內政部公布之2025年上半年全國低度使用住宅比率報告，全國低度使用住宅數量已達98.06萬宅，空屋率攀升至10.43%。倘大量建築物興建後未被有效使用，即使其建築本身符合節能設計，仍可能形成另一種土地、建材及能源資源浪費，顯示淨零綠生活政策應進一步納入住宅使用效率與既有建物活化等面向。另就「低碳運輸網絡」而言，台灣為全球機車密度最高之國家之一，且機動車輛數量仍持續上升。截至2025年2月底，全台機車掛牌數量已達1,468萬輛，自用小客車亦達717萬輛，均創歷史新高。此一現象反映，現行低碳運輸政策尚未有效降低私人運具依賴，亦未能充分回應都會區通勤型態、公共運輸可近性及民眾日常移動需求。綜上，「淨零綠生活」自112年推動以來，雖以行為改變與生活轉型為政策目標，然從外送包裝廢棄物增加、廢棄衣物回收再利用不足、空屋資源浪費，以及私人運具數量持續攀升等現象觀之，現行政策仍有未能與社會實際需求接軌之處。環境部除持續進行宣導外，更應強化政策成效評估、跨部會整合及具體管制與誘因工具，並針對新興消費模式、居住使用效率及交通結構轉型提出更具可操作性之改善方案，俾使淨零綠生活政策真正發揮引導全民轉型之效果。爰凍結該項預算10%，俟環境部於1個月內向立法院社會福利及衛生環境委員會提出專案報告，並經同意後，始得動支。【20】",,,,,,,,,,115,環境部,環境部,2026/5/20,陳菁徽|邱慧洳,廖偉翔,5552,,,科技發展,淨零排放科技,業務費,143705000,2026-06-13T14:59:36.472Z
11914,減列、凍結,保留,20000000,20000000,"115年度環境部「一般行政」預算編列5億4,264萬4千元，經查：多數科目浮編嚴重，例如，115年度較114年度減少5名員額，然人事費卻從4億3,226萬7千元增加至4億4,070萬元，增加843萬3千元；基本行政工作維持之業務費自113年起編列租用直播平台50萬元、114年80萬元、115年80萬元，然依據行政院主計總處各年度之共同性費用編列基準表中之業務費費用項目並無該品項，故編列合法性尚待行政院主計總處修改費用基準表後，方為適宜，且機關（含基金）已有編列多筆媒宣費用，且依照「預算法」規定須定時公布，而直播是否屬於媒宣費用，其定性尚待討論，在行政院主計總處未定案前不宜率各部會之先於預算中編列，以維法制；再者，各年度編列勞務服務約用人員酬金（115年為764萬4千元，較114年666萬9千元增加近100萬元），且又同時編列勞務承攬人力辦理行政事務（115年度764萬4千元，該承攬人力經費亦是逐年增加），兩者工作性質相近，是否有年年編列大筆經費之必要性，令人存疑?又年年編列辦理辦公大樓修繕及空間調整足額費用，同時，設備及投資項目下，115年又編列辦公廳舍與宿舍調整規劃整修等等620萬元，是否有重複編列、消化預算之虞？爰建議刪除2,000萬元並凍結2,000萬元，待環境部提出精進作為及檢討報告，並獲行政院主計總處發布函示說明租用直播平台之合法性，經立法院社會福利及衛生環境委員會專案報告同意後，始准予解凍。【25】",,,,,,,,,,115,環境部,環境部,2026/5/20,廖偉翔|陳菁徽|邱慧洳,,5471,,,一般行政,,,930059000,2026-06-13T14:59:36.472Z
11915,減列,保留,1000000,,"115年度環境部「一般行政」項下「基本行政工作維持」預算編列9,398萬6千元，經查：115年度汰換個人電話機編列129萬元，其中包括標準話機及主管話機，然環境部需要特別購置較貴之主管話機其必要性及目的性何在？僅是為凸顯主管權威？或是要在行政組織中強化上下階級觀念？此種編列方式開各部會之先河，令人不敢苟同！復又以標準話機單支預算價高達8,000元、主管話機高達9,000元，然共同採購契約之單價約2,500至3,000元間，顯見預算浮編嚴重。且114年度已編列200萬元購置單價8,000元供汰換250人之電話機、113年該部已於設備投資項下編列615萬6千元汰換全數位式電子交換機，故更無理由編列高額之電話機費用。另事務費項下編列委託辦理新聞餘情蒐報服務，114年為80萬元，115年寬列至120萬元，然市場行情約莫60至80萬元之間，故該筆預算亦有浮編之虞，爰建議刪除100萬元。【27】",,,,,,,,,,115,環境部,環境部,2026/5/20,廖偉翔|陳菁徽|邱慧洳,,5512,,,一般行政,基本行政工作維持,,47217000,2026-06-13T14:59:36.472Z
11916,減列,保留,8000000,,"115年度環境部「一般行政」項下「基本行政工作維持」之「設備及投資」編列預算2,165萬2千元，經查：115年度編列800萬元汰換該部中央空調節能冰水主機，然109年度已編列500萬元冰水主機費用並於110年汰換，使用年限僅5年即又辦理汰換，顯不合理，故該筆預算亦有浮編之虞，爰建議刪除800萬元。【32】",,,,,,,,,,115,環境部,環境部,2026/5/20,廖偉翔|陳菁徽|邱慧洳,,5555,,,一般行政,基本行政工作維持,設備及投資,21652000,2026-06-13T14:59:36.472Z
11917,減列,保留,1950000,,"115年度環境部「一般行政」項下「基本行政工作維持」中「設備及投資」之「汰換副首長電動公務車輛」編列預算195萬元。比對環境部115年度預算書第100頁「環境部公務車輛明細表」，欲汰換車輛購置時間為105年7月，至今使用約為9年10個月。依照行政院主計總處頒佈「115年度共同性費用編列基準表」第25頁規定：「六、公務車輛（不含機車）具下列情形之一者，得辦理汰換：（一）已屆滿15年。…」。然，115年中央政府總預算連同特別預算，已需舉債高達4,000億元。政府各單位更應量入為出、撙節公帑，減列非必要、非急迫性的支出，以降低國庫舉債、債留子孫的壓力。且，賴清德總統為回應美國對臺灣應大幅增加國防支出的強硬立場與關切壓力，115年度國防支出已創下歷史新高，達9,495億元新台幣；大舉增加國防支出，必定會嚴重排擠年度的教育、文化等支出，亦即，各部會應勒緊褲帶，共體時艱、以撙節支出的具體行動，來呼應賴總統對美方要求大幅增加國防支出的承諾。有鑑於此次汰換車輛並未屆滿15年，且為兌現賴清德總統對美方的承諾，並配合國防支出大幅增加之影響而必須撙節經費，爰減列該項預算195萬元。以避免有限之財政資源遭到閒置與浪費、且撙節之經費又可支援國防軍費的大幅增加！期盼環境部共體時艱，撙節公帑支出，力行簡樸節約生活，避免浪費公帑、節省開支，使政府有限預算能作最有效益之運用。【33】",,,,,,,,,,115,環境部,環境部,2026/5/20,廖偉翔|翁曉玲,邱鎮軍|王育敏,5556,,,一般行政,基本行政工作維持,設備及投資 > 汰換副首長電動公務車輛,1950000,2026-06-13T14:59:36.472Z
11918,凍結,保留,,2000000,"115年度環境部「空氣品質保護及噪音管制」編列預算2億3,864萬4千元，經查：行政院110年8月6日院臺環字第1100022418號函及112年3月17日院臺環字第1121006158號函核定「強化全國環境檢測智慧轉型計畫」，辦理建構全國噪音及異味檢測網、提升地方檢測能量品質及建置區域行動實驗室支援地方查處等工作，總經費5億0,737萬7千元，執行期間111至116年，屬跨年度連續性預算（111年度編列899萬1千元，112年度編列9,425萬元，113年度編列1億5,605萬7千元，114年度編列9,932萬5千元，115年度以後經費需求計1億4,875萬4千元），然115年度卻未說明理由即暫緩編列，依照行政院所屬各機關中長程個案計畫編審要點第11點及第12點，中長程個案計畫有組織或任務變更至原計畫無法繼續執行或因情勢變更，原計畫已無執行之必要或已無法執行者，各機關方得予以終止，且終止原計畫之程序需依照該編審要點第6點之程序要求，由機關副首長或授權人員召集相關單位先行自評，並於年度預算先期作業審定3個月前提報機關首長或行政院核定。爰建議凍結200萬元，俟環境部提出檢討及補救措施後，經立法院社會福利及衛生環境委員會同意後，始得動支。【69】",,,,,,,,,,115,環境部,環境部,2026/5/20,廖偉翔|陳菁徽|邱慧洳,,5557,,,空氣品質保護及噪音管制,,,238644000,2026-06-13T14:59:36.472Z
11919,減列,保留,40000000,,"115年度環境部「水質保護」項下「水污染防治」、「飲用水管理」中「業務費」之「委辦費」預算編列2億2,119萬9千元，經查：115年委辦案(10)環境水質監測暨管理評析品質保證計畫共編列5,800萬，然該委辦案之內容不僅與委辦案(20)有高度重疊性，且114年度環境水質監測管理評析委辦案僅編列620萬、優化全國環境水質監測及增測業務編列500萬，114年度兩委辦案合併金額不到115年度所編之5分之1，顯見預算浮編嚴重，爰建議刪除4,000萬。【93】",,,,,,,,,,115,環境部,環境部,2026/5/20,廖偉翔|陳菁徽|邱慧洳,,5558,,,水質保護,水污染防治,飲用水管理 > 業務費 > 委辦費,221199000,2026-06-13T14:59:36.472Z
11920,凍結,通過,,5000000,"115年度環境部「環境保護支出」項下預算編列12億8,759萬3千元。經查環境部113年度「環境保護支出」預算保留數達2,470萬元，114年度「環境保護支出」預算保留數則上升至9,910萬元，預算保留數年年增加，突顯環境部預算執行能力低落，相關預算有浮編之嫌，爰凍結該項預算500萬元，請環境部於3個月內向立法院社會福利及衛生環境委員會提出書面報告後，始得動支。【3】",,,,,,,,,,115,環境部,環境部,2026/5/20,蘇清泉|王育敏,廖偉翔,5559,,,環境保護支出,,,1287593000,2026-06-13T14:59:36.472Z
11921,凍結,通過,,100000,環境部115年度單位預算中，整體「派員出國計畫預算」共編列13項計畫，預算數高達449萬2千元，相較於114年度的11項計畫，核定預算172萬3千元，出國預算不僅項目增加，金額更大幅暴增1.6倍（增加276萬9千元）。其中，「綜合企劃及管制考核」-「國外旅費」即高達346萬2千元，主要用於出席雙邊及多邊環保合作協定與國際組織等會議。然而立法院審議中央政府總預算案相關決議指出：各機關出國考察費用的決算情形及預算編列，往往與執行情形不一，對於考察的執行情況和報告內容缺乏有效驗證機制，難以確認是否符合目標，部分考察行程過於形式化，未必對政策制定有幫助，易引發「公款旅遊」之不良觀感。立法院多次建議，出國計畫之替代方案多元，可透過專家學者訪談或座談，及請求駐外機構協助撰寫報告等，並非必要編列昂貴之出國考察經費。主管機關應針對派員出國年度計畫建立計畫之標準作業程序(SOP)，應參照「預算法」第62條之1經費公開揭露精神，按月公開出國考察費用明細、人員及成果等，以確保立法院有效監督。在政府資源有限下，出國經費卻逆勢大幅擴編，顯有浮濫編列之嫌。因此，爰針對115年度環境部「派員出國計畫」預算編列449萬2千元，凍結10萬元。俟環境部針對整理出國計畫執行成果報告（含大陸地區）並於1個月內向立法院社會福利及衛生環境委員會提出書面報告後，始得動支。【4】,,,,,,,,,,115,環境部,環境部,2026/5/20,盧縣一|蘇清泉,陳菁徽,5560,,,派員出國計畫預算,,,4492000,2026-06-13T14:59:36.472Z
11922,凍結,通過,,1500000,"115年度環境部「媒體政策及業務宣導費」預算編列206萬元，科目分別為「環境保護支出」-「綜合企劃及管制考核」項下編列媒體宣導費176萬元；另於「水質保護」項下編列媒體宣導費30萬元。經查該科目114年度法定預算業經本院通案統刪60%，115年卻在無重大政策變動下回復至113年水平，增幅達150%。且預算書所列評核指標僅為「網路觸及量」，無法反映民眾實施「淨零綠生活」之實質行為改變。爰針對115年度環境部「綜合企劃及管制考核」項下「生活轉型環標管理」之「業務費」預算編列2,346萬6千元，凍結150萬元，請環境部於2個月內就115年宣傳工作向立法院社會福利及衛生環境委員會提出書面報告後，始得動支。【6】",,,,,,,,,,115,環境部,環境部,2026/5/20,邱鎮軍,王育敏|邱慧洳,5468,,,媒體政策及業務宣導費,,,79106000,2026-06-13T14:59:36.472Z
11923,凍結,通過,,500000,"115年度環境部「科技發展」項下「環境科學及技術之研究」預算編列1,585萬8千元。有鑑於國際間對空氣品質管理之要求日益提升，其中，針對車輛於實際道路行駛過程中所產生之污染排放，亦逐漸成為各國管制重點。相較於傳統以定期檢驗或不定期攔檢為主之制度，因其受限於檢驗場域、抽樣頻率及執法量能，較難全面掌握車輛於道路實際行駛狀態下之排放情形。為強化使用中車輛排放管理，歐美等國已陸續導入排氣遙測技術（Remote Sensing Technology），作為監測行駛中車輛污染排放之輔助工具。惟排氣遙測技術雖已於部分國家實務運用，然其適用仍有一定限制。例如，遙測設備多適合設置於單車道、車流相對單純且開闊無遮蔽之路段；倘於多車同時通行之情境下，易因車輛尾氣重疊而影響判讀準確性。另於降雨、高濕度等環境條件下，亦可能干擾紅外線光束偵測，降低監測穩定度。尤其我國機車使用密度極高，機車排氣量相對較小，尾氣取樣代表性有限，恐使遙測結果之精準度及實務適用性受到限制。依統計，截至2025年2月底，我國機車掛牌數量已突破1,466萬輛；另依臺北市交通管制工程處路口轉向交通量統計，以機車為例，上午7時至8時車流量達1萬1,688輛，下午6時至7時亦達1萬1,306輛，顯示都會區尖峰時段車流密集，車輛排放來源交錯複雜，實際排放量之估算及判讀均具高度困難。再者，臺灣年平均降雨量約達2,500毫米，為世界平均值之2.5至3倍，亦可能增加遙測設備穩定運作之挑戰。綜上，車輛污染排放管理雖有導入遙測監測技術之必要性與發展潛力，惟考量我國機車密度高、都會車流複雜、道路環境特殊及氣候條件多雨潮濕等因素，相關制度之推動仍應審慎評估其技術可行性、適用場域、偵測準確性及後續執法配套，避免逕以國外經驗套用於我國道路環境，反而造成執行困難或爭議。爰凍結該項預算50萬元，俟環境部於1個月內向立法院社會福利及衛生環境委員會提出書面報告後，始得動支。【11】",,,,,,,,,,115,環境部,環境部,2026/5/20,陳菁徽,廖偉翔|邱慧洳,5562,,,科技發展,環境科學及技術之研究,,15858000,2026-06-13T14:59:36.472Z
11924,凍結,通過,,500000,"淨零排放-淨零綠生活轉型技術示範及推廣計畫，用以管理及考核綠生活轉型路徑減碳成效評估、建構淨零綠生活技術應用及標章之減碳效益評估，及建置淨零綠生活多元對話與合作平台並引導行為改變等，但據環境部資料指出，該淨零綠生活網站中，「生活碳足跡計算器」至114年8月底止僅有約5,000名民眾參與，為使多數民眾於生活中落實淨零碳排政策仍有落差，為此，環境部應重新檢討政策並妥善規劃，故針對115年度環境部「科技發展」項下「淨零排放科技」預算編列1億4,570萬5千元，凍結50萬元，俟環境部向立法院社會福利及衛生環境委員會提出書面報告後，始得動支。【15】",,,,,,,,,,115,環境部,環境部,2026/5/20,楊曜,黃秀芳|劉建國,5563,,,生活碳足跡計算器,科技發展,淨零排放科技,145705000,2026-06-13T14:59:36.472Z
11925,凍結,通過,,2000000,"根據2025年「臺灣總體減碳行動計畫」官方目標，2030年需達成碳封存176萬公噸，2年後馬上目標驟升成400萬公噸，2035年600萬公噸，但目前我國僅有2件指標案件中油、台電，合計30.2萬公噸封存規模，進度僅約 5%，環境部應針對目前我國碳捕捉及碳封存技術之技術發展和階段性目標予以檢討。爰針對115年度環境部「科技發展」項下「淨零排放科技」預算編列1億4,570萬5千元，凍結200萬元，俟環境部向立法院社會福利及衛生環境委員會提出書面報告後，始得動支。【17】",,,,,,,,,,115,環境部,環境部,2026/5/20,蘇清泉|王育敏,涂權吉|廖偉翔,5551,,,科技發展,淨零排放科技,,145705000,2026-06-13T14:59:36.472Z
11926,凍結,通過,,100000,"115年度環境部「科技發展」項下「淨零排放科技」預算編列1億4,570萬5千元。有關環境部已執行「畜牧糞尿廢水資源化利用 2.0 計畫」，而 115 年度新增的計畫中，配合農業部辦理，環境部負責的是「法規調適」與「社會共融體系」；農業部則負責「能源化」與「產業場域輔導」。兩部會對於「沼液沼渣肥分再利用」的細部工作項目界定不明，爰凍結該項預算10萬元，俟環境部於2個月內向立法院社會福利及衛生環境委員會提出書面報告，並經同意後，始得動支。【19】",,,,,,,,,,115,環境部,環境部,2026/5/20,伍麗華|林月琴,黃秀芳|王正旭,5551,,,科技發展,淨零排放科技,,145705000,2026-06-13T14:59:36.472Z
11927,凍結,通過,,1000000,"115年度環境部「科技發展」項下「淨零排放科技」中「淨零排放－生物質永續能資源化之生質沼氣能源產業化發展與研究」之「委辦費」預算編列4,150萬元。經查本案係由農業部主導，透過跨部會協作由環境部於115年度預算案編列4,150萬元共同執行，以達成生質沼氣發展與展業推動，辦理期程為115至118年，皆為委辦費。惟部分預計辦理項目或可檢討與既有計畫整併，例如115年度新增生質沼氣研究，部分工作（如沼渣沼液再利用）與既有「永續水質推動計畫 2.0」，允待檢討整併之可行性。爰針對該項預算凍結100萬元，俟環境部於2個月內向立法院社會福利及衛生環境委員會提出書面報告後，始得動支。【22】",,,,,,,,,12331,115,環境部,環境部,2026/5/20,邱鎮軍,王育敏|邱慧洳,5564,,,科技發展,淨零排放科技,淨零排放－生物質永續能資源化之生質沼氣能源產業化發展與研究 > 委辦費,41500000,2026-06-13T14:59:36.472Z
11928,凍結,通過,,1000000,"115年度環境部「科技發展」項下「淨零排放科技」中「淨零排放－生物質永續能資源化之生質沼氣能源產業化發展與研究（115 至 118 年）」之「委辦費」預算編列4,150萬元，預算性質皆為委辦費，惟經立法院預算中心指出，該計畫與現有「永續水質推動計畫 2.0-河川環境品質提升計畫（113 至 116年）」及配合農業部辦理生質沼氣能源產業化發展與研究，其中有關沼液沼渣肥再循環利用部分，允待檢討整併之可行性，爰凍結100萬元，俟環境部於2個月內向立法院社會福利及衛生環境委員會提出書面報告後，始得動支。【24】",,,,,,,,,12331,115,環境部,環境部,2026/5/20,邱鎮軍|陳菁徽|邱慧洳,,5565,,,科技發展,淨零排放科技,淨零排放－生物質永續能資源化之生質沼氣能源產業化發展與研究（115 至 118 年） > 委辦費,41500000,2026-06-13T14:59:36.472Z
11929,凍結,通過,,1000000,"115 年度於「綜合企劃及管制考核」計畫，用以執行環境政策之研擬、管考及績效評估等業務。然而：一、預算實現率逐年下降：環境部近3年歲出預算之執行結果，實現數佔比由110年度之93.64% 逐年下降至112年度之86.32%，顯示預算執行進度不如預期。二、轉入數未結清金額持續攀升：截至112年度，以前年度轉入數累計未結清金額竟達11億3,923萬5千元，而且占比率由 110 年度之8.68% 上升至112年度之22.18%，呈現上升趨勢。三、管考效能有待加強：預算實現率下降及轉入數增加，反映部分計畫預算編列過於寬鬆，或執行過程中遭遇阻礙未能及時排除，「綜合企劃及管制考核」項目，顯有檢討改進空間。爰此，針對115年度環境部「綜合企劃及管制考核」預算編列7,757萬2千元，凍結100萬元。俟環境部向立法院社會福利及衛生環境委員會提出「如何提升預算實現率及加速清理以前年度轉入數之具體精進對策」之書面報告後，始得動支。【37】",,,,,,,,,,115,環境部,環境部,2026/5/20,盧縣一,陳菁徽|蘇清泉,5566,,,綜合企劃及管制考核,,,77572000,2026-06-13T14:59:36.472Z
11930,凍結,通過,,1000000,"115年度環境部「綜合企劃及管制考核」預算編列7,757萬2千元。環境部115年度派員出國預算編列449萬2千元，較114年度172萬3千元大幅增加，增幅高達160.7%，且涉及13項計畫。於整體財政資源有限之情形下，出國經費短期內顯著擴張，然未見相對應之政策目標強化、具體成果指標或必要性說明，難以判斷其與施政優先順序之關聯性，預算編列顯有審酌不足之虞。另立法院過往已多次要求各機關應嚴格審查出國計畫，避免流於形式考察，強化實質政策效益與成果回饋機制，然本次預算擴編未見相應之精進作為，亦未具體說明預期成果如何回饋國內政策推動。此外，115年度尚編列「兩岸環保事務交流」計畫3萬8千元，然在目前兩岸官方交流機制幾近停滯之情形下，相關計畫之實際可行性與執行條件存有高度不確定性，預期成效難以具體評估。於整體出國預算已大幅擴張之際，仍編列可行性不足之交流經費，顯示計畫審查未臻審慎，恐使預算流於形式編列，相關合理性與執行效益均有檢討必要。爰凍結該項預算100萬元，俟環境部於1個月內向立法院社會福利及衛生環境委員會提出書面報告後，始得動支。【38】",,,,,,,,,,115,環境部,環境部,2026/5/20,邱慧洳,邱鎮軍|陳菁徽,5566,,,綜合企劃及管制考核,,,77572000,2026-06-13T14:59:36.472Z
11931,凍結,通過,,1500000,"115年度環境部「綜合企劃及管制考核」預算編列7,757萬2千元。為建構我國碳定價制度及穩定推動減碳工作，環境部參考國外碳邊境調整機制，透過減碳政策推動產業朝低碳轉型發展，環境部部長亦赴歐洲就 CBAM 規範進行協商、率領代表前往參與德國碳定價研習營、參與英國CBAM國際小組會議等，藉以將國際經驗與案例帶回我國以完善我國碳費徵收制度。「氣候變遷因應法」於112年通過，其子法「碳費收費辦法」、「自主減量計畫管理辦法」及「碳費徵收對象溫室氣體減量指定目標」等，業已發布及公告。然針對碳費具體用途，目前環境部僅規劃大方向原則，雖後續將訂定碳費補助辦法，然該辦法仍尚在草擬中，既無補助方式亦無公告日期。環境部徵收碳費既為透過碳定價與市場機制的推動，鼓勵企業進行低碳轉型，既為長期政策規劃，自應具備完整法規配套，惟環境部於徵收碳費之相關法規配套制定時，卻漏未針對碳費補助有其確定運用方式，且亦未針對徵收之碳費運用於何類型之補助計畫與民間產業與縣市政府進行討論；甚至補助辦法之細節仍在討論中，目前亦無草案出爐期程。為促進環境部加速針對碳費補助辦法參照國外經驗並儘速與民間產業、縣市政府及專家學者進行討論，以儘快擬定碳費補助辦法，爰凍結該項預算150萬元，俟環境部於2個月內向立法院社會福利及衛生環境委員會提出管制考核（含法規規劃期程）之書面報告後，始得動支。【40】",,,,,,,,,,115,環境部,環境部,2026/5/20,涂權吉,陳菁徽|蘇清泉,5566,,,綜合企劃及管制考核,,,77572000,2026-06-13T14:59:36.472Z
11932,凍結,通過,,1500000,"115年度環境部「綜合企劃及管制考核」項下「生活轉型環標管理」之「業務費」預算編列2,346萬6千元，整合推動淨零綠生活行銷宣導工作，擴大社會大眾對綠生活轉型的共識與交流，深化全民對話與社會溝通。此計畫內容未說明完整，並無成果計畫與效益分析，各機關應將政府經費花在刀口上，發揮更大財政效益，並避免政府機關、事業機構圖利特定媒體。避免預算虛擲，必須檢討適妥性。鑑於為中華民國納稅人嚴格把關政府財政支出之必須，爰凍結是項預算150萬元，俟環境部於2個月內向立法院社會福利及衛生環境委員會提出書面報告後，始得動支。【41】",,,,,,,,,,115,環境部,環境部,2026/5/20,蘇清泉,盧縣一|王育敏,5567,,,綜合企劃及管制考核,生活轉型環標管理,業務費,23466000,2026-06-13T14:59:36.472Z
11933,凍結,通過,,500000,115年度環境部「綜合企劃及管制考核」項下「政策規劃及考核」預算編列410萬9千元。一、環境部應依據《兒童權利公約》（CRC）第26號一般性意見及歷次國際審查委員會之結論性意見，將兒少觀點實質納入環境與氣候政策制定程序，並針對空污、氣候調適等重大政策落實「兒少權利影響評估」，以保障下一代之環境生存權與參與權。二、經查，環境部目前之兒少參與機制存有嚴重缺失，不僅環境部人權委員會中之兒少代表與成人比例高達一比二十，導致結構性發聲困難，且環境部長期未能依國際審查建議針對相關環境政策進行實質之「兒少權利影響評估」；現行參與多停留在缺乏持續性之「一次性活動」或點綴式參與，對於建立制度化管道之回應亦避重就輕，導致兒少意見難以對實質政策產生影響。三、爰此，為督促環境部落實兒少參與並完善政策評估，請環境部針對「綜合企劃及管治考核」項下「政策規劃及考核」編列之預算提出書面報告，具體內容應包括：建立「制度化與定期召開」之兒少參與機制、設置「固定窗口」落實「意見列管追蹤」；且針對偏鄉、身心障礙等氣候調適高風險兒少群體，設計多元適齡之友善形式以主動聆聽意見，而非僅採取會議單一形式。爰凍結該項預算50萬元，俟環境部於3個月內向立法院社會福利及衛生環境委員會提出書面報告後，始得動支。【43】,,,,,,,,,,115,環境部,環境部,2026/5/20,林月琴,黃秀芳|王正旭,5568,,,綜合企劃及管制考核,政策規劃及考核,,4109000,2026-06-13T14:59:36.472Z
11934,凍結,通過,,500000,"據環境部淨零綠生活網站所揭露資料，綠色商店意即該賣場內販售綠色商品，而綠色商品是指經政府驗證通過取得環保標章、節能標章、省水標章、綠建材標章等，有綠色標章的產品或服務，經查詢綠色商店各縣市分布相關資料，多數商家仍以販售家電、建材為主，對於期盼民眾養成綠色消費習慣力度仍有限，且澎湖縣僅只有一家綠色商店。為此，環境部應增加政策誘因，擴大綠色商店廣度，以期建立民眾綠色消費之習慣，故針對115年度環境部「綜合企劃及管制考核」項下「生活轉型環標管理」預算編列2,674萬1千元，凍結50萬元，俟環境部於2個月內向立法院社會福利及衛生環境委員會提出書面報告後，始得動支。【49】",,,,,,,,,,115,環境部,環境部,2026/5/20,楊曜,黃秀芳|劉建國,5569,,,綜合企劃及管制考核,生活轉型環標管理,,26741000,2026-06-13T14:59:36.472Z
11935,凍結,通過,,1500000,"115年度環境部「綜合企劃及管制考核」項下「生活轉型環標管理」之「業務費」預算編列2,346萬6千元。環境部115年度編列宣導經費推動「淨零綠生活」及「水污染防治」相關政策，然依預算書內容，其績效指標多以媒體曝光及觸及量為主，例如透過網路平台宣傳、廣告投放及媒體露出等方式擴大能見度，並以互動人次、曝光數等作為主要衡量標準。然此類指標僅反映宣傳觸及情形，未能具體呈現民眾行為是否因此改變，與環境政策應達成之實質效果尚有落差。另就政策目的觀之，淨零綠生活及水污染防治均屬需長期改變民眾行為之政策領域，然現行宣導作法仍偏重短期曝光與流量累積，缺乏行為轉換之追蹤機制與成效評估指標，例如減碳行為改變、水污染減量或民眾實際參與程度等，致預算投入與政策成果之連結不足。於未建立有效績效評估與回饋機制之情形下，相關宣導經費恐流於購買流量與形式化推廣，預算編列與執行效益顯有檢討必要。爰凍結該項預算150萬元，俟環境部於3個月內向立法院社會福利及衛生環境委員會提出書面報告後，始得動支。【51】",,,,,,,,,,115,環境部,環境部,2026/5/20,邱慧洳,邱鎮軍|陳菁徽,5567,,,綜合企劃及管制考核,生活轉型環標管理,業務費,23466000,2026-06-13T14:59:36.472Z
11936,凍結,通過,,1000000,"查環境部辦理「環境影響評估整合與管理」業務，近年預算持續編列，惟制度運作成效備受外界質疑。多項重大開發案件於審查過程中，出現審查程序過於倉促情形，例如能源開發案僅經一次專案小組初審即建議通過，顯示環評審查機制恐流於形式，未能確實發揮專業把關功能。此外，環評審查過程中，亦曾發生會議程序爭議，包含臨時變更會議安排、限制民眾及環團參與等情形，嚴重影響程序正義與社會信任基礎。另一方面，開發案通過後違反環評承諾之案例屢見不鮮，顯示後續監督與查核機制未能有效落實，導致環評制度偏重審查、輕忽管理。再者，政策環評本應作為重大開發方向之上位審查機制，然實務上對於用地擴張及產業發展決策未能發揮實質影響力，淪為形式審查程序，難以達到政策把關功能。綜上，環境影響評估制度於審查品質、程序正義及後續監督等面向，均存在明顯缺失，未能有效達成環境保護之政策目的。爰針對115年度環境部「綜合企劃及管制考核」項下「環境影響評估整合與管理」預算編列3,728萬元，凍結100萬元，俟環境部向立法院社會福利及衛生環境委員會提出完整檢討及具體改善作為之書面報告後，始得動支。【57】",,,,,,,,,,115,環境部,環境部,2026/5/20,劉建國,林月琴|王正旭,5570,,,綜合企劃及管制考核,環境影響評估整合與管理,,37280000,2026-06-13T14:59:36.472Z
11937,凍結,通過,,3000000,"環境部本屆環評委員名單，經查民間專家學者委員共 14 人中，具備「環境／河海工程」背景者高達 9 人，佔比超過 6 成，而「生態與森林」及「社會環境／文化」領域之代表僅寥寥可數。此單一且傾斜之組成結構，顯與環境部自訂之「自然」、「生活」、「社會」三大環境領域均衡原則背道而馳。環評制度之核心價值在於「環境優先」與「風險預防」。雖然環工專業有助於檢視污染防制技術，但面對開發行為對生物多樣性、文化資產、在地居民生計及土地倫理之衝擊，必須仰賴生態學、社會科學及人類學等多元觀點始能周全評估。若委員會組成過度偏重工程技術思維，恐將環評窄化為「工程減輕對策」之技術審查，而忽略了更上位的「開發適宜性」與「環境容受力」討論。爰針對115年度環境部「綜合企劃及管制考核」項下「環境影響評估整合與管理」預算編列3,728萬元，凍結300 萬元，俟環境部針對本屆環評委員遴選結果之專業失衡檢討，並研擬環評委員遴選多元性保障機制方案向立法院社會福利及衛生環境委員會提出書面報告後，始得動支。【59】",,,,,,,,,,115,環境部,環境部,2026/5/20,林淑芬,黃秀芳|賴惠員|林月琴|王正旭,5570,,,綜合企劃及管制考核,環境影響評估整合與管理,,37280000,2026-06-13T14:59:36.472Z
11938,凍結,通過,,1000000,"115年度環境部「綜合企劃及管制考核」項下「環境影響評估整合與管理」預算編列3,728萬元，用以辦理開發行為環評審查等所需費用，較114年度之3,482萬8千元（含追加後預算 263 萬 2 千元）增加245萬2千元，惟經據立法院預算中心研究指出，近 5 年來違反環境影響評估法相關規定之裁罰件數逐年增加，裁罰金額亦大幅成長，且不乏經多次裁處之情事，惟開發單位違規情節頻仍，更有有外界質疑環評審查是否過於草率情事，允待積極檢討環評審查精進措施，俾提升預算執行效益，爰針對是項預算凍結100萬元，待環境部向立法院社會福利及衛生環境委員會提出書面報告後，始得動支。【63】",,,,,,,,,,115,環境部,環境部,2026/5/20,邱鎮軍|陳菁徽|邱慧洳,,5570,,,綜合企劃及管制考核,環境影響評估整合與管理,,37280000,2026-06-13T14:59:36.472Z
11939,凍結,通過,,1000000,"115 年度環境部「空氣品質保護及噪音管制」編列預算 2 億3,864 萬 4 千元，合併凍結 100 萬元，俟環境部就下列各案向立法院社會福利及衛生環境委員會提出書面報告後，始得動支。",,,,,,,,11940|11941|11942,,115,環境部,環境部,2026/5/20,黃秀芳|林月琴|王正旭,黃秀芳|楊曜|林月琴|王正旭,5557,,,空氣品質保護及噪音管制,,,238644000,2026-06-13T14:59:36.472Z
11940,凍結,通過,,1000000,"115年度環境部「空氣品質保護及噪音管制」編列預算2億3,864萬4千元。經查目前國內電動巴士廠商僅5間，主要發展於國產化設計與製造，致力符合政府2030市區公車全面電動化目標。然政府推動電動化期程落後，截至 2025年底，電動公車普及率僅 40%，部分縣市雖進度超前，但整體皆面臨充電場站難尋瓶頸，六都中僅以高雄、台北表現較佳，部分縣市則尚為零。導致客運業者缺發更多元車輛選擇，並且因為電動巴士常停放在空闊的地方，但相關場域的電網配置相對不足，使得電動客運車輛遇上供電瓶頸。2030年目標達到市區公車全面電動化總共預計是1萬1,700輛，今年底預計達成50%的目標，為相關計畫執行落實並顧及國家預算使用效益，爰凍結該項預算100萬元，俟環境部洽相關部會共同於3個月內向立法院社會福利及衛生環境委員會提出書面報告後，始得動支。【65】",,,,,,,,,11939,115,環境部,環境部,2026/5/20,黃秀芳,楊曜|王正旭,5557,,,空氣品質保護及噪音管制,,,238644000,2026-06-13T14:59:36.472Z
11941,凍結,通過,,1000000,"115年度環境部「空氣品質保護及噪音管制」編列預算2億3,864萬4千元。一、環境部依據「空氣污染防制法」及行政院核定之「空氣污染防制方案（113至116年）」，推動特殊性工業區周邊校園空氣品質防護工作，並於114年度專案報告中明確指出超細懸浮微粒對兒童健康之潛在風險應優先重視，環境部亦已啟動特殊性工業區周邊高風險學校之盤點作業。二、然特殊性工業區周邊高風險校園之空污問題迄今尚未有效解決，亦未就兒童與成人對污染物承受能力之差異研擬適合兒少族群之空污暴露指標；目前現行監測標準均以成人為基準，惟兒童因呼吸速度較快、活動量高且呼吸系統發育未臻成熟，對空氣污染之影響遠較成人嚴重，現行標準恐無法有效保護兒童健康。三、爰請環境部依據特殊性工業區周邊學校盤點結果，提出高風險校園之具體防護政策，並說明各項防護措施之執行期程、權責機關及查核機制；同時就兒童與成人對污染物承受能力之差異，參酌各國相關研究與規範，研擬適合兒少族群之空污暴露指標。爰凍結該項預算100萬元，俟環境部於3個月內向立法院社會福利及衛生環境委員會提出相關政策規劃之書面報告後，始得動支。【68】",,,,,,,,,11939,115,環境部,環境部,2026/5/20,林月琴,黃秀芳|王正旭,5557,,,空氣品質保護及噪音管制,,,238644000,2026-06-13T14:59:36.472Z
11942,凍結,通過,,1000000,"據《報導者》日前調查，比對近年違反「空氣污染防制法」之裁罰紀錄與國中、小學座標後發現，全台共有28所學校在方圓500公尺內，存在兩間以上曾違規的工廠，師生健康暴露於風險之中。臺灣大學公共衛生學系張弘潔副教授亦撰文指出，雖然「室內空氣品質管理法」已授權政府將高中以下兒少場所納入管理，但環境部至今仍未針對相關場所公告法定的監測項目與標準。為保障兒少之健康權，爰針對115年度環境部「空氣品質保護及噪音管制」編列預算2億3,864萬4千元，凍結100萬元，要求環境部於3個月內就「室內空氣品質管理法」公告場所類別、檢測項目、自動連續監測設施及專責人員等修法重點，向立法院社會福利及衛生環境委員會提出書面報告後，始得動支。【70】",,,,,,,,,11939,115,環境部,環境部,2026/5/20,王正旭,黃秀芳|林月琴,5557,,,空氣品質保護及噪音管制,,,238644000,2026-06-13T14:59:36.472Z
11943,凍結,通過,,10000000,"115 年度環境部「空氣品質保護及噪音管制」編列預算 2 億 3,864 萬 4 千元，合併凍結 1,000 萬元，俟環境部就下列各案向立法院社會福利及衛生環境委員會提出書面報告後，始得動支。",,,,,,,,11944|11945,,115,環境部,環境部,2026/5/20,邱慧洳,邱鎮軍|陳菁徽,5557,,,空氣品質保護及噪音管制,,,238644000,2026-06-13T14:59:36.472Z
11944,凍結,通過,,10000000,"115年度環境部「空氣品質保護及噪音管制」編列預算2億3,864萬4千元。針對環境部辦理空氣污染防制業務，查「高屏地區空氣污染物總量管制計畫」自104年實施至今已屆10年。據113年審計部決算審核報告意見，環境部設定之減量目標過於寬鬆，僅以申請日前7年內完整操作年度之最大年排放量，計算公私場所既存固定污染源之認可排放量，並以認可排放量削減5%之目標值作為排放總量上限。導致多數公私場所無須實質減量即可達標，致使排放交易市場供需失衡，10年來僅6家業者進行抵換，難以發揮經濟誘因功能。此外，現行抵換機制容許業者將購買之削減量差額調高其目標年排放量，造成排放總量上限不減反增，嚴重悖離總量管制精神。高雄市及屏東縣政府自104年6月30日起依「空氣污染防制法」第20條第2項後段規定，分別加嚴2次、1次固定污染源空氣污染物排放標準，但是環境部仍未衡酌實際排放現況檢討認可排放基準之合理性，導致近3年度採取減量措施之業者家數未及一成，整體運作效能不彰。爰凍結該項預算1,000萬元，俟環境部重新檢討高屏地區空氣污染物總量管制計畫減量目標之合理性與增量抵換運作機制之妥適性，並將檢討結果納入第2實施期程後，於1個月內向立法院社會福利及衛生環境委員會提出書面報告後，始得動支。【66】",,,,,,,,,11943,115,環境部,環境部,2026/5/20,邱慧洳,邱鎮軍|陳菁徽,5557,,,空氣品質保護及噪音管制,,,238644000,2026-06-13T14:59:36.472Z
11945,凍結,通過,,10000000,"115年度環境部「空氣品質保護及噪音管制」編列預算2億3,864萬4千元。 環境部於104年6月30日會同經濟部公告實施「高屏地區空氣污染物總量管制計畫」，旨在透過行政管制與經濟誘因，加速改善高屏地區空氣品質，該計畫之執行現狀存在重大違失與行政怠惰，亟需檢討。據113年審計部決算審核報告意見：一、第2期程延宕近7年：第1實施期程已於107年6月屆滿，環境部雖於同年研擬第2期程修正草案，卻因對指定削減量及抵換交易機制等爭議未果，導致第2期程延宕至今仍未能如期銜接公告。環境部僅於107年7月發布 「高屏地區空氣污染物總量管制計畫修正公告施行前過渡期間執行原則」，規範在第2實施期程修正發布前，延續執行第1實施期程相關內容，作為過渡期替代方案。管制政策長期處於「過渡期間」，缺乏法制前瞻性，嚴重損及總量管制制度之嚴謹性。二、超標裁處率偏低，行政督導失職：108至112年間，計有209家次公私場所之實際排放量超逾指定削減5%之目標值。扣除抵換及處理中案件，剩餘171家次中，僅9家次獲得高雄市及屏東縣政府裁處，裁處比率僅 5.26%。環境部作為「空氣污染防制法」中央主管機關，未積極督促地方政府依法行政，導致法規形同具文，恐致排污場所心存僥倖，難以達到嚇阻效果。三、減量目標檢核失靈：環境部於過渡期間未能有效督促地方政府逐年檢核減量目標達成情形，致使總量管制計畫執行成效大打折扣，對於高屏地區居民之健康權益保障顯有缺失。為督促環境部儘速解決高屏地區空氣污染物總量管制計畫第2期程計畫之癥結、建立各界共識，並落實對地方政府之監督職權，爰凍結該項預算1,000萬元，請環境部針對「高屏地區空污總量管制計畫第2期程延宕原因、改善期程，以及提升違規裁處效率之具體作為」於1個月內向立法院社會福利及衛生環境委員會提出書面報告後，始得動支。【67】",,,,,,,,,11943,115,環境部,環境部,2026/5/20,邱慧洳,邱鎮軍|陳菁徽,5557,,,空氣品質保護及噪音管制,,,238644000,2026-06-13T14:59:36.472Z
11946,凍結,通過,,500000,"115 年度環境部「空氣品質保護及噪音管制」項下「噪音、振動及非屬原子能游離輻射管制」預算編列 2,644 萬 4 千元，合併凍結 50 萬元，俟環境部就下列各案向立法院社會福利及衛生環境委員會提出書面報告，始得動支。",,,,,,,,11947|11948|11949,,115,環境部,環境部,2026/5/20,楊曜|陳菁徽,廖偉翔|黃秀芳|劉建國|邱慧洳,5571,,,空氣品質保護及噪音管制,噪音、振動及非屬原子能游離輻射管制,,26444000,2026-06-13T14:59:36.472Z
11947,凍結,通過,,500000,"據113年度審計部中央政府總決算審核報告指出，依據環境部發布之聲音照相科技執法實務運作指引2.1及國家環境研究院公告之「機動車輛行駛噪音量測方法－影像輔助法規定」，當車輛噪音超過行駛噪音標準時，若同時符合：（1）車輛噪音超標案件最大值與其相鄰波峰兩者最大值相差≧6dB；（2）車輛噪音量測結果與背景音量須＞10dB（若其相差在10dB以下3dB以上，則須以公式計算修正）；（3）確認未受其他噪音源干擾；（4）量測地點無雨路乾且最大風速小於5m/s等條件，始得逕行告發裁處，惟實務上噪音具有加乘性，常因同時存在數個音源，造成難以判定其責任歸屬，且現行技術尚難對多車行駛於車道上噪音超標案件進行有效辨識，因未能符合上述各項量測條件，致聲音照相噪音案件無法告發裁處，為此，環境部應精進多音源辨識技術以改善偵測盲區，並提出物理性檢監測相關公共建設計畫，故針對115年度環境部「空氣品質保護及噪音管制」項下「噪音、振動及非屬原子能游離輻射管制」預算編列2,644萬4千元，凍結50萬元，待環境部提交書面報告至立法院社會福利及衛生環境委員會，始得動支。【78】",,,,,,,,,11946,115,環境部,環境部,2026/5/20,楊曜,黃秀芳|劉建國,5571,,,空氣品質保護及噪音管制,噪音、振動及非屬原子能游離輻射管制,,26444000,2026-06-13T14:59:36.472Z
11948,凍結,通過,,500000,"115年度環境部「空氣品質保護及噪音管制」項下「噪音、振動及非屬原子能游離輻射管制」預算編列2,644萬4千元。有鑑於營建工程噪音取締難度較高，主要係因營建工程具有工期長、施工工法多樣，且噪音來源會隨不同施工階段變動等特性，致民眾提出檢舉後，環保單位抵達現場時，噪音往往已停止或降低，影響稽查及取締成效。再者，依公害陳情系統數據，公害陳情量每年約26萬件，其中營建工程相關陳情即高達3萬餘件，顯示營建噪音已成為民眾日常生活中重要之環境公害問題。如何有效降低營建工程噪音、提升稽查效率及強化取締成效，應為環境部優先檢討之重點。惟查相關計畫之績效目標設計，僅以「改善工程噪音陳情百分比」作為衡量指標，並未納入提升稽查到場效率、取締率、裁處率或高陳情工地改善率等具體指標，恐難完整反映政策執行成效。爰要求環境部應檢討營建工程噪音管制機制，除降低陳情件數外，亦應建立提升稽查取締成效之績效指標，包括即時監測、熱點工地列管、重複陳情案件追蹤及裁處改善情形等，俾有效回應民眾對營建噪音之陳情需求。爰針對是項預算凍結50萬元，俟環境部於3個月內向立法院社會福利及衛生環境委員會提出營建工程噪音管制精進書面報告後，始得動支。【82】",,,,,,,,,11946,115,環境部,環境部,2026/5/20,陳菁徽,廖偉翔|邱慧洳,5571,,,空氣品質保護及噪音管制,噪音、振動及非屬原子能游離輻射管制,,26444000,2026-06-13T14:59:36.472Z
11949,凍結,通過,,500000,"115年度環境部「空氣品質保護及噪音管制」項下「噪音、振動及非屬原子能游離輻射管制」預算編列2,644萬4千元，包括推動地方政府噪音陳情案件改善及提升稽查效能計畫1,248萬4千元及新增辦理「智慧宜適家園管理計畫」1,300萬元，惟經過立法院預算中心研究指出，環境部過往即有編列相關預算用以發展車輛噪音智能管制，建置智能資訊運用平台，供各地方政府上傳監測資料，以利後續進行數據擷取、轉換與載入。惟該計畫因補助地方政府環境保護局購置之聲音照相設備廠商不同(目前計有6家廠商)，且地方政府所設置之數據接收軟體亦各有所異，故截至113年底止，龐大之聲音照相科技執法資料尚未能上傳，並於前開平台整合介接，進而影響後續數據分析及運用，故本計畫於補助地方政府提升聲音照相科技執法設備量前，允先克服數據介接技術問題，俾利提升車輛噪音管制成效，爰針對是項預算凍結50萬元，待環境部向立法院社會福利及衛生環境委員會提出機動車輛噪音管制精進書面報告後，始得動支。【83】",,,,,,,,,11946,115,環境部,環境部,2026/5/20,邱鎮軍|陳菁徽|邱慧洳,,5571,,,空氣品質保護及噪音管制,噪音、振動及非屬原子能游離輻射管制,,26444000,2026-06-13T14:59:36.472Z
11950,凍結,通過,,6000000,"環境部115年度於「空氣品質保護及噪音管制」工作計畫之「噪音、振動及非屬原子能游離輻射管制」分支計畫編列2,644萬4千元，其中新增「智慧宜適家園管理計畫」1,300萬元，欲持續擴增地方政府聲音照相設備、導入AI分析及噪音聯防，以提升車輛噪音科技執法量能。惟查，環境部自111年度起推動「強化全國環境檢測智慧轉型計畫」，截至114年8月底止已累計投入2億5,848萬4千元，並於112年建置智能資訊運用平台，原欲供各地方政府上傳聲音照相科技執法資料，以利後續數據擷取、轉換、載入與分析運用。然據立法院預算評估報告指出，因地方政府購置之聲音照相設備廠商不同，目前計有6家，且各地方政府所設置之資料接收軟體亦各異，致截至113年底止，龐大之聲音照相科技執法資料仍未能順利上傳並完成平台整合介接，嚴重影響後續數據分析、熱點辨識、治理決策及執法成效評估。爰針對115年度環境部「空氣品質保護及噪音管制」預算編列2億3,864萬4千元，凍結600萬元，待環境部提出「聲音照相科技執法資料整合精進方案」報告，內容至少應包括：一、全國統一資料格式、傳輸規格及API介接標準；二、各縣市既有聲音照相設備與平台介接完成率及期程；三、113年底前已累積但尚未整合之既有資料回補上傳時程；四、AI分析平台之實際運用方式、治理指標與績效驗證機制；五、未來新增設備之統一採購規格與資料相容性要求，並向立法院社會福利及衛生環境委員會提出書面報告後，始得動支。【79】",,,,,,,,,,115,環境部,環境部,2026/5/20,林淑芬,黃秀芳|賴惠員|林月琴|王正旭,5571,,,空氣品質保護及噪音管制,噪音、振動及非屬原子能游離輻射管制,,26444000,2026-06-13T14:59:36.472Z
11951,凍結,通過,,2644400,"現行聲音照相科技執法之噪音取締標準，存在低於監理機關驗車法規容許分貝值之現象。環境部「噪音檢驗車種分類及管制標準」規定，五期環保標準以前之車輛，機車噪音94分貝以下、汽車100分貝以下即可合法領牌，然取締標準卻小於此門檻，導致許多未經改裝之原廠合法車輛屢遭取締。此種政策邏輯相互矛盾之情形，已嚴重損害合法車主之基本權益。此外，現行科技執法設備與設置規範存在諸多硬體與環境缺失。目前的執法設備簡陋，不僅缺乏測速設備輔助，亦未能採購具備「聲紋辨識」功能之儀器，目前僅桃園市於114年試辦，預計115年導入，導致系統無法有效排除環境背景噪音與其他車輛之干擾。再加上未訂定適宜的設備設置地點規範，裝設現場環境混亂，極易引發誤判誤罰，整體執法品質與準確度備受外界與路權團體質疑。在後續裁罰與行政救濟程序上，更存在嚴重侵害民眾訴願權利之行政怠惰。目前聲音照相取締後須仰賴大量人工篩檢才能寄發罰單，導致民眾收到裁罰時，往往已距離被取締時間達4至5個月之久。且罰單內容僅附靜態照片，未註記取締當下之時速，亦無提供完整音訊影片供車主確認。在舉證極度困難、缺乏完善複檢程序，且訴願與覆核標準皆未臻健全之情況下，民眾面對系統誤判往往求助無門。且噪音科技執法有98%機器誤判，只有2%開罰。為保障合法用路人權益，針對115年度環境部「空氣品質保護及噪音管制」項下「噪音、振動及非屬原子能游離輻射管制」預算編列2,644萬4千元，凍結百分之十，俟環境部協同交通部檢討噪音取締標準、執法設備納入聲紋辨識、訂定合理之訴願與覆核程序，就上述各項提出具體改善之機動車輛噪音管制精進書面報告至立法院社會福利及衛生環境委員會後，始得動支。【81】",,,,,,,,,,115,環境部,環境部,2026/5/20,陳菁徽|王育敏|劉書彬|邱慧洳,,5571,,,空氣品質保護及噪音管制,噪音、振動及非屬原子能游離輻射管制,,26444000,2026-06-13T14:59:36.472Z
11952,凍結,通過,,500000,"115年度環境部「空氣品質保護及噪音管制」項下「建構國家安全化學與韌性永續計畫」編列預算9,270萬元。有鑑於114年「建構國家安全化學與韌性永續計畫」細部之「擴充空氣毒性化學物質監測項目與建立行業別排放係數等細節」與「環境部編列毒化監測及資料庫」遭質疑預算重疊，環境部應說明115年二者分工內容，並完成18個工業區HAPs監測數據與管制對策之報告，此外環境部114年4月25日環部空字第1141025601號函回覆本院表示，「一、建置本土化空氣毒性化學物質釋放量相關係數，預計建立至少7個製程之排放係數（包含建置排放係數之檢測）…」。並請說明如何應用於115年空氣污染防制費申報，以減少徵收爭議。爰針對是項預算凍結50萬元，俟環境部於1個月內向立法院社會福利及衛生環境委員會提出書面報告後，始得動支。【88】",,,,,,,,,,115,環境部,環境部,2026/5/20,邱鎮軍,王育敏|邱慧洳,5572,,,空氣品質保護及噪音管制,建構國家安全化學與韌性永續計畫,,92700000,2026-06-13T14:59:36.472Z
11953,凍結,通過,,2000000,"115年度環境部「空氣品質保護及噪音管制」項下「空氣品質監測預報規劃及國際合作推動」預算編列1,891萬7千元。根據瑞士空氣品質技術公司IQAir於24日發布之最新報告，台灣2025年空氣污染嚴重程度排名全球第74名，較2024年第54名後退20名；PM2.5年平均濃度亦由2024年的17.5μg/m³降至13.3μg/m³。表面上看似有所改善，然而該數值仍高於世界衛生組織建議值5μg/m³，也超過環境部所訂之年平均標準12μg/m³。即便環境部對IQAir之監測方式有所保留，環境部15日公布之空氣品質監測年報亦顯示，我國PM2.5年平均濃度仍達12.8μg/m³，同樣高於國內標準，顯示空氣品質改善仍未達標。更值得關注的是，依IQAir報告顯示，南台灣空污問題仍相對嚴重，包含屏東、高雄、台南等地區，長期承受較高污染負擔。空氣污染並非只是造成呼吸不適而已。根據世界銀行研究指出，戶外空氣污染於2020年造成全球約570萬人死亡，顯示空污已直接影響國民健康、醫療支出與整體經濟發展。爰此，環境部不應僅止於爭議監測方法或強調排名改善，而應正視我國PM2.5仍未達標、區域污染不均等問題，提出更具體、可執行且能回應南部空污負擔之空氣品質改善計畫。爰針對是項預算凍結200萬元，俟環境部於3個月內向立法院社會福利及衛生環境委員會提出書面報告，始得動支。【89】",,,,,,,,,,115,環境部,環境部,2026/5/20,陳菁徽,廖偉翔|邱慧洳,5573,,,空氣品質保護及噪音管制,空氣品質監測預報規劃及國際合作推動,,18917000,2026-06-13T14:59:36.472Z
11954,凍結,通過,,2500000,"115 年度環境部「水質保護」預算編列 2 億 3,129 萬 5 千元，合併凍結 250 萬元，俟環境部就下列各案向立法院社會福利及衛生環境委員會提出書面報告，始得動支。",,,,,,,,11955|11956|11957,,115,環境部,環境部,2026/5/20,涂權吉|黃秀芳|邱慧洳,邱鎮軍|楊曜|王正旭|陳菁徽|蘇清泉,5574,,,水質保護,,,231295000,2026-06-13T14:59:36.472Z
11955,凍結,通過,,2500000,"115年度環境部「水質保護」預算編列2億3,129萬5千元。台灣從2002年開始河川整治工作，目前共有293處河川監測站，嚴重污染的監測站從66站到只剩2站，嚴重污染長度的比率也從14%降至1.9%，顯示透過精準治理，在水質保護上有所成效。然全台仍有三成河川水質不穩定。尤其東部河川因地震致土石鬆軟、颱風強降雨影響，水質仍不穩定。此外，針對事業廢水排放116年起將增列醫院、屠宰場等為氨氮管制對象，半導體等產業也會加嚴銅限值、並增加磷的管制。綜上顯示，水質保護責任龐大，環境部需持續與相關部會及各界攜手協作治理，讓河川都能蛻變為兼具生態價值與生活品質的永續親水空間。為使環境部審慎推動水質保護。爰針對是項預算凍結250萬元，俟環境部於2個月內向立法院社會福利及衛生環境委員會提出書面報告後，始得動支。【90】",,,,,,,,,11954,115,環境部,環境部,2026/5/20,黃秀芳,楊曜|王正旭,5574,,,水質保護,,,231295000,2026-06-13T14:59:36.472Z
11956,凍結,通過,,2500000,"115年度環境部「水質保護」編列預算2億3,129萬5千元。維護及提升河川水質，降低水體污染及提升水體品質，為全國環境保護之重要政策目標。惟近期仍出現河川污染，如：基隆河油污、工廠於雨天沿廠內溝渠違法排放清理原料桶槽所產生之含表面活性劑之廢水至道路側溝，造成大量泡沫污染下游承受水體及埤塘、畜牧廢污水未經妥善處理，於雨天排放藉大量雨水稀釋等，易造成水質及環境污染，影響國人健康及周邊民眾生活品質。又工廠違法排放廢水後，縣市政府環保局前往稽查，始發現負責人早已遁走，僅餘外籍移工數人執行場內基礎清潔工作或簡易業務，惟其既非負責工廠業務或指揮監督，亦難期外籍移工認識我國水污染防治法規及政策或協助改善；為盡速回復周邊民眾生活品質及復原環境，僅能由縣市環保局協助環境復原，惟相關清理或復原費用則因工廠負責人已遁走而求償無門。故為使排放廢水之實際負責人就其破壞水體之行為負擔相關清理費用，環境部應於水污染防治相關法規針對負責人應繳清代為清理之費用後，始得復工(業)；或提出相關措施，以杜絕求償無門之情形。爰針對是項預算凍結250萬元，俟環境部於2個月內向立法院社會福利及衛生環境委員會提出書面報告後，始得動支。【91】",,,,,,,,,11954,115,環境部,環境部,2026/5/20,涂權吉,陳菁徽|蘇清泉,5574,,,水質保護,,,231295000,2026-06-13T14:59:36.472Z
11957,凍結,通過,,2500000,"115年度環境部「水質保護」預算編列2億3,129萬5千元。查塑膠微粒污染惟近年來國際矚目問題，人類心血管、神經系統疾病皆可能與塑膠微粒相關，如頸動脈斑塊中檢出微塑膠與奈米塑膠的患者，發生心肌梗塞、中風或死亡的風險，是未檢出患者的4.53倍。可見塑膠微粒對我國人民之健康生命危脅不可謂輕微。惟環境部迄今尚未規範飲用水中塑膠微粒之限值，亦未將塑膠微粒納入定期水質監測，足見針對飲用水中之塑膠微粒規範，我國仍有探討改進並與時俱進之空間，以保護人民身體健康安全。爰針對是項預算凍結250萬元，俟環境部於2個月內向立法院社會福利及衛生環境委員會提出書面報告後，始得動支。【92】",,,,,,,,,11954,115,環境部,環境部,2026/5/20,邱慧洳,邱鎮軍|陳菁徽,5574,,,水質保護,,,231295000,2026-06-13T14:59:36.472Z
11958,凍結,通過,,2000000,"115 年度環境部「水質保護」項下「水污染防治」預算編列 2 億 1,953 萬元，合併凍結 200 萬元，俟環境部就下列各案向立法院社會福利及衛生環境委員會提出書面報告，始得動支。",,,,,,,,11959|11960|11961,,115,環境部,環境部,2026/5/20,邱鎮軍|楊曜|伍麗華|林月琴,黃秀芳|劉建國|王正旭|王育敏|邱慧洳,5575,,,水質保護,水污染防治,,219530000,2026-06-13T14:59:36.472Z
11959,凍結,通過,,2000000,"環境部為協助公共污水下水道較不普及的非都會地區，削減河川生活污水，補助地方政府推動非都市計畫地區小規模污水處理示範設施，在非都市計畫區的污水處理設施較不普及且污水下水道尚未接管時，持續協助澎湖縣辦理現地處理設施，改善生活污水以提升水體水質，爰針對115年度環境部「水質保護」項下「水污染防治」預算編列2億1,953萬元，凍結200萬元，待環境部提交近3年補助澎湖縣提升水體水質具體作為書面報告至立法院社會福利及衛生環境委員會，始得動支。【94】",,,,,,,,,11958,115,環境部,環境部,2026/5/20,楊曜,黃秀芳|劉建國,5575,,,水質保護,水污染防治,,219530000,2026-06-13T14:59:36.472Z
11960,凍結,通過,,2000000,"115年度環境部「水質保護」項下「水污染防治」預算編列2億1,953萬元。有關於環境部長年只重視景觀營造卻疏忽水質實質改善，據立法院預算中心報告中顯示其多項工程包含「環境及景觀營造（景觀標）」，在水環境改善計畫中，「景觀美化」與「水質淨化」的預算佔比是否失衡?假若，上游污水截流工程進度落後，下游卻先進行景觀營造，可能導致斥資興建的親水空間因水質未達標而無法發揮功能。爰針對是項預算凍結200萬元，俟環境部於2個月內向立法院社會福利及衛生環境委員會提出近1年公共建設計畫執行書面報告，始得動支。【99】",,,,,,,,,11958,115,環境部,環境部,2026/5/20,伍麗華|林月琴,黃秀芳|王正旭,5575,,,水質保護,水污染防治,,219530000,2026-06-13T14:59:36.472Z
11961,凍結,通過,,2000000,"115年度環境部「水質保護」項下「水污染防治」預算編列2億1,953萬元。有鑑於環境部業於115年4月20日修正「水污染防治措施及檢測申報管理辦法」，應請環境部說明115年度補助醫院建置抗生素與PFAS自主監測設施之進度，並公布飲用水PFAS背景值普查報告。爰針對是項預算凍結200萬元，俟環境部於2個月內向立法院社會福利及衛生環境委員會提出書面報告後，始得動支。【101】",,,,,,,,,11958,115,環境部,環境部,2026/5/20,邱鎮軍,王育敏|邱慧洳,5575,,,水質保護,水污染防治,,219530000,2026-06-13T14:59:36.472Z
11962,凍結,通過,,1000000,"115年度環境部「水質保護」項下「水污染防治」預算編列2億1,953萬元。有鑑於環境部水質保護司自2020年起，陸續針對我國10家醫療院所放流水進行調查，發現部分醫療院所放流水中檢出抗生素超標情形，包含環丙沙星、頭孢他啶、氧氟沙星、磺胺甲噁唑等，其中又以頭孢他啶超標情形最為明顯，顯示醫療院所放流水中抗生素殘留問題，恐已成為抗藥性細菌生成與擴散之潛在風險來源。雖行政院已正式核定國家級「防疫一體抗生素抗藥性管理行動計畫」，並由環境部與衛生福利部合作強化藥物回收機制及放流水抗生素檢測管理，惟環境部仍為水質保護之主管機關，對於現行檢測量能是否足以涵蓋全國醫療院所、檢測項目是否能即時反映抗生素污染風險，以及未來是否建立醫療院所放流水品質監測管理平台，均應提出更明確之規劃。爰此，請環境部正視醫療院所放流水抗生素殘留與抗藥性風險，積極向行政院爭取相關預算，擴充檢測量能，建立長期監測及資料管理機制，並提出具體有效之改善計畫，以降低抗生素殘留對水環境、生態系統及國民健康所造成之潛在危害。爰針對是項預算凍結100萬元，俟環境部於1個月內向立法院社會福利及衛生環境委員會提出目標及執行情形之書面報告並經同意後，始得動支。【96】",,,,,,,,,,115,環境部,環境部,2026/5/20,陳菁徽,廖偉翔|邱慧洳,5575,,,水質保護,水污染防治,,219530000,2026-06-13T14:59:36.472Z
11963,凍結,通過,,500000,"115 年度環境部「水質保護」項下「飲用水管理」預算編列 1,176 萬 5 千元，合併凍結 50 萬元，俟環境部就下列各案向立法院社會福利及衛生環境委員會提出書面報告，並經同意後，始得動支。",,,,,,,,11964|11965,,115,環境部,環境部,2026/5/20,盧縣一|陳菁徽|蘇清泉,涂權吉|邱鎮軍|邱慧洳,5576,,,水質保護,飲用水管理,,11765000,2026-06-13T14:59:36.472Z
11964,凍結,通過,,500000,"環境部115年度於「水質保護」「飲用水管理」計畫，主要用於辦理督導地方環保局落實飲用水相關稽查管制工作、協助執行飲用水水質抽驗及確保飲水安全等業務。然而許多原住民族鄉鎮及偏遠地區，因地理環境限制，自來水管線鋪設困難，部落族人長期仰賴「簡易自來水系統」作為飲用水來源。截至112年底止，全國簡易自來水系統共計869處，其中已達環境部「指定簡易自來水為飲用水之來源」公告規模者計173處，惟環境部僅將其中31處列管為飲用水，其餘高達142處迄未依法列管。此一長期管理漏洞，大多數原鄉簡易自來水系統不受「飲用水管理條例」規範。根據地方環保局針對未列管簡易自來水之抽驗紀錄：141處中有高達105處曾出現水質抽驗不合格之情形（共抽驗356次中，有226次不合格）。這顯示原鄉部落長期面臨水質不穩定問題，甚至可能飲用大腸桿菌或濁度超標水源，對族人健康安全產生嚴重隱患。儘管中央核定補助「原民簡易自來水系統營運計畫」，但環境部在落實水質稽查與全面納管的進度上，明顯怠惰不足。因此，爰針對115年度環境部「水質保護」項下「飲用水管理」預算編列1,176萬5千元，凍結50萬元。環境部應會同經濟部水利署、台灣自來水公司、原住民族委員會，「全面盤點原鄉地區簡易自來水系統水質現況、加速納管一定規模以上簡水系統，提出水質抽驗與輔導改善計畫（建立跨部會協調機制，補助部落建置與修繕淨水設施）」，俟環境部於2個月內向立法院社會福利及衛生環境委員會提出書面報告，並經同意後，始得動支。【105】",,,,,,,,,11963,115,環境部,環境部,2026/5/20,盧縣一|蘇清泉,涂權吉,5576,,,水質保護,飲用水管理,,11765000,2026-06-13T14:59:36.472Z
11965,凍結,通過,,500000,"115年度環境部「水質保護」項下「飲用水管理」預算編列1,176萬5千元。有鑑於《危險物質期刊》（Journal of Hazardous Materials）最新研究指出，長期飲用瓶裝水，恐對人體健康構成慢性風險。該研究主要作者Sarah Sajedi回顧超過140篇科學文獻後指出，一般人每年約攝入3萬9,000至5萬2,000顆塑膠微粒；若主要飲用水來源為瓶裝水，則每年可能較飲用自來水者額外攝入約9萬顆塑膠微粒。此類肉眼難以察覺之塑膠微粒，可能於瓶身製造、儲存、運送及使用過程中，因光照、溫度變化、擠壓或摩擦而脫落。研究亦指出，塑膠微粒一旦進入人體，可能穿越生物屏障，進入血液循環並抵達主要器官，其潛在風險可能與慢性發炎、細胞氧化壓力、荷爾蒙失調、生殖健康問題、神經損傷，甚至部分癌症風險相關。雖然政府近年已推動限塑、減塑及循環容器等政策，惟在改變民眾長期消費習慣、提升自備容器便利性，以及強化公共飲水設施可近性等方面，仍有不足。再者，市面瓶裝水產品選項眾多，且常以便利、健康、純淨等形象行銷，恐使消費者低估其對健康及環境所造成之潛在危害。爰此，政府應正視瓶裝水所衍生之微塑膠暴露風險，除持續推動減塑政策外，亦應改善消費者之消費習慣、強化瓶裝水產品監測及資訊揭露，並提升公共飲水設備及循環容器系統之普及率，以逐步降低民眾對一次性瓶裝水之依賴，兼顧國民健康與環境永續。爰針對是項預算凍結50萬元，俟環境部於2個月內向立法院社會福利及衛生環境委員會提出書面報告，並經同意後，始得動支。【106】",,,,,,,,,11963,115,環境部,環境部,2026/5/20,陳菁徽,邱鎮軍|邱慧洳,5576,,,水質保護,飲用水管理,,11765000,2026-06-13T14:59:36.472Z
11966,凍結,通過,,1500000,"因應歐盟管制PM1的議題，環境部新發佈的白皮書指出，推動以AI與感測科技建構全方位監控體系，加強細懸浮微粒（PM1）的污染掌握。但問題的本質在於很難精準量測，需引進國際新的監測技術、儀器與監測人力的培養，以及法規有沒有PM1的標準？陳委員瑩質詢時也提醒，要考慮到產業界是不是有能力來因應，特別在偵測技術、人才都可能還有待加強的背景下，貿然訂定一個測不到或測不準的環境品質標準，或者是事業單位的排放標準，可能要謹慎為之！對於現階段環境部對於PM1的管制方向，仍未見環境部有進一步的說明，爰針對115年度環境部「環境資訊科技」預算編列1億9,343萬8千元，凍結150萬元，待環境部於3個月內提出針對PM1量測原理說明比較國際量測書面報告，始得動支。【108】",,,,,,,,,,115,環境部,環境部,2026/5/20,陳瑩,林月琴|王正旭,5577,,,環境資訊科技,,,193438000,2026-06-13T14:59:36.472Z
11967,凍結,通過,,2090150,"115年度環境部「環境資訊科技」項下「環境資訊規劃及數位服務」預算編列4,180萬3千元。有鑑於環境部近年積極推動創新型環境服務措施，包含「抗高溫涼適地圖」及「袋袋箱傳二手袋循環平台」等，立意良善，亦具備推廣環境永續與提升民眾生活便利之政策方向。惟就實際執行情形觀察，相關平台仍存在使用介面不夠直覺、使用率偏低、與民眾日常需求連結不足等問題，以致多數民眾並不清楚環境部已有推動相關服務，政策效益亦難以充分發揮。再者，無論是「抗高溫涼適地圖」或「袋袋箱傳二手袋循環平台」，其本質皆屬與民眾日常生活密切相關之環境資訊服務，實應整合至既有「環境即時通」APP或其他高使用率之整合平台中，避免各項服務分散建置，造成民眾需另行查找、下載或操作不同系統，反而降低使用意願。爰此，建請環境部重新盤點現有環境資訊服務平台，朝向單一入口、整合查詢、即時定位及友善操作方向改善，除降低民眾使用門檻外，亦應強化宣傳與使用情境設計，提升民眾對環境政策的實際感受度與參與度。爰針對是項預算凍結百分之五，俟環境部於2個月內向立法院社會福利及衛生環境委員會提出書面報告，始得動支。【110】",,,,,,,,,,115,環境部,環境部,2026/5/20,陳菁徽,邱鎮軍|邱慧洳,5578,,,環境資訊科技,環境資訊規劃及數位服務,,41803000,2026-06-13T14:59:36.472Z
11968,凍結,通過,,500000,"115 年度環境部「環境資訊科技」項下「環境資訊規劃及數位服務」預算編列 4,180 萬 3 千元，合併凍結 50 萬元，俟環境部就下列各案向立法院社會福利及衛生環境委員會提出書面報告，始得動支。",,,,,,,,11969|11970,,115,環境部,環境部,2026/5/20,邱鎮軍|陳瑩,林月琴|王正旭|王育敏|邱慧洳,5578,,,環境資訊科技,環境資訊規劃及數位服務,,41803000,2026-06-13T14:59:36.472Z
11969,凍結,通過,,500000,"迎向科技浪潮，環境部將目前的監測資訊司轉型為環境資訊科技司，簡稱AI司，目前已掛牌，負責環境資料治理及人工智慧應用的工作，並由原監測資訊司長張順欽擔任司長，利用大數據協助治理，同時也可應用在環評、監測空污等工作，希望透過AI提高環境管理工作。司長張順欽表示，AI司的成立，將有三大重要工作，首先是數據治理，借用大數據資料，如空品預測、污染排放等，可利用AI協助整理與分析數據，進行判讀；其次是文字資料整理與判讀，如環境評估審查，可借助AI加快速度並揪出問題，甚至是否符合法規等；第三是影像資料分析，如海岸廢棄物影像辨識等，提高效率。張順欽司長舉例，過去調查全國石綿瓦數量，試辦過請村里長進行現場調查，但不僅曠日廢時，預估經費更高達30億元，但透過空拍圖以AI判讀，精準又快速，經費只需2,000萬元，大幅減輕人力與經費。雖然外界樂觀其成，但仍不免有舊瓶新裝之慮；目前三大工作與過去監測資訊司業務如何整合與銜接，仍有待進一步向社會說明。此外大數據資料如何與AI技術整合，不同技術概念短期內恐難見整合之成效，爰針對115年度環境部「環境資訊科技」項下「環境資訊規劃及數位服務」預算編列4,180萬3千元，凍結50萬元，待環境部提出如何精進AI司具體工作規劃後，始得動支。【111】",,,,,,,,,11968,115,環境部,環境部,2026/5/20,陳瑩,林月琴|王正旭,5578,,,環境資訊科技,環境資訊規劃及數位服務,,41803000,2026-06-13T14:59:36.472Z
11970,凍結,通過,,500000,"115年度環境部「環境資訊科技」項下「環境資訊規劃及數位服務」預算編列4,180萬3千元，強化跨機關資料匯流應用，確保資料應用安全及提升行政效能等。針對115年新編「環境治理信賴AI發展計畫」2,446萬元，請環境部說明建置「智能化行政協作助手」如何實質減輕基層人員數據處理負擔之量化指標。爰針對是項預算凍結50萬元，俟環境部於1個月內向立法院社會福利及衛生環境委員會提出書面報告後，始得動支。【112】",,,,,,,,,11968,115,環境部,環境部,2026/5/20,邱鎮軍,王育敏|邱慧洳,5578,,,環境資訊科技,環境資訊規劃及數位服務,,41803000,2026-06-13T14:59:36.472Z
11971,凍結,通過,,5000000,"115年度環境部「環境資訊科技」項下「環境資料治理及智慧應用」預算編列1億3,604萬元。環境部115年度「環境資訊科技」科目預算較114年度大幅增加約1億5,000萬元，其中新增「環境資料治理及智慧應用」計畫即達1億3,600萬元。於整體預算顯著擴張之情形下，然相關計畫未具體說明應用場景與執行成果，例如是否能有效強化污染源即時監測、提升非法排放查緝效率或改善執法能量等，預算與實際政策效益之連結尚不明確。另就計畫內容觀之，多以「大數據分析」、「AI智慧應用」等概括性描述為主，缺乏具體績效指標、驗證機制及落地成果規劃，難以評估其對環境治理之實質貢獻。於科技預算投入快速成長之情形下，若未建立明確成果導向與監督機制，恐使相關支出流於形式化建置，影響資源配置效率，預算編列之必要性與執行效益顯有檢討必要。爰針對是項預算凍結500萬元，俟環境部於3個月內向立法院社會福利及衛生環境委員會提出書面報告後，始得動支。【116】",,,,,,,,,,115,環境部,環境部,2026/5/20,邱慧洳,邱鎮軍|陳菁徽,5579,,,環境資訊科技,環境資料治理及智慧應用,,136040000,2026-06-13T14:59:36.472Z
11972,主決議,通過,,,"115年度環境部「環境部」編列預算14億4,915萬6千元。經查近 3 年實現數占比連年下降，113 年度僅 80.64% 為 6 年最低，且保留數額高達 13 億2,000萬元，請環境部提供補助地方政府計畫類型及補助比例，加強督導地方政府預算執行情形，並落實管考機制。【2】",,,,,,,,,,115,環境部,環境部,2026/5/20,邱鎮軍,王育敏|邱慧洳,5580,,,環境部,,,1449156000,2026-06-13T14:59:36.472Z
11973,主決議,通過,,,按「台灣 2050 淨零排放路徑」核心目的係為達成節能減碳，且環境部於組改前已知垃圾車係高碳排運具，且其因收集垃圾而怠速行駛之工作模式，易造成大量碳排，故環境保護署於2011年即於德國引進技術，並推動汰換具電動壓縮艙或輕量化設計之低碳垃圾車。然低碳垃圾車與全電動垃圾車相比，其碳排與油耗仍屬較多，故為達成台灣2050淨零排放之目標，環境部環境管理署應將我國高碳排之垃圾車汰換為全電動垃圾車納入多元垃圾處理計畫，且國內全電動垃圾車業者已配合我國環境規定需求，引進國外成熟技術，則環境部環境管理署自應於政策中納入補助縣市政府汰換燃油垃圾車為全電動垃圾車之規劃，並進行現有之廠商技術盤點與各縣市需求，於盤點完成後就各縣市所需之不同載運能力之垃圾車進行示範運行，該示範運行更應包括沿海、山區、城市等3種不同環境，以確保全電動垃圾車之運行符合我國各縣市之需求。請環境部於2個月內向立法院社會福利及衛生環境委員會提出後續管制考核報告。【7】,,,,,,,,,,115,環境部,環境部,2026/5/20,涂權吉,陳菁徽|蘇清泉,,,,,,,,2026-06-13T14:59:36.472Z
11974,主決議,通過,,,"115年度環境部預算案於第1目「科技發展」01環境科學及技術之研究-業務費-委辦費1,585萬8千元；02淨零排放科技1億4,570萬5千元，編列委辦費1億4,306萬5千元。科技發展之委辦費共編列1億5,956萬3千元，占全部預算1億6,156萬3千元的98.76%，委辦比率長期超過9成，被質疑政策外包，應請環境部說明如何提升內部環境科研量能。請環境部於1個月內向立法院社會福利及衛生環境委員會提出114年委辦計畫清單（含委辦單位、金額及工作內容）書面報告。【8】",,,,,,,,,,115,環境部,環境部,2026/5/20,邱鎮軍,王育敏|邱慧洳,,,,,,,,2026-06-13T14:59:36.472Z
11975,主決議,通過,,,廢棄生質物每年提供全球約3至4%生質能源的料源來源，廢棄生質物包括一般廢棄物、畜牧、農林漁及食品加工等生質廢棄物，透過各種生質能轉化技術如直接燃燒、轉酯化、熱化學等，可以將之能源化，是資源再利用之重要政策。過去環境保護署時代於103年已舉辦「生質物能源化推動策略專題講座暨推動政策專題研討會」，邀集產官學專家，透過專題講座與論壇研討方式，全方位探討國內外生質廢棄物能源化推動策略，並研議永續生質能認證之可行性，以利生質廢棄物能源化及永續生質能源認證之推動。請環境部應鼓勵生質能源產業化並加強推動生質能源資源化。【10】,,,,,,,,,,115,環境部,環境部,2026/5/20,陳瑩,林月琴|王正旭,,,,,,,,2026-06-13T14:59:36.472Z
11976,主決議,通過,,,"115年度環境部「科技發展」項下「環境科學及技術之研究」中「業務費」之「委辦費」編列預算1,585萬8千元。辦理一、車輛污染排放導入遙測監視作業及發展科技執法配套措施，需委辦費777萬9千元。二、辦理推進數位轉型與人工智慧實現環境影響評估優化效益計畫，需委辦費807萬9千元。針對環評 AI 數位轉型，115年度編列 807 萬元，請環境部應用 AI 語言模型輔助初審3次原則之執行，確保審查透明度。另針對車輛遙測科技執法，113年度決算顯示遙測計畫驗收延遲，應檢討高污染車輛篩選基準之精確度，避免行政資源虛擲浪費，請環境部於1個月內向立法院社會福利及衛生環境委員會提出書面報告。【12】",,,,,,,,,,115,環境部,環境部,2026/5/20,邱鎮軍,王育敏|邱慧洳,5581,,,科技發展,環境科學及技術之研究,業務費 > 委辦費,15858000,2026-06-13T14:59:36.472Z
11977,主決議,通過,,,"115年度環境部「科技發展」項下「淨零排放科技」預算編列1億4,570萬5千元，其中「淨零排放－生物質永續能資源化之生質沼氣能源產業化發展與研究」執行期間為115至118年，計畫編列4,150萬元，計畫目標為推動減碳循環農業創新技術產業化應用，並應用於建構區域型畜牧糞尿廢水生質能社會共融循環體系及法規調適評估。屏東市長期受周邊畜牧異味困擾，不應僅限於學術研究，必須應用於區域型社會共融體系，將糞尿由「廢棄物」轉化為「能資源」。為落實「淨零排放－生物質永續能資源化」計畫，並優先投入預算於建構區域型畜牧糞尿集中處理體系。問題核心應在於畜舍源頭管理、露天排放或簡易處理的畜牧糞尿，請環境部協調相關單位合作妥處，從源頭阻絕異味飄散。【13】",,,,,,,,,,115,環境部,環境部,2026/5/20,蘇清泉,盧縣一|王育敏,5551,,,科技發展,淨零排放科技,,145705000,2026-06-13T14:59:36.472Z
11978,主決議,通過,,,環境部推動「淨零排放－生物質永續能資源化之生質沼氣能源產業化發展與研究」執行期間為115至118年，計畫目標為推動減碳循環農業創新技術產業化應用，並應用於建構區域型畜牧糞尿廢水生質能社會共融循環體系及法規調適評估。鑑於臺灣去年發生之非洲豬瘟事件，全面禁止廚餘養豬，故本計畫中應滾動式檢討，將廚餘沼氣也納入研究目標中，協助我國廚餘去化，轉廢為能，並對畜舍臭異味問題，提出具體精進措施。同時環境部應加速整體計畫的發展，助臺灣能源得以多元發展，同時也應同步檢視相關法規，配合政策進行妥適調整。【18】,,,,,,,,,,115,環境部,環境部,2026/5/20,劉建國,林月琴|王正旭,,,,,,,,2026-06-13T14:59:36.472Z
11979,主決議,通過,,,"115年度環境部「科技發展」項下「淨零排放科技」之「淨零排放－淨零綠生活轉型技術示範及推廣計畫」預算編列8,000萬元，其中委辦費7,736萬元。有鑑於該計畫於 113 年度保留數高達 5,231 萬元，且該計畫執行率偏低（截至113 年 8 月僅五成），缺乏具體減碳量化指標，爰115年應提出「行為改變減碳效益」之具體量化模型報告，俾使淨零綠生活成效得以量化。請環境部於1個月內向立法院社會福利及衛生環境委員會提出114年委辦計畫清單（含委辦單位、金額及執行工作）之書面報告。【21】",,,,,,,,,,115,環境部,環境部,2026/5/20,邱鎮軍,王育敏|邱慧洳,5582,,,科技發展,淨零排放科技,淨零排放－淨零綠生活轉型技術示範及推廣計畫,80000000,2026-06-13T14:59:36.472Z
11980,主決議,通過,,,"環境部115年度「科技發展」項下「淨零排放科技」分支計畫編列1億4,570萬5千元，其中新增辦理「生物質永續能資源化之生質沼氣能源產業化發展與研究計畫」4,150萬元（執行期間 115至118 年）。該新增計畫預計辦理「區域型畜牧糞尿廢水生質能循環體系」及「沼渣沼液副產物再利用於農業生產」等工作，請環境部著重於沼渣液厭氧消化技術建立、經濟模式評估及法規調適等措施，並推廣技術落地。【23】",,,,,,,,,,115,環境部,環境部,2026/5/20,盧縣一,陳菁徽|蘇清泉,5551,,,科技發展,淨零排放科技,,145705000,2026-06-13T14:59:36.472Z
11981,主決議,通過,,,環境部115年度職員預算員額為844人，聘用預算員額為93人，聘用預算員額進用比率為11%。然依據「聘用注意事項」第1條規定略以，聘用人員員額數除機關組織法規另有規定者外，以不超過機關預算總人數5%（環境部聘用人員上限為43人）為原則。另立法院審議90年度中央政府總預算案之主要決議，則要求中央各級機關之聘用及約僱人員均需依前開注意事項規定辦理。按聘用及約僱人員之進用管道並非透過國家考試制度，性質上屬編制外人力，進用人數仍應採適度規範為宜。且相關人力如未能妥為合理控管，恐造成中央政府財政負擔漸趨加重。請環境部加強人力合理管控，並於3個月內向立法院社會福利及衛生環境委員會提出相關書面報告。【26】,,,,,,,,,,115,環境部,環境部,2026/5/20,廖偉翔|翁曉玲,邱鎮軍|王育敏,,,,,,,,2026-06-13T14:59:36.472Z
11982,主決議,通過,,,"115年度環境部「一般行政」項下「基本行政工作維持」預算編列9,398萬6千元，較上年度增列辦理中央空調節能工程等經費2,306萬8千元。針對115年增編中央空調節能工程等經費約 2,306 萬元，應請環境部說明節能後之 EUI 值改善預期成效，並評估對減碳目標之實質貢獻。環境部115增列中央空調節能工程2,306萬8千元，請環境部持續落實相關節能措施。【29】",,,,,,,,,,115,環境部,環境部,2026/5/20,邱鎮軍,王育敏|邱慧洳,5512,,,一般行政,基本行政工作維持,,47217000,2026-06-13T14:59:36.472Z
11983,主決議,通過,,,115年度環境部「一般行政」項下「基本行政工作維持」中「業務費」之「特別費」編列預算117萬8千元。為健全供應鏈之穩定，世界各國正積極爭搶關鍵礦產資源，以及推動將其留存國內之法規政策，惟環境部針對關鍵礦產資源如何留存國內之相關政策推動竟緩如牛步。以鄰近亞洲國家為例：越南國會修改礦產法，禁止稀土原礦出口；日法簽署「日法關鍵礦物供應鏈合作發展藍圖」，強化稀土供應鏈與採購；2021年日本政府即對外貿法案進行調整，將34種關鍵稀有金屬，添加到關鍵產業清單中，免受外國投資和收購；韓國則編列100億韓元以上預算投入稀土替代、減量及回收之研發，加強本土稀土提煉及資源再生技術等。我國針對關鍵礦物資源留存國內循環再利用之法規與政策，資源循環推動法歷經長達5年時間才從草擬階段至行政院審查通過。然針對稀貴金屬留存國內循環再利用，除宣布將組成四大金屬關鍵國家隊外，近期僅由資源循環署進行國內資源盤點，相較國際間已編列相關預算投入稀土替代、減量及回收之研發技術提升，我國政策規劃與推動速度落後甚多。且四大類別之金屬種類多元，環境部應與經濟部、產業溝通國內產業用料需求，並先行研擬針對何種種類之金屬先行規劃相關資源留存國內，後續亦應研擬如何提高國內量體以降低成本為宜，故環境部應就現階段之盤點結果及後續政策規劃期程、以何種金屬先行示範、後續針對國內技術成本高昂之問題等內容提出專案報告。請環境部於2個月內向立法院社會福利及衛生環境委員會提出書面報告。【30】,,,,,,,,,,115,環境部,環境部,2026/5/20,涂權吉,陳菁徽|蘇清泉,5583,,,一般行政,基本行政工作維持,業務費 > 特別費,1178000,2026-06-13T14:59:36.472Z
11984,主決議,通過,,,115年度環境部「一般行政」項下「基本行政工作維持」中「業務費」之「特別費」編列預算117萬8千元。有鑑於環境部為加速實現綠色成長及2050淨零轉型目標，提出「加強投資綠色成長淨零產業實施方案」，於113年11月29日獲行政院國家發展基金管理會審議通過，由行政院國家發展基金提供100億元成立「台灣綠色成長基金」，並於114年2月4日對外發布「環境部辦理加強投資綠色成長淨零產業實施方案作業要點」，惟迄今為止綠色成長基金實施方案已進行13個月，環境部並未對外公開相關資源媒合或執行成效、績效衡量指標及逐年成果報告等相關資料，為了解環境部之加強投資綠色成長淨零產業實施方案之施行成效。請環境部於2個月內向立法院社會福利及衛生環境委員會提出書面報告。【31】,,,,,,,,,,115,環境部,環境部,2026/5/20,涂權吉,陳菁徽|蘇清泉,5583,,,一般行政,基本行政工作維持,業務費 > 特別費,1178000,2026-06-13T14:59:36.472Z
11985,主決議,通過,,,115年度環境部「一般行政」項下「基本行政工作維持」中「設備及投資」之「汰換副首長電動公務車輛」編列預算195萬元。經查環境部首長專用車已於112年9月購置電動車，副首長專用車則分別於109年9月（油電混合車）、112年9月（電動車）及115年3月（電動車），逐年汰換為電動車，並推動公務車輛電動化，應請環境部說明充電樁維管成本與能源使用效率監控機制。【35】,,,,,,,,,,115,環境部,環境部,2026/5/20,邱鎮軍,王育敏|邱慧洳,5556,,,一般行政,基本行政工作維持,設備及投資 > 汰換副首長電動公務車輛,1950000,2026-06-13T14:59:36.472Z
11986,主決議,通過,,,115年度環境部「一般行政」項下「基本行政工作維持」中「設備及投資」之「汰換副首長電動公務車輛」編列預算195萬元。經查環境部首長專用車已於112年9月購置電動車，副首長專用車則分別於109年9月（油電混合車）、112年9月（電動車）及115年3月（電動車），逐年汰換為電動車，並推動公務車輛電動化，應請環境部說明充電樁維管成本與能源使用效率監控機制。【35】,,,,,,,,,,115,環境部,環境部,2026/5/20,邱鎮軍,王育敏|邱慧洳,5556,,,一般行政,基本行政工作維持,設備及投資 > 汰換副首長電動公務車輛,1950000,2026-06-13T14:59:36.472Z
11988,主決議,通過,,,115年度環境部「一般行政」項下「統計業務」預算編列795萬8千元。有關精進環境與經濟帳相關統計，請環境部落實聯合國「環境經濟核算體系」（UN SEEA）規範，並參考國際編制實務經驗，產製我國綠色產業經濟規模相關統計，以利國際接軌。【36】,,,,,,,,,,115,環境部,環境部,2026/5/20,邱鎮軍,王育敏|邱慧洳,5584,,,一般行政,統計業務,,7958000,2026-06-13T14:59:36.472Z
11990,主決議,通過,,,環境部115年度於「媒體政策及業務宣導費彙計表」中，共計編列206萬元，其中高達176萬元編列於「綜合企劃及管制考核」計畫項下，主要用於「依淨零綠生活政策推廣生活轉型、環保標章、綠色消費之相關媒體宣導製作、託播及刊登等經費」。然查立法院歷年審查中央政府總預算案時已多次指出，各機關辦理媒體政策及業務宣導費（媒宣費）時，多以限制性招標方式辦理，且「得標廠商集中度甚高」，致使立法院難以了解媒宣費執行全貌，引發外界質疑浪費公帑僱用網軍、大內宣、掌控媒體之疑慮。立法院預算中心亦曾點出，媒宣費每年持續增漲，部分宣導效益未有客觀評核指標得以佐證，恐淪為執政黨培養特定立場媒體的政治工具。此外，針對近年辦理「整合推動淨零綠生活行銷宣導工作」，立法院決議亦曾直指其預算說明不清、效益不明，不但未估計主要目標受眾（TA）及次要TA人數與預期效果，且未詳盡說明宣傳策略及各式媒體費用比例，缺乏誘因與措施計畫，難以評估其效益，屢遭質疑是否有預算浮濫編列嫌疑。為確保政府經費花在刀口上，請環境部針對「淨零綠生活相關媒宣計畫之具體宣傳策略、目標受眾（TA）評估、客觀評核指標向立法院社會福利及衛生環境委員會提出檢討書面報告。【42】,,,,,,,,,,115,環境部,環境部,2026/5/20,盧縣一,陳菁徽|蘇清泉,5585,,,媒體政策及業務宣導費彙計表,,,2060000,2026-06-13T14:59:36.472Z
11992,主決議,通過,,,115年度環境部預算案於第3目「綜合企劃及管制考核」項下「生活轉型環標管理」2.辦理環保標章制度管理計畫，優化環保標章管理制度，增修訂環保標章產品規格標準，出席全球環保標章網路組織合作交流活動，需委辦費369萬元。114年度已編列相同預算，115年度再次編列，其「精進」改為「優化」為何？114年度針對「環保標章規格標準」已完成多少項次的增修訂？115年度預計再增修多少項？是否有重複編列或進度停滯之虞？請提供114年度該計畫之委辦績效指標（KPI）達成率，說明為何在相同業務背景下，115年度仍需維持相同規模之委辦費用？在預算書中委辦費中，用於「出席國際合作交流活動」的佔比為何？過去1年透過此類交流，中華民國與哪些國家達成了「環保標章互認」？實質提升了我國產品多少外銷產值？若無具體量化成效，應檢討出國及參與國際組織之必要性。爰請環境部於2個月內向立法院社會福利及衛生環境委員會提出書面報告。【46】,,,,,,,,,,115,環境部,環境部,2026/5/20,蘇清泉,盧縣一|王育敏,,,,,,,,2026-06-13T14:59:36.472Z
11994,主決議,通過,,,"115年度環境部「綜合企劃及管制考核」項下「生活轉型環標管理」預算編列2,674萬1千元。其中辦理拓展環保標章、綠色採購制度精進及推動計畫，優化機關及民間綠色採購制度，執行綠色採購措施與增進綠色採購廣度，係採委辦方式辦理。有鑑於各機關綠色採購比例僅3%，且漂綠聲明充斥市場，爰115 年應要求標章規格須導入減碳效益指標，並提出擴大輔導中小企業納入標章之方案。爰請環境部於2個月內向立法院社會福利及衛生環境委員會提出書面報告。【50】",,,,,,,,,,115,環境部,環境部,2026/5/20,邱鎮軍,王育敏|邱慧洳,5569,,,綜合企劃及管制考核,生活轉型環標管理,,26741000,2026-06-13T14:59:36.472Z
11996,主決議,通過,,,115年度環境部「綜合企劃及管制考核」項下「生活轉型環標管理」中「業務費」之「國外旅費」編列預算47萬2千元。 有關環境部為參加「綠色科技及永續生活環保博覽會」，編列國外旅費24萬元。惟經查，115年8月國內已有「亞太永續博覽會」及11月「TASS 2026 亞洲永續供應＋循環經濟會展」等相關大型展會，地點分別位於臺北世貿一館及高雄展覽館，均與永續發展、綠色科技、循環經濟及淨零生活等議題高度相關。在國內已有相關展會資源，且可作為政策交流、產業鏈結及成果展示場域之情形下，環境部是否仍有必要另行編列國外旅費出國參與其他展覽，尚有進一步釐清之必要。尤其出國參展應具備明確目的、交流對象、預期效益及後續應用規劃，始能避免流於一般性參訪或形式性交流。請環境部於1個月內向立法院社會福利及衛生環境委員會提出出國相關規劃之書面報告，包括預定參與展會名稱、地點、參與人員、行程內容、交流對象、預期效益，以及成果如何回饋我國淨零轉型、綠色科技推動及永續生活政策，俾利立法院審查其預算編列之必要性與合理性。【52】,,,,,,,,,,115,環境部,環境部,2026/5/20,陳菁徽,廖偉翔|邱慧洳,5586,,,綜合企劃及管制考核,生活轉型環標管理,業務費 > 國外旅費,472000,2026-06-13T14:59:36.472Z
11998,主決議,通過,,,115年度環境部「綜合企劃及管制考核」項下「國際合作永續發展」預算編列664萬5千元。有鑑於環境部環境管理署之職掌包含「環境污染緊急應變與天然災害環境復原之規劃、協調、推動、執行及督導」。惟樺加沙颱風侵襲臺灣並造成花蓮縣光復鄉溢流災情期間，環境部環境管理署署長仍於國外考察，引發外界對災害應變及指揮調度之疑慮。另有關該次出國考察前，環境部環境管理署曾出具公文請求國籍航空提供貴賓室及行李超重等禮遇，亦顯示環境部及所屬機關辦理國外公差、考察及參訪之相關規範，仍有檢討必要。為避免再犯之情形，爰要求環境部應檢討所屬機關國外公差管理規範，包括災害期間首長及關鍵主管出國管制、緊急返國或代理機制，以及不得請求不當禮遇及該次出國貴賓室使用情形檢討及證明等事項，並於1個月內向立法院社會福利及衛生環境委員會提出書面報告。【54】,,,,,,,,,,115,環境部,環境部,2026/5/20,陳菁徽,廖偉翔|邱慧洳,5587,,,綜合企劃及管制考核,國際合作永續發展,,6645000,2026-06-13T14:59:36.472Z
12000,主決議,通過,,,115年度環境部「綜合企劃及管制考核」項下「國際合作永續發展」預算編列664萬5千元。有鑑於115 年因應新增駐歐盟、駐美代表處環境專業人員，應請環境部提出在氣候變化綱要公約（UNFCCC）等國際公約參與之具體 KPI 與實質外交成果報告。請環境部於1個月內向立法院社會福利及衛生環境委員會提出書面報告。【55】,,,,,,,,,,115,環境部,環境部,2026/5/20,邱鎮軍,王育敏|邱慧洳,5587,,,綜合企劃及管制考核,國際合作永續發展,,6645000,2026-06-13T14:59:36.472Z
12002,主決議,通過,,,"115年度環境部「綜合企劃及管制考核」項下「環境影響評估整合與管理」預算編列3,728萬元。辦理環境影響評估及許可業務整合支援與執行效能提升計畫，協助統整環境管理相關業務，蒐集彙整環境影響評估專業領域資料，以供做政策決定參據760萬元。計畫中提到「蒐集彙整專業資料以供決策參據」，針對屏東縣陸域風機環評審查案件應嚴加把關，對低頻噪音對民生影響應審慎評估減輕對策，加強與當地民眾溝通。【56】",,,,,,,,,,115,環境部,環境部,2026/5/20,蘇清泉,盧縣一|王育敏,5570,,,綜合企劃及管制考核,環境影響評估整合與管理,,37280000,2026-06-13T14:59:36.472Z
12004,主決議,通過,,,辦理環境影響評估作業時，在《開發行為環境影響評估作業準則》中，需執行的現況調查表，在為「社會經濟」類別，調查項目之一為「現有產業結構及人數、農漁業現況」，調查方法僅為「既有資料蒐集」，若涉及海洋生態評估案件，則需依《海洋生態評估技術規範》辦理，請環境部要求開發單位依《海洋生態評估技術規範》提出相關減輕對策，將開發行為對海洋環境影響衝擊降到最低。【58】,,,,,,,,,,115,環境部,環境部,2026/5/20,楊曜,黃秀芳|劉建國,,,,,,,,2026-06-13T14:59:36.472Z
12006,主決議,通過,,,"115年度環境部「綜合企劃及管制考核」項下「環境影響評估整合與管理」預算編列3,728萬元，用以辦理開發行為環評審查等所需費用，較114年度之3,482 萬 8 千元（含追加後預算263萬2千元）增加245萬2千元，惟預算雖連年增編，但開發單位違規裁罰金額卻反向成長（113年增幅逾倍），且部分能源案審查程序引發草率質疑，應優先建立監督實效。環境部為落實發揮政府政策環評功能，納為後續開發行為規劃及其環評參考基準，以達上位政策指導之效，惟開發行為違規情節頻仍，亦因有外界質疑環評審查是否過於草率情事，請環境部積極檢討環評審查精進措施，俾提升預算執行效益。【60】",,,,,,,,,,115,環境部,環境部,2026/5/20,邱鎮軍,王育敏|邱慧洳,5570,,,綜合企劃及管制考核,環境影響評估整合與管理,,37280000,2026-06-13T14:59:36.472Z
12008,主決議,通過,,,"115年度環境部「綜合企劃及管制考核」項下「環境影響評估整合與管理」預算編列3,728萬元，用以辦理開發行為環評審查等費用。預算自111年度之 2,791萬8千元逐年增加至115年度之3,728 萬元，增幅已逾三成。然而違規案件與裁罰金額卻逐年攀升，109至113年度，違反「環境影響評估法」之裁罰件數由8件增加至22件，裁罰金額由 519萬元成長至2,021萬元。開發單位違規情節仍不斷產生，部分案件如「麥寮工業專用港變更計畫」於 109至113年間竟遭連續裁罰7次，顯示既有監督機制不能有效嚇阻違規，審查品質引發外界質疑。請環境部於2個月內向立法院社會福利及衛生環境委員會提出「精進環評審查品質及有效落實開發行為後續監督管理」書面報告。【61】",,,,,,,,,,115,環境部,環境部,2026/5/20,盧縣一,陳菁徽|蘇清泉,5570,,,綜合企劃及管制考核,環境影響評估整合與管理,,37280000,2026-06-13T14:59:36.472Z
12010,主決議,通過,,,"115年度環境部「綜合企劃及管制考核」項下「環境影響評估整合與管理」預算編列3,728萬元。有鑑於第三液化天然氣接收站及第四液化天然氣接收站之環境影響評估，均曾於高度爭議中通過，相關審查程序之專業性、中立性及社會信任，仍有待持續檢視。近期又傳出中油擬於觀塘工業區，即第三液化天然氣接收站所在地，增設6座各18萬公秉之天然氣儲槽，與當初外界所理解之縮減開發規模及降低生態衝擊方向有所落差，引發地方及環保團體疑慮。觀塘地區涉及藻礁、海岸生態及周邊自然環境保護等重要議題，環境部作為環境影響評估主管機關，應秉持高度專業及中立立場，嚴格審查相關開發變更內容，確保開發規模、環境承載量、生態保護措施及風險評估均符合法規要求與公共利益。【62】",,,,,,,,,,115,環境部,環境部,2026/5/20,陳菁徽,廖偉翔|邱慧洳,5570,,,綜合企劃及管制考核,環境影響評估整合與管理,,37280000,2026-06-13T14:59:36.472Z
12012,主決議,通過,,,"115年度環境部「綜合企劃及管制考核」項下「環境影響評估整合與管理」之「業務費」預算編列3,728萬元，執行環境影響評估審查精進措施等。針對 114 年能源開發案（如中火二期鑒於近期中火二期與高雄大林蒲七接兩項能源開發案，在環境影響評估過程中，僅經過1次專案小組審查便迅速通過）引發外界質疑環評審查草率之疑慮，環境部應說明115年度應如何有效運用經費落實「專案小組初審 3 次為原則」，並優化環評書件查詢系統全文檢索功能，提升民眾查詢使用之便利性及參與環評審查之效能。【64】",,,,,,,,,,115,環境部,環境部,2026/5/20,邱鎮軍,王育敏|邱慧洳,5588,,,綜合企劃及管制考核,環境影響評估整合與管理,業務費,37280000,2026-06-13T14:59:36.472Z
12014,主決議,通過,,,"115年度環境部預算案於第4目「空氣品質保護及噪音管制」項下「移動空氣污染源防制」編列預算1億0,004萬7千元。查114年環境部空氣品質監測報告，台灣平均PM2.5濃度為12.8為克/立方公尺，高於WHO所發布之健康標準數倍。又肺癌已長年為我國十大癌症榜首，而PM2.5亦會造成中風、心肌梗塞，足見空氣污染對人民安全健康之威脅甚鉅。惟114年審計部之審計報告及立法院預算中心評估，環境部長年投入經費為大型柴油車之汰舊換新或改善調修，仍有車輛未曾申請補助進行改善調修，且無排煙檢測紀錄而成為移動污染源之管制缺口。請環境部於3個月內向立法院社會福利及衛生環境委員會提出書面報告，說明柴油車污染改善及減量措施。【72】",,,,,,,,,,115,環境部,環境部,2026/5/20,邱慧洳,邱鎮軍|陳菁徽,5589,,,空氣品質保護及噪音管制,移動空氣污染源防制,,100047000,2026-06-13T14:59:36.472Z
12016,主決議,通過,,,"115年度環境部預算案於第4目「空氣品質保護及噪音管制」項下「移動空氣污染源防制」環境部編列預算1億0,004萬7千元。環境部為管制移動污染源並減少老舊機車空氣污染排放，自104年度起推動二行程機車汰舊換新補助。經統計，109至112年度已累計補助全國機車汰舊換新及新購電動機車133萬8,118輛，補助金額計41億3,083萬餘元，使二行程機車數量由109年度之56萬6,668輛逐年下降至113年度之27萬7,698輛，減幅達50.99%。然觀察近年數據，汰換數量已由110年度11萬3,766輛逐年遞減至113年度之4萬7,818輛，顯示淘汰二行程機車之政策已面臨瓶頸。在定期檢驗執行方面，113年度全國應到檢機車計986萬7,545輛，實際完成檢驗者計793萬8,503輛，平均到檢率為80.45%。惟車齡20年以上之老舊機車（含二、四行程）應到檢149萬4,918輛，實際到檢僅94萬3,604輛，到檢率僅63.12%，顯見老舊機車到檢率仍處於低位，難以掌握其排放污染物情形是否符合排氣標準，恐削弱移動污染源減量之成效。請環境部加強推動老舊機車汰換工作，督導地方政府落實執行法規及改善措施，並於1個月內向立法院社會福利及衛生環境委員會提出書面報告。【73】",,,,,,,,,,115,環境部,環境部,2026/5/20,邱慧洳,邱鎮軍|陳菁徽,5589,,,空氣品質保護及噪音管制,移動空氣污染源防制,,100047000,2026-06-13T14:59:36.472Z
12018,主決議,通過,,,"115年度環境部預算案於第4目「空氣品質保護及噪音管制」項下「移動空氣污染源防制」編列預算1億0,004萬7千元。為達成2030年市區公車全面電動化之目標，環境部及交通部持續推動汽車客運業汰換或新購電動大客車。惟從實務執行面觀之，電動公車推動仍面臨車輛購置、充電設備建置及場站改造等多重挑戰。包含電動公車及充電樁建置成本高昂，且場站改造涉及拆除油槽、向台灣電力公司申請饋線、設置變電箱及充電樁等工程，每一場站往往需耗費1至2年辦理行政程序、補助申請及施工，並投入數千萬元成本始能完成。於過渡期間，業者亦須另覓場地調度車輛，進一步增加營運負擔。再者，依統計，截至2025年6月，全國共有2011輛電動公車上路，占市區公車總數19.3%，雖較2024年同期增加353輛，惟距離年度目標35%仍有相當差距。交通部雖稱相關進度已達標，然其計算基礎包含已核發補助、但尚未實際交車上路之車輛，與實際營運情形仍有落差。爰要求環境部及交通部應重新檢討市區公車電動化推動進度及統計基準，明確區分「已核定補助」、「已交車」及「實際上路營運」數量，並就場站改造、電力容量、充電設施建置期程及業者成本負擔提出具體改善方案，俾利2030年公車全面電動化目標能務實推進。【74】",,,,,,,,,,115,環境部,環境部,2026/5/20,陳菁徽,廖偉翔|邱慧洳,5589,,,空氣品質保護及噪音管制,移動空氣污染源防制,,100047000,2026-06-13T14:59:36.472Z
12020,主決議,通過,,,"115年度環境部預算案於第4目「空氣品質保護及噪音管制」項下「移動空氣污染源防制」依行政院「2030年客運車輛電動化推動計畫」，總經費192億4,320萬元，執行期間為113至119年，115年度續編經費1億元，補助空氣污染防制基金辦理推動電動公車營運補助及路網優化計畫。針對114年決議指出電動公車的充電瓶頸與偏鄉路線補助不足問題，請環境部與交通部共同檢討執行現況及精進作法，於1個月內向立法院社會福利及衛生環境委員會提出書面報告。【75】",,,,,,,,,,115,環境部,環境部,2026/5/20,邱鎮軍,王育敏|邱慧洳,,,,,,,,2026-06-13T14:59:36.472Z
12022,主決議,通過,,,"交通噪音已經是現今困擾社會重要的議題，尤其暑假期間交通噪音問題更是嚴峻，目前除了暑假在重點路口加強取締外，似乎沒有實際手段能遏止相關狀況。環境部應針對道路交通噪音，與警政、交通等單位，研議更積極之防治辦法。同時環境部新增1,300萬補助地方擴增「聲音照相」設備，期待以科技執法篩選高噪音車輛進行查證取締，惟補助地方購置之設備，有關統一資料傳輸格式、作法及頻率等相關規範指引，目前仍未與地方政府環保局共同研商訂定。待環境部與地方政府研商完成後，並持續爭取擴增聲音照相設備量能投入車輛噪音稽查改善工作，且持續精進噪音管制作為，且於3個月內針對機動車輛噪音管制提出精進書面報告至立法院社會福利及衛生環境委員會。【77】",,,,,,,,,,115,環境部,環境部,2026/5/20,劉建國,林月琴|王正旭,,,,,,,,2026-06-13T14:59:36.472Z
12024,主決議,通過,,,"115年度環境部預算案於第4目「空氣品質保護及噪音管制」項下「噪音、振動及非屬原子能游離輻射管制」中「業務費」，編列預算2,634萬4千元。針對113年審計報告指出的各縣市傳輸格式不一與校正維護成本高昂問題，環境部應提出115年「全國統一規範指引」及噪音熱區優先布建之精進報告。此外，新編「智慧宜適家園管理計畫」，應針對113年陳情首位之噪音問題，於3個月內針對機動車輛噪音管制提出精進書面報告至立法院社會福利及衛生環境委員會。【84】",,,,,,,,,,115,環境部,環境部,2026/5/20,邱鎮軍,王育敏|邱慧洳,5592,,,空氣品質保護及噪音管制,噪音、振動及非屬原子能游離輻射管制,業務費,26344000,2026-06-13T14:59:36.472Z
12025,主決議,通過,,,"115年度環境部預算案於第4目「空氣品質保護及噪音管制」項下「噪音、振動及非屬原子能游離輻射管制」編列預算2,644萬4千元。查環境部為強化全國環境檢測作業量能，並整合檢測資料發展治理運用，自111年起，迄今已投入近2億5,000萬之預算，建設建置智能資訊運用平台，供各地方政府上傳監測資料，以利後續進行數據擷取、轉換與載入。惟根據立法院預算評估報告，該計畫自113年起，既已出現環境部所建設之平台與地方政府數據有未能整合銜接之問題，而至今仍因地方政府環境保護局購置之聲音照相設備廠商及所設置之數據接收軟體不同，導致有龐大聲音照相科技執法資料尚未能上傳，影響整合之進度。前開情形，足見該計畫有整合不利、整體計畫草率、檢討不力等問題，以致執行成效不彰。請環境部於3個月內針對機動車輛噪音管制向立法院社會福利及衛生環境委員會提出書面報告【80】",,,,,,,,,,115,環境部,環境部,2026/5/20,邱慧洳,邱鎮軍|陳菁徽,5571,,,空氣品質保護及噪音管制,噪音、振動及非屬原子能游離輻射管制,,26444000,2026-06-13T14:59:36.472Z
12026,主決議,通過,,,"查環境部115年度於「空氣品質保護及噪音管制計畫」新增辦理「智慧宜適家園管理計畫」1,300萬元，預計補助地方政府擴增聲音照相設備並導入AI分析平台。然而據立法院預算中心評估報告：「資料介接存有障礙：環境部自110年度起補助地方政府購置聲音照相設備，惟因各縣市採購之廠商不同（目前計有6家），且數據接收軟體各異，導致龐大執法資料未能上傳至部內「環境檢測服務網」平台整合介接，功能存疑。影響大數據治理效能：資料無法順利介接將直接影響後續AI數據分析及污染溯源之應用，導致「智慧化管理」目標大打折扣。執行成效待檢討：未能克服數據介接等技術問題前即大幅投入資源擴增設備量能，恐怕造成預算執行效益不彰。爰此，請環境部於3個月內針對機動車輛噪音管制提出精進書面報告至立法院社會福利及衛生環境委員會。【86】",,,,,,,,,,115,環境部,環境部,2026/5/20,盧縣一,陳菁徽|蘇清泉,,,,,,,,2026-06-13T14:59:36.472Z
12027,主決議,通過,,,"環境部115年度預算案於「空氣品質保護及噪音管制」工作計畫之「噪音、振動及非屬原子能游離輻射管制」分支計畫編列2,644萬4千元，包括新增辦理「智慧宜適家園管理計畫」1,300萬元，皆為委辦費。經查環境部為提升我國居住環境品質，辦理「智慧宜適家園管理計畫」，針對噪音污染等問題補助地方政府建置科技聲音照相設備，搭配AI數據分析，期強化執法量能，改善居家安寧及環境品質；然該部自110年度推動聲音照相執法工作以來，但過去計畫已因6家廠商規格不一導致監測資料完全無法介接中央平台，影響後續龐大數據分析及運用之問題，爰本計畫於補助地方政府提升聲音照相科技執法設備量前，允先克服數據介接技術問題，俾利提升車輛噪音管制成效。環境部於3個月內向立法院社會福利及衛生環境委員會提出機動車輛噪音管制提出精進書面報告。【87】",,,,,,,,,,115,環境部,環境部,2026/5/20,邱鎮軍|邱慧洳,王育敏,5571,,,空氣品質保護及噪音管制,噪音、振動及非屬原子能游離輻射管制,,26444000,2026-06-13T14:59:36.472Z
12028,主決議,通過,,,環境部自 115 年度起配合經濟部推動「因應氣候變遷縣市管河川及排水整體改善計畫」，預計於 4 年內投入 31 億元賡續辦理水質改善及水體污染削減工作。然查環境部先前於「前瞻基礎建設-全國水環境改善計畫」補助地方政府辦理之水質淨化工程，普遍存在工期延宕之情事，影響水體水質改善進度。請環境部於2 個月內向立法院社會福利及衛生環境委員會提出書面報告。,,,,,,,,,,115,環境部,環境部,2026/5/20,蘇清泉,盧縣一|王育敏,,,,,,,,2026-06-13T14:59:36.472Z
12029,主決議,通過,,,近日基隆河八堵抽水站發生油污事件，經過7天調查後，基隆市政府已找到疑似污染源頭位於碇內地區源遠路102巷的一處溝渠。市府於12月3日在碇內設立前進指揮所並啟動污染清除工作，確認污染物來自正方倉儲排出。此次事件導致基隆市政府於11月28日改以新山水庫供水，並於30日擬定包含電費減免及清洗水塔核銷費用等補償措施。然而，官方表示11月27日的污染源與正方倉儲並無直接關聯，真正的元凶仍在調查中。查環境部永續水質推動計畫2.0已執行多年，應發揮河川環境品質提升之功能，今發生基隆河油污污染事件，環境部已辦理3次督導會議跨部會研商，並透過經費補助協助基隆市政府及新北市政府運用水質監測及影像蒐證工具提升稽查效能。為持續維護基隆地區民生用水安全，應持續運用河川監管科技，並加強督導地方政府落實水質保護區巡查，嚴格管理潛在污染源，以完備常態化之水源守護體系，確保民眾用水權益。【98】,,,,,,,,,,115,環境部,環境部,2026/5/20,陳瑩,林月琴|王正旭,,,,,,,,2026-06-13T14:59:36.472Z
12030,主決議,通過,,,"115年度環境部「水質保護」項下「水污染防治」之「業務費」預算編列2億1,953萬元，主要用於辦理推動水質保護政策、水體品質規劃管理，及推動畜牧糞尿資源化再利用等工作。然而，2025年12月屏東縣長治百合園區居民反映，鄰近之畜牧場又傳出惡臭及違法排放廢水情事。因牧場範圍大、飼養豬隻數量龐大，大量蒼蠅孳生、空氣瀰漫惡臭，且廢水污染當地承受水體，讓部落居民苦不堪言，畜牧業者屢有涉及空氣與水污染超標之嫌疑。雖環境部持續推動畜牧糞尿資源化再利用，然而，對於地處偏遠原鄉部落而言，面對不肖畜牧業者污染行為，末端查處、稽查頻率與即時科技監測量能顯然不足，難以發揮即時嚇阻與阻絕污染作用，導致原鄉居民生活品質與自然環境長期受到侵害。為切實保障原住民族地區居民之環境權益，請環境部針對「原鄉地區鄰近畜牧場之水污染及空氣污染」偕同屏東縣政府環保局辦理聯合稽查專案，加強巡查頻率，並協助屏東縣導入智慧水質與異味感測科技執法設備，以提升水體品質。【100】",,,,,,,,,,115,環境部,環境部,2026/5/20,盧縣一|蘇清泉,涂權吉,5593,,,水質保護,水污染防治,業務費,219530000,2026-06-13T14:59:36.472Z
12031,主決議,通過,,,前期計畫執行效能不彰：環境部106年度起於前瞻基礎建設特別預算補助地方政府設置水質改善設施，惟部分工程出現工期延宕情事，未能如期完工，導致水體改善進度落後。計畫重疊性：115年度起推動之新計畫預算規模龐大，且相關水質淨化設施之維運及技術轉型（如廢污水能資源化）又面臨執行瓶頸。監督考核機制有待強化：前期補助設施尚未能全面發揮成效，115年度又投入鉅額預算辦理新計畫，若缺乏嚴謹工期管控與效能考核，恐使公帑投入效益遞減。爰請環境部向立法院社會福利及衛生環境委員會提出「如何落實水質改善設施之進度管考與工程延宕之精進改善方案」書面報告。【103】,,,,,,,,,,115,環境部,環境部,2026/5/20,盧縣一|蘇清泉,陳菁徽,,,,,,,,2026-06-13T14:59:36.472Z
12032,主決議,通過,,,立法院預算中心研究指出，環境部自106年就已經編列前膽基礎建設特別預算補助地方建置之水質淨化場，惟間有部分污染改善設施工程執行期程延宕，未能如期完工，影響水質改善計畫推動情事，允待檢討避免類案再生，爰請環境部向立法院社會福利及衛生環境委員會提出書面報告。【104】,,,,,,,,,,115,環境部,環境部,2026/5/20,邱鎮軍|陳菁徽|邱慧洳,,,,,,,,,2026-06-13T14:59:36.472Z
12033,主決議,通過,,,查環境部每年皆編列高額預算維護共用資訊系統，然至今未見行政管理系統等，盤點並提出具體之自動化連結成果，如缺乏系統整合之證明，無法確認現行作業是否仍須耗費大量人工進行數據轉錄或審核。對於系統功能之擴充，應提供盤點及互相連結應用之量化評估報告，避免在缺乏明確數位轉型與行政減量的效益證明前提下，每年持續增編擴充經費，顯有預算浮濫、資源重複投入之虞。爰此，請環境部全面盤點該部所有行政系統，並確認自動化程度，再向立法院社會福利及環境衛委員會提出書面報告。【113】,,,,,,,,,,115,環境部,環境部,2026/5/20,王正旭,黃秀芳|林月琴,,,,,,,,2026-06-13T14:59:36.472Z
12034,主決議,通過,,,日本政府在「聯合國氣候變化綱要公約」締約方第28次會議（COP28）上，展示利用人造衛星進行溫室氣體測量的技術，這些觀測數據預計將提供給開發中國家，作為制定減少溫室氣體排放目標的基礎資料，溫室氣體觀測是新興的衛星應用，我國亦有自製衛星之能力，環境部應儘速與相關部會合作，提出籌設監測環境等用途之衛星計畫，但目前仍無實際作為，請環境部提交書面報告至立法院社會福利及衛生環境委員會。【115】,,,,,,,,,,115,環境部,環境部,2026/5/20,楊曜,黃秀芳|劉建國,,,,,,,,2026-06-13T14:59:36.472Z
12035,主決議,通過,,,"115年度環境部預算案於第6目「環境資訊科技」項下「環境資料治理及智慧應用」中「設備及投資」之「機械設備費」配合經濟部無人載具產業發展統籌型計畫，協助環境污染監控與稽查、環保設施與場域巡檢、特定環境災害監控與偵察、環境維護與環教育等工作項目，需機械設備費4,139萬元。有鑑於本院長期要求環境部應透過跨部門合作推動承諾的運用高科技手段，例如透過無人飛行載具來改善環境污染監控等，針對115年編列的是項預算，環境部應說明無人機係以採購或租用方式，巡檢非法棄置與露天燃燒之區域配置數量與即時回傳效率等執行內容。爰請環境部於1個月內向立法院社會福利及衛生環境委員會提出書面報告。【117】",,,,,,,,,,115,環境部,環境部,2026/5/20,邱鎮軍,王育敏|邱慧洳,,,,,,,,2026-06-13T14:59:36.472Z
12036,主決議,通過,,,"針對環境部於115年度賡續辦理「減量回收及資源循環推動計畫」補助清除石綿建材廢棄物，考量原住民族地區早期建物普遍使用石綿瓦，常面臨產權複雜或屬未登記建物等困境，難以申請清除補助。建請環境部主動會同原住民族委員會及原鄉地方公所，研擬「原鄉石綿建材廢棄物清除專案輔導計畫」，主動協助部落清查並簡化申請程序，並建立災後優先清理機制例，如風災過後產生石綿瓦廢棄物，建立原鄉災後優先清運補助機制，避免有害廢棄物長期堆置以維護族人健康環境安全。環境部應於3個月內向立法院社會福利及衛生環境委員會提出規劃之書面報告。說明：一、依據立法院預算中心評估報告指出，環境部115年度於「資源循環及廢棄物管理」計畫及一般性補助款中，合共編列4億7,670萬元辦理「減量回收及資源循環推動計畫」，其中包含補助地方政府辦理石綿建材廢棄物清除處理作業。然而，截至114年7月底止，石綿建材廢棄物清除量僅約1.4萬公噸，未及目標量3.2萬公噸之五成，執行成果容有精進空間。二、探究該計畫執行進度落後主因，包含民眾不熟悉補助作業流程、建物大多涉及違章建築導致審查補助案件需較長作業時間，以及老舊房屋產權持分多戶共有、協調不易等問題，為原住民族地區長期面臨的普遍困境。三、查原鄉部落早期自建之住宅、工寮或聚會場所，多因成本考量而廣泛使用石綿瓦為屋頂建材。但石綿已被列為一級致癌物，全國仍有逾20萬棟建築物屋頂存在石綿建材。若原鄉老舊建物因年久失修、遭颱風破壞導致石綿纖維逸散，將對部落族人健康產生嚴重危害風險。【118】",,,,,,,,,,115,環境部,環境部,2026/5/20,盧縣一|蘇清泉,涂權吉,5594,,,資源循環及廢棄物管理,減量回收及資源循環推動計畫,,476700000,2026-06-13T14:59:36.472Z
12037,主決議,通過,,,對環境部推動「強化全國環境檢測智慧轉型計畫」及115年度新增「智慧宜適家園管理計畫」，補助地方政府擴增車輛噪音科技照相執法設備。為解決原住民族山區道路長期遭受改裝車輛及大型重機「跑山」噪音侵擾，建請環境部協調交通部、內政部警政署及地方公所，優先將「原鄉山區重機易行駛路段」納入聲音照相科技執法重點布建與專案輔導，並解決地方設備資料傳輸格式不一與整合之問題。環境部應於3個月內向立法院社會福利及衛生環境委員會提出改善與推動規劃之書面報告。說明：一、改裝車噪音問題長期困擾民眾，然過去環境部補助地方縣市政府採購「聲音照相設備」時，卻存有傳輸格式不一、資料無法順利介接等系統性問題，導致監測與執法效能大打折扣。此外，立法院預算中心針對115年度環境部預算評估報告亦點出，環境部雖新增辦理「智慧宜適家園管理計畫」擴增噪音科技照相執法設備，惟相關設備仍存有監測資料不能順利整合介接等問題。二、許多原住民族鄉鎮因其聯外道路與公路（如台3線、台7乙線、台9線、縣道199等）每逢假日，便成為大型重型機車車隊及改裝車輛「跑山」熱門路線。車輛刻意拉高轉速或使用未經認證改裝排氣管，產生巨大噪音嚴重驚擾山林野生動物，更讓部落族人（尤其長者與幼童）的睡眠與生活品質大受影響。原鄉道路已淪為改裝車噪音之重災區。三、建請環境部推動下列具體作為：優先布建原鄉執法設備，以116年度「智慧宜適家園管理計畫」補助地方擴增之聲音照相設備，並協調內政部警政署、交通部及原鄉公所，建立「原鄉假日防噪聯合稽查專案」。【119】,,,,,,,,,,115,環境部,環境部,2026/5/20,盧縣一|蘇清泉,涂權吉,,,,,,,,2026-06-13T14:59:36.472Z
12038,主決議,通過,,,針對環境部「淨零排放－淨零綠生活轉型技術示範及推廣計畫」，為避免原住民族地區遭到邊緣化，建請環境部協助原鄉部落餐飲、旅宿業者及小農取得環保標章與認證，並將原鄉生態旅遊納入綠色旅遊推廣範疇，落實公正轉型。環境部應於3個月內向立法院社會福利及衛生環境委員會提出規劃之書面報告。說明：一、為達成2050淨零排放之目標，環境部自112年度起持續推動「淨零排放-淨零綠生活轉型技術示範及推廣計畫」，以系統性引導全民行為改變與生活轉型。二、原住民族與自然共存的傳統生態智慧，高度契合「淨零綠生活」核心精神。然而環境部大力推廣之「環保餐廳」、「綠色旅遊」、「環保標章旅宿業」以及「環保集點」等認證與誘因機制，其申請與查核程序繁瑣且高度依賴數位化作業。對於地處偏遠、缺乏專業顧問協助資源相對稀缺原鄉部落店家（如在地民宿、特色風味餐廳、部落小農與生態導覽等），是難以跨越的制度門檻。三、目前環境部雖表示有與在地農/漁會、青農等合作推廣在地低碳食材，但未能針對原住民族地區特殊性建立專屬輔導媒合機制，僅將政策資源集中於都會區與大型連鎖企業，不僅有違淨零轉型中「公正轉型」精神，錯失協助原鄉發展綠色經濟與地方創生的契機。四、爰此，請環境部跨部會協調（如原住民族委員會、交通部觀光署等），作為應包含：設立專人或輔導團隊，協助原鄉餐飲及旅宿業者簡化申請流程，取得「環保標章」與「環保餐廳（綠食飯桌）」認證。【120】,,,,,,,,,,115,環境部,環境部,2026/5/20,盧縣一|蘇清泉,涂權吉,,,,,,,,2026-06-13T14:59:36.472Z
12039,主決議,通過,,,為因應氣候變遷衝擊，我國自102年起即分階段推動「國家氣候變遷調適行動計畫」，隨「氣候變遷因應法」之公布施行，國家整體政策方針亦從過往偏重溫室氣體減緩之目標，逐步轉變為推動跨部會、跨領域合作的調適策略。「國家氣候變遷調適行動計畫」迄今已進入第3期（112-115年），經查，整體計畫預計共投入經費4千餘億元，執行逾120項工作項目，以強化國家整體因應氣候變遷之韌性，促進社會、經濟及環境之永續發展。為檢視第三期「國家氣候變遷調適行動計畫(112-115年)」之執行成效及可能面臨之困境，並了解未來第四期之精進方向及目標設定，爰要求環境部氣候變遷署就「國家氣候變遷調適行動計畫」第三期之執行成果及第四期之目標展望，於3個月內向立法院社會福利及衛生環境委員會提出書面報告。【121】,,,,,,,,,,115,環境部,環境部,2026/5/20,王正旭,黃秀芳|林月琴,,,,,,,,2026-06-13T14:59:36.472Z
12040,主決議,通過,,,據《報導者》日前調查，比對近年違反「空氣污染防制法」之裁罰資料與國中小座標後發現，全台共有28所學校方圓500公尺內存在兩間以上之違規工廠，嚴重威脅校園師生健康。國立臺灣大學公共衛生學系張弘潔副教授亦撰文建議，在政府經費有限的情況下，應優先針對高風險學校加強監測，並整合環境部現有關於空氣、水質、土地等污染源之列管資料，製作「環境正義地圖」，以協助政府與民眾辨識多重污染地區。為保障兒少之健康權與知情權，爰要求環境部應整合既有列管污染源資料，研議製作「環境正義地圖」，並於3個月內就該地圖之研議結果，連同環境部「兒少校園空品防護網」之執行進度與成效（包含深化治理、擴大推動、公民參與等三大後續推動方向），向立法院社會福利及衛生環境委員會提出書面報告。【122】,,,,,,,,,,115,環境部,環境部,2026/5/20,王正旭,黃秀芳|林月琴,,,,,,,,2026-06-13T14:59:36.472Z
12041,主決議,通過,,,鑑於我國能源轉型政策下，太陽光電板設置量大幅增加，後續廢棄光電板之回收處理已成環境保護之重大課題。政府雖宣稱廢棄光電板「片片有序號」，然查2025年丹娜絲風災造成全台光電板損毀，經濟部能源署已正式坦言受災損光電板因環境、毀損嚴重等因素，導致實務上無法盤點序號，證明現行「後端序號追蹤機制」在面對大規模災害或小型散戶案場時完全失靈。此外，市面上亦存在出場序號遭惡意磨除之情事，導致後端稽查困難，流向追蹤形同虛設。為避免廢棄光電板成為環境未爆彈，環境部應由「末端管制」轉向「前端源頭管理」，爰要求環境部於6個月內，研議將回收成本與管制重點移至「出廠端」，包括：強化出廠時之強制登記制度、建立生產者延伸責任（EPR）之實質成本負擔機制，並評估改以「總量管控」或「電子化追蹤」取代純人工序號盤點。針對上述制度調整方向與廢棄光電板資源化之具體目標，向立法院社會福利及衛生環境委員會提出書面報告。【123】,,,,,,,,,,115,環境部,環境部,2026/5/20,王正旭,黃秀芳|林月琴,,,,,,,,2026-06-13T14:59:36.472Z
12042,主決議,通過,,,"為因應氣候變遷及促進環境永續，全球各國積極投入自然資源消耗減量以及落實資源回收再利用等具體作為，為接軌國際並達成環境及資源永續之目標，我國近年亦亟欲改善從原料、製造、使用、廢棄物產生等單向「線性經濟」之路徑，並改為推動「循環經濟」之有效落實，對此，環境部亦已擬定「資源循環推動法」草案，作為未來推動相關政策之法源依據。在農業領域的循環經濟，農業塑膠資材將是重點之一，農業廢棄物中，非生物性占總量約2%，其中，農產部分之塑膠廢棄物年產生量約1萬2,800公噸；據農業部報告指出，農業塑膠資材具回收再利用潛力，惟回收去化仍困難，主因包含：廢棄農膜中仍含有相當多的砂土雜質，以及產源分散致使清運成本高等原因，也因此，廢棄農膜往往衍生違法棄置、掩埋、露天燃燒等問題，塑膠碎片及微粒往往造成環境污染。為減低廢棄農業資材造成之空氣與土壤污染，並促進農業循環經濟之落實、強化臺灣土壤韌性，爰要求環境部就農膜、溫網室塑膠布、菇類培植廢棄包塑膠等「農業資材」回收再利用之具體模式，持續會同農業部等單位研商，並於1個月內向立法院社會福利及衛生環境委員會提出書面報告。【124】",,,,,,,,,,115,環境部,環境部,2026/5/20,王正旭,黃秀芳|林月琴,,,,,,,,2026-06-13T14:59:36.472Z
12043,主決議,通過,,,"禁用廚餘養豬之政策將自116年施行，過去，我國每天約產生2千餘噸廚餘，其中，約1,300餘噸（占比逾六成）用於養豬，是去化廚餘之大宗。根據環境部最新資料顯示，115年1至3月，廚餘去化用於養豬，平均已剩375(噸/日)，占比已降至25%，在115年的過度準備期，第一季廚餘養豬占比已降至約四分之一，而今年至今，養豬部分所降低的處理量，已隨各縣市再利用設施量能之提升，多數流向堆肥、生質能、以及黑水虻等。因應116年全面禁用廚餘養豬政策將施行，爰要求環境部就「我國各縣市廚餘去化量能之現況盤點暨未來再利用設施之規劃及預定達成進度」等，於3個月內向立法院社會福利及衛生環境委員會提出書面報告。【125】",,,,,,,,,,115,環境部,環境部,2026/5/20,王正旭,黃秀芳|林月琴,,,,,,,,2026-06-13T14:59:36.472Z
12044,主決議,通過,,,歐盟於2024年底正式通過「包裝與包裝廢棄物法規」，針對蔬果黏貼標籤訂有強制性規範，內容要旨為：於2028年2月12日前，凡黏貼於水果及蔬菜表面的標籤，其整體結構（含面材、黏著劑及油墨）均須符合「工業可堆肥」之標準。歐盟推動本項法規範之主要目的為，欲解決消費者常將貼紙連同果皮丟入廚餘桶，導致傳統塑膠貼紙污染堆肥品質之問題；屆時，未取得堆肥認證之傳統塑膠貼紙，將全面禁止使用於銷往歐盟之農產品，我國相關主管機關應輔導農產品採用符合規範及認證之蔬果標籤，避免影響我國農產品外銷。為了解相關政策推動情形，爰要求環境部持續邀集農業部、衛生福利部等單位研商，並就「推動生物可分解蔬果貼紙」之相關研議現況、可行性評估以及未來政策規劃等，於1個月內向立法院社會福利及衛生環境委員會提出書面報告。【126】,,,,,,,,,,115,環境部,環境部,2026/5/20,王正旭,黃秀芳|林月琴,,,,,,,,2026-06-13T14:59:36.472Z
12045,主決議,通過,,,2026年1月，我國與美國於「台美經濟繁榮夥伴對話」（EPPD）簽署《矽盛世宣言及台美經濟安全合作聯合聲明》，並針對關鍵礦物成立工作小組。經濟部指出，未來將與具備礦源的國家展開合作，採取「海外開採、在台精煉」的分工模式以強化供應鏈安全；政府並設定於2030年達成國內稀土需求量50%自給自足之目標，以有效降低對單一來源的過度依賴。鑑於關鍵礦物的供應鏈韌性直接攸關國家經濟安全、科技發展及國防產業自主，加速供應鏈「去中國化」之戰略布局實屬刻不容緩。然而，關鍵礦物在開採與精煉過程中，其衍生的環境影響不容忽視。為兼顧國家安全戰略與環境永續發展，爰要求環境部於6個月內，針對如何預防及處理我國關鍵礦物產業鏈所致之水污染與土壤污染問題，向立法院社會福利及衛生環境委員會提出書面報告。【127】,,,,,,,,,,115,環境部,環境部,2026/5/20,王正旭,黃秀芳|林月琴,,,,,,,,2026-06-13T14:59:36.472Z
12046,主決議,通過,,,鑒於環境部自115年度起配合經濟部推動「因應氣候變遷縣市管河川及排水整體改善計畫」，預計於4年內投入31億元賡續辦理水質改善及水體污染削減工作。然查環境部先前於「前瞻基礎建設-全國水環境改善計畫」補助地方政府辦理之水質淨化工程，普遍存在工期嚴重延宕之情事。如雲林縣北港礫間改善工程延後達1年半；基隆市旭川河、南榮河及田寮河等多項工程亦較原定完工期程延後半年至1年不等，且截至114年7月底仍處試營運狀態，致使污染削減成效未能如期達成。為確保後續4年31億元預算執行之效率與品質，避免類案再生影響水體改善進度，爰要求環境部應針對前述執行延宕之案場進行深度檢討，並於1個月內就「因應氣候變遷水質改善計畫」提出強化督導與預警機制之書面報告。【129】,,,,,,,,,,115,環境部,環境部,2026/5/20,蘇清泉,盧縣一|王育敏,,,,,,,,2026-06-13T14:59:36.472Z
12047,主決議,通過,,,有鑑於環境部長年只重視景觀營造卻疏忽水質實質改善，據立法院預算中心報告中顯示其多項工程包含「環境及景觀營造（景觀標）」，在水環境改善計畫中，「景觀美化」與「水質淨化」的預算佔比是否失衡?假若，上游污水截流工程（功能標）進度落後，下游卻先進行景觀營造，可能導致斥資興建的親水空間因水質未達標而無法發揮功能，甚至產生惡臭，淪為徒具外表的「蚊子工程」!爰建請環境部於1個月內向立法院社會福利及衛生環境委員會提出過去5年「受補助縣市水環境計畫中水質改善成效之量化評估報告」並擬具相關精進作為，以確保預算優先用於解決水污染來源。【130】,,,,,,,,,,115,環境部,環境部,2026/5/20,伍麗華|林月琴,黃秀芳|王正旭,,,,,,,,2026-06-13T14:59:36.472Z
12048,主決議,通過,,,"有害空氣污染物 (Hazardous Air Pollutants, 以下簡稱HAPs)具有造成癌症、生殖影響、生理缺陷等嚴重健康影響之疑慮。我國業已於2021年納管22項物種，惟相關監測仍有不足之處。以涵蓋金屬冶煉業、煉油工業、水泥製造工業在內之「特殊性工業區」為例，全國7座特殊性工業區均有進行HAPs監測，並將數據公開於「特殊性工業區空氣品質監測管制資訊網」，但數據呈現未經過轉譯，不利一般民眾閱讀理解。此外，其他一般工業區亦有排放HAPs，但監測強度遠不及特殊性工業區。爰此，建請環境部加強特殊性工業區HAPs監測數據呈現之可近性與系統優化，亦可研議呈現個別管道歷年排放之改善狀況；針對特殊性工業區以外之其他工業區，亦請研議加強HAPs監測與資訊公開。請環境部於3個月內送交書面報告至提案人與立法院社會福利及衛生環境委員會。【131】",,,,,,,,,,115,環境部,環境部,2026/5/20,林月琴|陳培瑜,林淑芬|王正旭,,,,,,,,2026-06-13T14:59:36.472Z
12049,主決議,通過,,,"有害空氣污染物(Hazardous Air Pollutants,簡稱HAPs)可能造成癌症或生殖影響、生理缺陷等嚴重健康影響。美國、德國、日本、韓國等國家多以列表明列管制物種，環境部參考國外做法，於2021年發布「固定污染源有害空氣污染物排放標準」，納管22項物種。但距離2017年預告之72項物種尚有一段距離，許多專家學者與民間倡議團體均認為應該增加納管物質。爰此，建請環境部研議增加納管物種，並於3個月內送交書面報告至提案人與立法院社會福利及衛生環境委員會。【132】",,,,,,,,,,115,環境部,環境部,2026/5/20,林月琴|陳培瑜,林淑芬|王正旭,,,,,,,,2026-06-13T14:59:36.472Z
12050,主決議,通過,,,兒童與少年為空氣污染之高風險族群。根據美國環境保護署研究指出，年紀越小，呼吸量越高，因此在空氣污染中的毒物暴露程度也越高。環境部業已推動「兒少校園空品防護網」，以學校為核心受體，篩選對校園影響潛勢較大之工業區，優先進行系統性的「工業區空污體檢」。為保障師生與民眾之環境知情權，專家學者建議空污體檢完成後，相關監測數據及分析報告應對外公開，並辦理針對鄰近社區及學校之說明會議。爰此，建請環境部研議資訊公開與說明會議等相關措施，並於3個月內送交書面報告至提案人與立法院社會福利及衛生環境委員會。【133】,,,,,,,,,,115,環境部,環境部,2026/5/20,林月琴|陳培瑜,林淑芬|王正旭,,,,,,,,2026-06-13T14:59:36.472Z
12051,主決議,通過,,,環境部自82年起每年公布「空氣品質監測年報」，呈現全國78個空氣品質監測站之數據。惟年報僅收錄一般空氣污染物，缺乏「特殊性工業區」以及「有害空氣污染物（HAPs）」之數據。專家學者指出，特殊性工業區與HAPs之監測資料雖已個別公開於網站上，但仍應整合進入年報之中。爰此，建請環境部研議於空氣品質監測年報中納入特殊性工業區與HAPs之監測數據，並於2個月內送交書面報告至提案人與立法院社會福利及衛生環境委員會。【134】,,,,,,,,,,115,環境部,環境部,2026/5/20,林月琴|陳培瑜,林淑芬|王正旭,,,,,,,,2026-06-13T14:59:36.472Z
12052,主決議,通過,,,近年受氣候變遷影響，高溫事件發生頻率與強度皆有增加趨勢，熱傷害已成為重要公共健康與氣候調適議題。兒童及少年因身體尚在發展階段，體溫調節能力、風險判斷能力及自主避險能力相對有限，加上日常生活中經常需長時間在校園、操場、通學路徑、公園遊戲場及其他戶外空間活動，面對高溫風險時，更需要政府建立友善且可近的保護措施。環境部作為我國氣候變遷調適政策之統籌機關，應於推動氣候變遷調適、氣候風險管理及韌性建構相關政策時，將兒童及少年之高溫熱傷害風險納入重要考量。惟目前我國高溫預警、熱傷害防治及相關調適措施，仍多以一般人口為主要對象，對於不同年齡兒少之風險差異、兒少常用場域之遮蔭與降溫需求，以及學校、家長、照顧者與兒少本人可理解之高溫應變資訊，仍有進一步精進空間。建請環境部會同衛生福利部、教育部、交通部中央氣象署及相關機關，研議將兒少高溫熱傷害風險納入氣候變遷調適政策之推動重點，並就兒少熱傷害資料蒐集、分齡風險提醒、校園及兒少常用公共空間之遮蔭與降溫指引、跨部會協調機制等事項進行盤點與研議，以強化兒童及少年面對高溫與氣候風險之保護。【135】,,,,,,,,,,115,環境部,環境部,2026/5/20,張雅琳|王正旭,林淑芬|林月琴,,,,,,,,2026-06-13T14:59:36.472Z
12053,減列,通過,1000000,,減列第 2 目「科技發展」100 萬元，科目自行調整，其餘均照列,,,,,,,,,,115,氣候變遷署,環境部,2026/5/20,社會福利及衛生環境委員會,,,,,,,,,2026-06-13T14:59:36.472Z
12054,凍結,通過,,500000,"115年度環境部氣候變遷署「環境保護支出」編列預算2億0,857萬元。氣候變遷已經是現在進行式，也是地球上所有生命面臨最巨大的威脅，面對氣候危機，氣候變遷署應積極辦理各項解決方案，然政府部門的環保資本支出中，水質保護（占60.3%）與廢棄物管理（21.7%）占據絕大部分，這反映出資源多用於處理既有的污染問題，而非前端的預防性技術開發。環境部氣候變遷署於環境保護支出項目應提出更多說明，爰針對是項預算凍結50萬元，俟環境部於6個月內向立法院社會福利及衛生環境委員會提出書面報告後，始得動支。【136】",,,,,,,,,,115,氣候變遷署,環境部,2026/5/20,黃秀芳,楊曜|王正旭,5559,,,環境保護支出,,,1287593000,2026-06-13T14:59:36.472Z
12055,凍結,通過,,4652750,"115 年度環境部氣候變遷署「科技發展」項下「淨零排放科技」預算編列 9,305 萬 5 千元，合併凍結百分之五，俟環境部就下列各案向立法院社會福利及衛生環境委員會提出書面報告，始得動支。",,,,,,,,12056|12057|12058,,115,氣候變遷署,環境部,2026/5/20,邱鎮軍|蘇清泉,盧縣一|陳菁徽|王育敏,5551,,,科技發展,淨零排放科技,,145705000,2026-06-13T14:59:36.472Z
12056,凍結,通過,,4652750,"115年度環境部氣候變遷署「科技發展」項下「淨零排放科技」預算編列9,305萬5千元，立法院預算中心列出有關115年度預算案於「氣候變遷業務」計畫之「氣候政策及國際交流」分支計畫編列業務費2,579萬9千元，用以辦理氣候變遷制度推動工作等。環境部氣候變遷署陸續研擬國家氣候變遷調適行動方案，協同各機關持續推動調適行動，然調適策略容有失衡現象，「淨零路徑減量效益整合評估」計畫中，委辦費高達9,271萬7千元，行政機關長期執行淨零政策，是否具備核心評估能力？連續多年撥發高額委辦費給外部機構，是否導致內部公務人員專業空洞化？應要求說明該委辦案與113年相比，具體新增了哪些非做不可的專業評估項目。計畫提到「建置淨零排放路徑評估模型」，但此類計畫已執行至第3年（112-115年）。是否年年都要花數千萬「建置」？還是僅為維護？應說明113年度已完成之模型成果為何，為何仍需投入巨額經費，是否存在重複發包或成效不彰的情況。爰針對是項預算凍結百分之五，俟環境部就淨零科技如何與偏鄉結合提出書面報告後，始得動支。【138】",,,,,,,,,12055,115,氣候變遷署,環境部,2026/5/20,蘇清泉,盧縣一|王育敏,5551,,,科技發展,淨零排放科技,,145705000,2026-06-13T14:59:36.472Z
12057,凍結,通過,,4652750,"115年度環境部氣候變遷署「科技發展」項下「淨零排放科技」中「業務費」預算編列9,305萬5千元。其中「淨零排放-淨零路徑減量效益整合評估」編列5,250萬5千元。有鑑於「科技發展」項下「淨零路徑減量效益整合評估」，涉及產業碳管理基礎工作，應確保其系統開發效率與應用價值，其中產品溫室氣體排放強度調查及申報系統規劃，尤應避免因規劃不當導致延宕或浪費公帑。爰針對115年度環境部氣候變遷署「科技發展」項下「淨零排放科技」預算編列9,305萬5千元，凍結百分之五，俟環境部氣候變遷署於1個月內向立法院社會福利及衛生環境委員會提出產品溫室氣體排放強度調查及申報系統的具體規劃與時程，並說明其與現有碳盤查系統之整合性及避免功能重疊的措施後，始得動支。【143】",,,,,,,,,12055,115,氣候變遷署,環境部,2026/5/20,邱鎮軍,陳菁徽|王育敏,5552,,,科技發展,淨零排放科技,業務費,143705000,2026-06-13T14:59:36.472Z
12058,凍結,通過,,750000,"115年度環境部氣候變遷署「科技發展」項下「淨零排放科技」中「業務費」之「委辦費」4.115年度「碳封存整合社會治理計畫」-封存場域減量效益及風險評估作業規範計畫，編列委辦費1,500萬元。有鑑於中油公司鐵砧山碳捕捉封存試驗計畫，已正式通過環境部審查，成為臺灣首座核定的CCS場址，其中碳封存設施長期監測、風險控管及封存場周邊地方協作，涉及政策可否永續推動，環境部應研議獎補助機制，以做為推動碳封存政策的經費來源。爰針對115年度環境部氣候變遷署「科技發展」項下「淨零排放科技」預算編列9,305萬5千元，凍結百分之五，俟環境部氣候變遷署於3個月內向立法院社會福利及衛生環境委員會提出書面報告後，始得動支。【144】",,,,,,,,,12055,115,氣候變遷署,環境部,2026/5/20,邱鎮軍,陳菁徽|王育敏,5598,,,科技發展,淨零排放科技,業務費 > 委辦費 > 碳封存整合社會治理計畫,15000000,2026-06-13T14:59:36.472Z
12059,凍結,通過,,1000000,"115年度環境部氣候變遷署「科技發展」項下「淨零排放科技」預算編列9,305萬5千元。有鑑於碳費收費制度將於2026年正式上路，惟環境部於2024年原預估碳費年徵收金額約為60億元，如今卻下修為約45億元，顯示碳費制度之推估基礎、徵收對象掌握及實際執行成效，仍有進一步檢討之必要。再者，4月30日即為申報最後期限，惟截至目前仍有上百家企業尚未完成申報，申報情形顯然未臻理想。環境部除應掌握未申報原因，針對申報流程、輔導機制及資訊揭露不足之處提出檢討報告外，亦應強化對企業之提醒、輔導與後續稽核作為，避免碳費制度上路初期即出現執行落差。另就預估約45億元之碳費收入用途，環境部亦應提出更明確之規劃。尤其可參酌近期歐盟作法，將相關收入優先用於協助企業進行節能減碳、製程改善、設備汰換及綠色轉型補助，避免碳費僅成為企業成本負擔，而應發揮引導產業低碳轉型之政策功能。爰此，建請環境部針對碳費申報情形、徵收金額落差及後續收入運用規劃，儘速提出完整檢討與改善方案，以確保碳費制度能兼顧減碳成效、產業轉型及制度公平性。爰針對是項預算凍結100萬元，俟環境部氣候變遷署於1個月內向立法院社會福利及衛生環境委員會提出書面報告，始得動支。【140】",,,,,,,,,,115,氣候變遷署,環境部,2026/5/20,陳菁徽,邱鎮軍|邱慧洳,5551,,,科技發展,淨零排放科技,,145705000,2026-06-13T14:59:36.472Z
12060,凍結,通過,,1000000,"115年度環境部氣候變遷署「科技發展」項下「淨零排放科技」中「業務費」之「委辦費」預算編列9,271萬7千元，較114年度大幅擴增1,254萬4千元。然經查其必要性不足，應予減列：1.產業外移，需求減損：隨部分國內高耗能產業外移，減碳評估對象縮減，行政機關卻反向提升研究委辦經費。2.核心地位喪失，成效不彰：我國供應鏈地位被取代、碳話語權流失，顯見過去編列之委辦計畫未能有效協助產業對接國際。未能提出轉型實績前，不應放任預算連年增長。爰針對是項預算凍結100萬元，俟環境部向立法院社會福利及衛生環境委員會於2個月內提書面報告後，始得動支。【145】",,,,,,,,,,115,氣候變遷署,環境部,2026/5/20,廖偉翔|陳菁徽|邱慧洳,,5599,,,科技發展,淨零排放科技,業務費 > 委辦費,92717000,2026-06-13T14:59:36.472Z
12061,凍結,通過,,1000000,"115年度環境部氣候變遷署「一般行政」項下「設備及投資」預算編列3,554萬9千元，其中2,785萬3千元用於房屋建築及設備費，辦理廳舍整修暨辦公空間調整。然查環境部氣候變遷署114年度決算之歲出保留分析表，其「舊財政大樓前棟7、8樓辦公廳舍整修暨原辦公空間調整工程採購案」及「委託規劃設計監造服務案」皆因合約期程跨年度、未能於年度內完工驗收，產生高達450萬6,370元之應付保留數，顯見該辦公空間整修工程執行進度已嚴重落後，在前期工程尚未完工結案前，115年度又寬列鉅額設備投資預算，恐有預算浮編及公帑閒置之虞，爰針對是項預算凍結100萬元，俟環境部氣候變遷署於1個月內向立法院社會福利及衛生環境委員會提出書面報告後，始得動支。【149】",,,,,,,,,,115,氣候變遷署,環境部,2026/5/20,廖偉翔|陳菁徽|邱慧洳,,5600,,,一般行政,設備及投資,,35549000,2026-06-13T14:59:36.472Z
12062,凍結,通過,,1000000,"115年度環境部氣候變遷署「一般行政」項下「基本行政工作維持」之「設備及投資」預算編列3,554萬9千元。較114年度（593萬3千元）暴增約6倍，其中房屋建築及設備費（2,772萬3千元）為主要增幅來源，其必要性與效益應詳細說明。爰針對是項預算凍結100萬元，俟環境部氣候變遷署於1個月內向立法院社會福利及衛生環境委員會提出書面報告後，始得動支。【150】",,,,,,,,,,115,氣候變遷署,環境部,2026/5/20,邱鎮軍,陳菁徽|王育敏,5555,,,一般行政,基本行政工作維持,設備及投資,21652000,2026-06-13T14:59:36.472Z
12063,凍結,通過,,1000000,"考量我國碳費於115年正式收費，目前僅針對製造業，且碳費並無明確成長路徑，難以有效推動我國減碳成效，目前環境部氣候變遷署針對碳費制度，仍處於「委外研究」階段，遲遲未將「滾動檢討機制」法規化或標準化，無法銜接國際趨勢且缺乏政策前瞻性。爰針對115年度環境部氣候變遷署「氣候變遷業務」預算編列4,962萬8千元，凍結100萬元，俟環境部氣候變遷署向立法院社會福利及衛生環境委員會提出書面報告，說明擴大碳費收費範圍與定期檢討費率之明確時間表後，始得動支。【151】",,,,,,,,,,115,氣候變遷署,環境部,2026/5/20,王育敏,邱鎮軍|廖偉翔,5602,,,氣候變遷業務,,,49628000,2026-06-13T14:59:36.472Z
12064,凍結,通過,,992560,"115年度環境部氣候變遷署「氣候變遷業務」預算編列4,962萬8千元。按114年度排碳之碳費，企業於115年繳交後，環境部碳費總收入預計約45億元，但估算支出就高達約40億5,000萬元。而「氣候變遷因應法」112年通過，其子法「碳費收費辦法」、「自主減量計畫管理辦法」及「碳費徵收對象溫室氣體減量指定目標」等，業已發布及公告。然針對碳費具體用途，環境部氣候變遷署僅規劃大方向支出內容，雖後續將訂定碳費補助辦法，然該辦法尚在草擬中，既無補助方式亦無草案規劃期程。環境部徵收碳費係透過碳定價與市場機制之推動，鼓勵企業進行低碳轉型。碳費徵收既為長期政策規劃，環境部氣候變遷署作為執行機關，自應具備完整法規配套，惟於徵收碳費之相關法規配套制定時，環境部氣候變遷署卻尚未針對碳費補助確定其運用方式，且亦未針對徵收之碳費運用於何類型之補助計畫與民間產業、縣市政府進行討論。更甚者，補助辦法之細節仍在討論中，目前亦無草案規劃期程。職是之故，為督促環境部氣候變遷署儘速研擬碳費補助辦法，並參照國外經驗且應儘速邀集民間產業、縣市政府及專家學者進行說明與討論，以儘快完成碳費補助辦法之草擬，爰凍結該項預算五十分之一，俟環境部氣候變遷署於1個月內向立法院社會福利及衛生環境委員會提出書面報告後，始得動支。【154】",,,,,,,,,,115,氣候變遷署,環境部,2026/5/20,涂權吉,陳菁徽|蘇清泉,5602,,,氣候變遷業務,,,49628000,2026-06-13T14:59:36.472Z
12065,凍結,通過,,500000,"依據審計部中央政府總決算審核報告所揭示，參照國際能源總署發布之「全球能源部門2050年淨零排放路徑圖」，即使在各項低碳燃料與減排措施全面推動下，至139年仍難以完全消除所有排放，勢必仍存在一定程度之殘餘碳排，需仰賴生質能結合碳捕捉與封存（CCS）、直接空氣捕捉（DAC）等碳捕捉、再利用及封存技術進行處理，且相關技術預期將承擔超過五成以上之減碳量。然而，環境部氣候變遷署迄今尚未完成「二氧化碳捕捉後封存管理辦法」之訂定與公告，相關法制基礎明顯不足，恐影響我國整體淨零路徑之推進，並不利於139年淨零排放目標之達成。爰針對115年度環境部氣候變遷署「氣候變遷業務」項下「氣候政策及國際交流」預算編列2,579萬9千元，凍結50萬元，俟環境部氣候變遷署完成相關子法訂定並公告後始得動支。【158】",,,,,,,,,,115,氣候變遷署,環境部,2026/5/20,劉建國,林月琴|王正旭,5603,,,氣候變遷業務,氣候政策及國際交流,,25799000,2026-06-13T14:59:36.472Z
12066,凍結,通過,,500000,"審計部中央政府總決算審核報告指出，據國際能源總署發布之「全球能源部門2050年淨零排放路徑圖」指出，在淨零排放路徑中，即使透過低排放燃料及其他減排方案，在139年仍將有少量的剩餘排放量，尚須利用生物能源與碳捕獲及儲存暨直接空氣捕獲等碳補捉、再利用與封存技術來移除，且有逾50%之減碳量，但環境部氣候變遷署仍未提出「二氧化碳捕捉後封存管理辦法」將不利達成139年淨零排放目標，故針對115年度環境部氣候變遷署「氣候變遷業務」項下「氣候政策及國際交流」預算編列2,579萬9千元，凍結50萬元，待環境部氣候變遷署完成相關子法訂定並公告後始得動支。【159】",,,,,,,,,,115,氣候變遷署,環境部,2026/5/20,楊曜,黃秀芳|劉建國,5604,,,二氧化碳捕捉後封存管理辦法,氣候變遷業務,氣候政策及國際交流,25799000,2026-06-13T14:59:36.472Z
12067,凍結,通過,,3000000,"115年度環境部氣候變遷署「氣候變遷業務」項下「氣候政策及國際交流」預算編列2,579萬9千元。查「氣候變遷因應法」於112年2月15日公布施行後，112年10月，環境部氣候變遷署訂定發布「溫室氣體自願減量專案管理辦法」，以期達到溫室氣體排放減量之效果。惟立法院預算中心指出，該計畫至114年8月止，申請註冊者累計達81案，惟累計通過環境部氣候變遷署審查完成註冊者僅22案，完成註冊比率27.16%，未及三成，可見相關計畫質性效率偏低，成效亦嫌低落，有需再為通盤之檢討精進。爰凍結該項預算300萬元，俟環境部氣候變遷署於3個月內向立法院社會福利及衛生環境委員會提出書面報告後，始得動支。【160】",,,,,,,,,,115,氣候變遷署,環境部,2026/5/20,邱慧洳,邱鎮軍|陳菁徽,5603,,,氣候變遷業務,氣候政策及國際交流,,25799000,2026-06-13T14:59:36.472Z
12068,凍結,通過,,1000000,"115年度環境部氣候變遷署「氣候變遷業務」項下「氣候政策及國際交流」預算編列2,579萬9千元。碳費費率檢討及調整方案研析計畫編列639萬元，惟現行碳費制度仍遭環保團體質疑存在減量路徑缺乏數據依據、透明監督機制不足，以及欠缺具體量化減量措施等三大問題。然環境部部長亦曾表示，企業如申請自主減量計畫，即須承諾於119年前達成減量目標；倘未能達成，則應回到每公噸300元之碳費費率。由此可見，環境部對於119年前碳費費率之適用及調整方向，已有相當明確之政策判斷。爰此，若環境部認為119年前碳費費率尚無調整必要，則本項「碳費費率檢討及調整方案研析計畫」之必要性、急迫性及預期效益即有疑義。請環境部氣候變遷署就本計畫之研析目的、辦理內容、預期成果、與現行碳費制度檢討之關聯性，以及是否涉及未來費率調整時程，提出詳細書面說明。爰凍結該項預算100萬元，俟環境部氣候變遷署於1個月內向立法院社會福利及衛生環境委員會提出書面報告，始得動支。【162】",,,,,,,,,,115,氣候變遷署,環境部,2026/5/20,陳菁徽,邱鎮軍|邱慧洳,5603,,,氣候變遷業務,氣候政策及國際交流,,25799000,2026-06-13T14:59:36.472Z
12069,凍結,通過,,2000000,"115年度環境部氣候變遷署預算案於第3目「氣候變遷業務」項下「氣候政策及國際交流」編列預算2,579萬9千元。一、環境部依據「氣候變遷因應法」及行政院核定之「國家氣候變遷調適行動計畫（112-115年）」，將「公正轉型」保障弱勢與強化氣候韌性納入核心目標，並於114年推動「酷齡氣候關懷行動」，結合涼適地圖（Cool Map）與AI技術，針對高風險脆弱族群進行高溫監測與關懷應變。二、目前環境部針對「能源貧窮」之辨識與關懷方向僅聚焦「獨居長者」之室內溫度預警。經查，我國有近六成經濟弱勢家戶陷入「能源貧窮」，面臨老舊家電耗能、能源支出占比過高及欠繳費而被斷水電等困境。環境部目前的辨識指標尚未參照歐盟等國際指引（如能源效率指令）納入身心障礙者、中低收入社福對象及戶外勞工等關鍵群體，導致政策難以應對多元之社會脆弱度。三、爰此，為督促環境部落實公正轉型並建立完善之脆弱族群辨識機制，請環境部針對「氣候變遷業務」項下「氣候政策及國際交流」編列之預算提出書面報告，內容應包括：擴大能源貧窮定義之具體規劃、針對身心障礙者與社福對象等脆弱族群之實質盤點結果、與衛生福利部等相關部會串接大數據之分工機制，經立法院社會福利及衛生環境委員會同意後，始得動支。爰針對115年環境部氣候變遷署「氣候變遷業務」預算編列4,962萬8千元，凍結200萬元，俟環境部氣候變遷署於3個月內向立法院社會福利及衛生環境委員會提出書面報告後，始得動支。【163】",,,,,,,,,,115,氣候變遷署,環境部,2026/5/20,林月琴,黃秀芳|王正旭,5603,,,氣候變遷業務,氣候政策及國際交流,,25799000,2026-06-13T14:59:36.472Z
12070,凍結,通過,,1000000,"115 年度環境部氣候變遷署「氣候變遷業務」項下「氣候政策及國際交流」之「業務費」預算編列 2,579 萬 9 千元，合併凍結 100 萬元，俟環境部氣候變遷署就下列各案向立法院社會福利及衛生環境委員會提出書面報告後，始得動支。",,,,,,,,12073|12071|12074|12072,,115,氣候變遷署,環境部,2026/5/20,廖偉翔|陳菁徽|邱慧洳,邱鎮軍|陳菁徽|王育敏,5605,,,氣候變遷業務,氣候政策及國際交流,業務費,25799000,2026-06-13T14:59:36.472Z
12071,凍結,通過,,1000000,"115年度環境部氣候變遷署「氣候變遷業務」項下「氣候政策及國際交流」之「業務費」預算編列2,579萬9千元。我國於氣候變遷績效指標（CCPI）長期排名後段，最新評比列第59名，屬「極差」等級，顯示整體氣候治理成效未達國際標準。然主管機關面對評比結果，多以評分標準不公或計算方式差異為由回應，未就實質政策不足提出具體檢討，對外說明偏重辯解而非改進，難以回應社會對氣候治理成效之期待。再就政策內容觀之，於關鍵減碳措施上，對化石燃料減量策略及燃煤退場時程，迄未建立明確法制化路徑與階段性目標，相關政策多停留於原則宣示，缺乏具體工具與約束機制。於國際壓力與轉型需求日益升高之際，主管機關未能提出具體且可執行之政策框架，顯示氣候政策推動力道不足，整體規劃與執行成效均有待檢討。爰針對該項預算凍結100萬元，俟環境部氣候變遷署於3個月內向立法院社會福利及衛生環境委員會提出書面報告後，始得動支。【165】",,,,,,,,,12070,115,氣候變遷署,環境部,2026/5/20,邱慧洳,邱鎮軍|陳菁徽,5605,,,氣候變遷業務,氣候政策及國際交流,業務費,25799000,2026-06-13T14:59:36.472Z
12072,凍結,通過,,1000000,"115年度環境部氣候變遷署「氣候變遷業務」項下「氣候政策及國際交流」中「業務費」預算編列2,579萬9千元。國家氣候變遷調適計畫動支數千億元，然於兒少及社福弱勢族群之納入顯有重大缺漏。於上位計畫中未設專章與具體對策，多僅以「健康權」概括帶過，缺乏明確行動方案、資源配置及執行機制，致高風險族群在制度中形同隱形。現行措施亦多停留於寒冬送暖等事後救助，未見針對極端氣候風險之預防調適與韌性建設，顯示整體規劃深度不足，難以支撐龐大預算之編列合理性。另就制度與執行面觀之，主管機關迄未建立年齡別高溫風險指標及公共空間管理準則，校園、公園等場域長期曝露於高溫環境，兒少因生理特性承受更高風險，卻未見具體遮蔭、降溫或使用規範。再者，跨部會協作機制未臻落實，專款未設、管考不足，新一期計畫仍停留盤點階段，顯示政策推動遲滯且責任分工不明。於巨額經費投入下，對最脆弱族群保障仍顯不足，預算編列與執行成效顯有落差，應予檢討。爰凍結該項預算100萬元，俟環境部氣候變遷署於3個月內向立法院社會福利及衛生環境委員會提出書面報告後，始得動支。【170】",,,,,,,,,12070,115,氣候變遷署,環境部,2026/5/20,邱慧洳,邱鎮軍|陳菁徽,5605,,,氣候變遷業務,氣候政策及國際交流,業務費,25799000,2026-06-13T14:59:36.472Z
12073,凍結,通過,,1000000,"環境部氣候變遷署115年度氣候變遷業務項下「氣候政策及國際交流」委辦費編列1,516萬元，然經查政府於前瞻第五期編列2,000萬元建置「碳足跡係數資料庫」，該數據卻未獲歐盟等國際法規CBAM承認，我國企業仍被迫採用「不利預設值」申報，導致鉅額公帑建置之資料庫形同虛設、成效不明。環境部氣候變遷署115年度編列1,516萬元辦理委辦案，卻未能有效爭取我國數據受國際採認，以致交流流於形式。爰針對115年度環境部氣候變遷署「氣候變遷業務」項下「氣候政策及國際交流」中「業務費」預算編列2,579萬9千元，凍結100萬元，俟環境部氣候變遷署提出「碳足跡係數資料庫」具體應用書面報告，始得動支。【172】",,,,,,,,,12070,115,氣候變遷署,環境部,2026/5/20,廖偉翔|陳菁徽|邱慧洳,,5606,,,氣候政策及國際交流,,,15160000,2026-06-13T14:59:36.472Z
12074,凍結,通過,,1000000,"115年度環境部氣候變遷署預算案於第3目「氣候變遷業務」項下「氣候政策及國際交流」中「業務費」之「委辦費」編列預算1,516萬元。針對環境部氣候變遷署115年度「氣候變遷業務」項下「碳費費率檢討與調整方案研析計畫」預算，因與「科技發展」項下「我國碳費制度效益與衝擊研析及支用評估計畫」性質相似，似有重複編列預算情形，應嚴防業務及經費重疊。爰針對115年度環境部氣候變遷署「氣候變遷業務」項下「氣候政策及國際交流」中「業務費」預算編列2,579萬9千元，凍結100萬元，俟環境部氣候變遷署於1個月內向立法院社會福利及衛生環境委員會提出書面報告後，始得動支。【175】",,,,,,,,,12070,115,氣候變遷署,環境部,2026/5/20,邱鎮軍,陳菁徽|王育敏,5607,,,氣候變遷業務,氣候政策及國際交流,業務費 > 委辦費,15160000,2026-06-13T14:59:36.472Z
12075,凍結,通過,,2000000,"115 年環境部氣候變遷署「氣候變遷業務」預算編列 4,962 萬 8 千元，合併凍結 200 萬元，俟環境部氣候變遷署就下列各案向立法院社會福利及衛生環境委員會提出書面報告後，始得動支。",,,,,,,,12080|12077|12076|12079|12078,,115,氣候變遷署,環境部,2026/5/20,廖偉翔|伍麗華|林月琴|陳菁徽|邱慧洳,林淑芬|黃秀芳|楊曜|王正旭,5605,,,氣候變遷業務,氣候政策及國際交流,業務費,25799000,2026-06-13T14:59:36.472Z
12076,凍結,通過,,2000000,"115年度環境部氣候變遷署預算案於第3目「氣候變遷業務」項下「氣候政策及國際交流」中「業務費」編列預算2,579萬9千元。有鑑於企業自願減量專案（碳權申請）企業抵減碳費的重要路徑，但立法院預算中心報告揭露了自願減量專案審查效能低落，因截至114年8月底，自願減量專案進入「註冊申請」階段後，累計通過率未及三成；且後續在「額度申請（正式取得碳權）」階段，竟然僅有1案提出申請。這代表目前制度對企業缺乏實質吸引力，或企業在執行減量後難以通過查驗，也凸顯審查流程過於冗長或申請門檻與產業現實嚴重脫節。環境部雖擬訂此碳費緩衝機制，惟迄今自願減量專案無法順利推動，企業將缺乏合適的碳費抵減工具，可能導致未來碳費徵收時引發更大的產業衝擊。爰針對115年環境部氣候變遷署「氣候變遷業務」預算編列4,962萬8千元，凍結200萬元，俟環境部氣候變遷署於1個月內向立法院社會福利及衛生環境委員會提出書面報告後，始得動支。【166】",,,,,,,,,12075,115,氣候變遷署,環境部,2026/5/20,伍麗華|林月琴,黃秀芳|王正旭,5605,,,氣候變遷業務,氣候政策及國際交流,業務費,25799000,2026-06-13T14:59:36.472Z
12077,凍結,通過,,2000000,"115年度環境部氣候變遷署預算案於第3目「氣候變遷業務」項下「氣候政策及國際交流」中「業務費」編列預算2,579萬9千元。一、立法院於112年通過「氣候變遷因應法」，新增氣候變遷調適專章，各直轄市、縣市政府依據第20條，於113年10月提出地方層級「氣候變遷調適執行方案」，並於114年完成第一次的「調適行動方案成果報告」，惟22個地方政府投入調適行動的資源及能量皆有不同，部份縣市已對齊氣候變遷風險評估與國際標準，推動因地制宜的政策，仍有許多縣市將既有施政列入調適行動方案，而造成「不當調適」或調適目標錯置。二、環境部應本於中央主管機關權責，檢視與分析地方政府的調適行動方案及執行狀況，辨認不當調適或目標錯置的工作項目，提供地方政府具體的輔導及能力建構。爰此，請環境部參考聯合國氣候變化綱要公約 (UNFCCC)、聯合國環境規劃署 (UNEP)、政府間氣候變遷專家小組 (IPCC)等國際組織的決議，針對中央政府輔導、支持地方政府調適行動的具體做法，於1個月內提出書面報告。爰針對115年環境部氣候變遷署「氣候變遷業務」預算編列4,962萬8千元，凍結200萬元，俟環境部氣候變遷署於1個月內向立法院社會福利及衛生環境委員會提出書面報告後，始得動支。【167】",,,,,,,,,12075,115,氣候變遷署,環境部,2026/5/20,林月琴,林淑芬|黃秀芳|王正旭,5605,,,氣候變遷業務,氣候政策及國際交流,業務費,25799000,2026-06-13T14:59:36.472Z
12078,凍結,通過,,2000000,"115年度環境部氣候變遷署預算案於第3目「氣候變遷業務」項下「氣候政策及國際交流」中「業務費」之「委辦費」編列預算1,516萬元。鑑於目前國家氣候變遷調適政策對原住民族主體性重視不足，現行計畫在推動過程中對原住民族傳統生態知識（TEK）之整合有限，且碳費徵收後對於原住民族地區因淨零轉型受限制之損失補償、或碳費資源如何導引至部落推動自主減碳與能源轉型，目前均缺乏具體之分配比率與配套計畫。為確保氣候正義與族群權益，避免政策制定與在地實務脫節，爰針對115年環境部氣候變遷署「氣候變遷業務」預算編列4,962萬8千元，凍結200萬元，俟環境部氣候變遷署於2個月內向立法院社會福利及衛生環境委員會提出書面報告後，始得動支。【173】",,,,,,,,,12075,115,氣候變遷署,環境部,2026/5/20,伍麗華|林月琴,林淑芬|楊曜,5607,,,氣候變遷業務,氣候政策及國際交流,業務費 > 委辦費,15160000,2026-06-13T14:59:36.472Z
12079,凍結,通過,,2000000,"115年度環境部氣候變遷署預算案於第3目「氣候變遷業務」項下「氣候政策及國際交流」中「業務費」之「委辦費」編列預算1,516萬元。一、聯合國氣候變遷綱要公約第30次締約國大會(UNFCCC COP30)決議通過「全球調適目標」，其中納入59項調適指標。根據「氣候變遷因應法」，環境部應進行氣候變遷科學及衝擊調適研究發展，並與氣象主管機關共同研析及掌握氣候變遷趨勢。二、爰請環境部彙整、分析COP30後的氣候變遷調適政策進展，針對下一期（116至119年）「國家氣候變遷調適行動計畫」草案應納入或參考的架構、指標或內涵提出政策指引，並協調各部會及地方政府參與工作會議。請環境部於1個月內提出相關工作規劃及工作時程的書面報告。爰針對115年環境部氣候變遷署「氣候變遷業務」預算編列4,962萬8千元，凍結200萬元，俟環境部氣候變遷署於1個月內向立法院社會福利及衛生環境委員會提出書面報告後，始得動支。【174】",,,,,,,,,12075,115,氣候變遷署,環境部,2026/5/20,林月琴,林淑芬|黃秀芳|王正旭,5607,,,氣候變遷業務,氣候政策及國際交流,業務費 > 委辦費,15160000,2026-06-13T14:59:36.472Z
12080,凍結,通過,,2000000,"環境部氣候變遷署115年度於氣候變遷業務項下「氣候政策及國際交流」編列一般事務費554萬元，用以辦理「氣候變遷因應法」等相關法規及制度推動。為鼓勵企業落實淨零轉型，環境部於112年10月發布「溫室氣體自願減量專案管理辦法」，惟截至115年3月底止，累計81案申請註冊中，通過環境部氣候變遷署審查完成註冊者僅37案；且完成註冊案建中，實際申請減量額度者僅3案，迄今仍未核發任何減量額度，顯見自願減量誘因之推動成效嚴重落後，容待檢討策進，爰針對115年環境部氣候變遷署「氣候變遷業務」預算編列4,962萬8千元，凍結200萬元，請環境部氣候變遷署向立法院社會福利及衛生環境委員會提出書面報告後，始得動支。【176】",,,,,,,,,12075,115,氣候變遷署,環境部,2026/5/20,廖偉翔|陳菁徽|邱慧洳,,5608,,,氣候政策及國際交流,氣候變遷因應法,,5540000,2026-06-13T14:59:36.472Z
12081,凍結,通過,,1000000,"環境部氣候變遷署115年度預算案於「氣候變遷業務」計畫之「氣候政策及國際交流」分支計畫編列業務費2,579萬9千元，用以辦理「氣候變遷因應法」等相關法規、制度推動工作等事宜。然根據立法院預算中心向環境部索資研究內容，環境部於112年10月訂定發布「溫室氣體自願減量專案管理辦法」後，截至114年8月底止，申請註冊者累計達81案，惟累計通過環境部氣候變遷署審查完成註冊者僅22案，完成註冊比率27.16%，未及三成，似有偏低，又完成註冊申請案中，申請減量額度者僅1案，且仍未核發減量額度，加強自願減量誘因之成效未如預期，爰針對115年環境部氣候變遷署「氣候變遷業務」預算編列4,962萬8千元，凍結100萬元，待環境部氣候變遷署向立法院社會福利及衛生環境委員會提出書面報告後始得動支。【168】",,,,,,,,,,115,氣候變遷署,環境部,2026/5/20,邱鎮軍|陳菁徽|邱慧洳,,5609,,,氣候變遷業務,氣候政策及國際交流,氣候變遷因應法,25799000,2026-06-13T14:59:36.472Z
12082,凍結,通過,,1000000,"115年度環境部氣候變遷署「氣候變遷業務」項下「氣候政策及國際交流」之「業務費」預算編列2,579萬9千元，用以辦理氣候變遷制度推動工作等。然經立法院預算中心仔細分析發現，環境部於擬定「國家氣候變遷調適行動計畫(112至115年)」時，以「災害領域」屬性為導致氣候變遷危害之因素，其影響層面可涵蓋其他各領域為由，排除「災害」領域，將其拆分至其他領域，導致防災策略有失衡現象，如：相較於原災害領域全面性之防災策略，水資源領域以氣候變遷下，枯旱風險漸增、產業投資用水需求增長等面向考量，偏重於「確保供水穩定」、「強化供水韌性」、「完善供水環境」等調適目標，淹水等水災害防救措施闕如，恐削減我國應對極端氣候（如路徑特殊之丹娜絲颱風）之能力。尤有甚者，環境部氣候變遷署已經啟動新的4年期「規劃推動氣候變遷調適政策綱領及行動計畫」，計畫涵蓋海洋、農業生態、生態系統等 8 大領域，惟仍未含「災害」領域，環境部氣候變遷署排除災害領域，致防災策略或有失衡現象，恐影響調適成效，爰針對是項預算凍結100萬元，待環境部氣候變遷署向立法院社會福利及衛生環境委員會提出書面報告後始得動支。【169】",,,,,,,,,,115,氣候變遷署,環境部,2026/5/20,邱鎮軍|陳菁徽|邱慧洳,,5605,,,氣候變遷業務,氣候政策及國際交流,業務費,25799000,2026-06-13T14:59:36.472Z
12083,凍結,通過,,1000000,115年度環境部氣候變遷署「氣候變遷業務」項下「氣候政策及國際交流」中「業務費」之「一般事務費」預算編列554萬元，用以辦理「氣候變遷因應法」等相關法規、制度推動工作等事宜。我國溫室氣體確證及查證工作係透過第三方查驗機構執行，然查驗機構時有違反管理規定遭裁處情形。根據環境部氣候變遷署提供資料，環境部氣候變遷署依前開規定，於112年度至114年8月底止分別對查驗機構進行35次、68次及66次之稽查，稽查結果，因違反本辦法而遭環境部氣候變遷署依「氣候變遷因應法」第49條規定裁處之家數及次數皆漸增，112年經環境部氣候變遷署稽查後未有應裁處者，113年度經裁處10萬元罰緩者計有1家、1次，至114年度截至8月底止，經環境部氣候變遷署開立裁處書，處以10萬元罰緩之家數及件數分別為4家、5次；其中不乏查驗人員未參加在職訓練、查驗結果未正確表達者，甚有查驗機構因1年內違反本辦法相關規定，經記點累計達3次而遭環境部氣候變遷署裁罰，查驗機構及人員法遵認知顯有未足。環境部氣候變遷署允檢討強化查驗機構及人員法遵認知，俾確保查驗品質，爰針對是項預算凍結100萬元，待環境部氣候變遷署向立法院社會福利及衛生環境委員會提出書面報告始得動支。【177】,,,,,,,,,,115,氣候變遷署,環境部,2026/5/20,邱鎮軍|陳菁徽|邱慧洳,,5610,,,氣候變遷業務,氣候政策及國際交流,業務費 > 一般事務費 > 氣候變遷因應法,5540000,2026-06-13T14:59:36.472Z
12084,主決議,通過,,,審計部中央政府總決算審核報告指出，環境部陸續辦理各項淨零科技計畫，規劃建立增匯計量方法學與評估淨零排放路徑，惟國家溫室氣體排放清冊報告尚未將土壤及海洋碳匯數量納入計算二氧化碳移除量，環境部應積極協調其他權責部會研議精進措施，以利推動淨零轉型，以利2050年淨零排放政策之達成，請環境部氣候變遷署提交書面報告至立法院社會福利及衛生環境委員會。【139】,,,,,,,,,,115,氣候變遷署,環境部,2026/5/20,楊曜,黃秀芳|劉建國,,,,,,,,2026-06-13T14:59:36.472Z
12085,主決議,通過,,,"115年度環境部氣候變遷署預算案於第1目「科技發展」項下「淨零排放科技」中「業務費」編列預算9,305萬5千元。有鑑於國家調適行動計畫「風險評估」涵蓋率嚴重不足，該計畫扣除能力建構計畫後剩餘的 103 項實質計畫中，竟然僅有38項（36.89%）辦理過風險評估，且在未進行風險評估的情況下編列預算並執行計畫，等同於「盲目執行」!再者，國家科學及技術委員會已提供「全球升溫1.5℃及2℃」的臺灣本土科學模擬推估結果作為統一基準，但38項已做風險評估的計畫中，竟然僅有4項採用此基準，顯見各部門採用不同的氣候情境背景及分析方法，將導致跨部門的調適策略（如農業與水資源、能源與防災）無法有效介接。環境部允應於新一期國家調適行動計畫加強各部會對風險評估與氣候情境的採行應用。並向立法院社會福利及衛生環境委員會提出書面報告。【142】",,,,,,,,,,115,氣候變遷署,環境部,2026/5/20,伍麗華|林月琴,黃秀芳|王正旭,5552,,,科技發展,淨零排放科技,業務費,143705000,2026-06-13T14:59:36.472Z
12086,主決議,通過,,,"115年度環境部氣候變遷署預算案於第1目「科技發展」項下「淨零排放科技」中「業務費」之「委辦費」編列預算9,271萬7千元。鑑於該計畫目前推動模式多偏重中央主導，技術示範與推廣內容往往以都會生活型態為核心，忽略偏鄉與原住民族地區之特殊性，導致面臨嚴重的資訊落差與資源分配不均。為落實由下而上之全民淨零轉型，環境部應擬定具體方案，編列資源補助或委託在地民間團體、部落組織進行政策轉譯與技術推廣，透過與3個以上原住民相關社區團體合作擴散推動，避免淨零轉型預算過度集中於特定區域。請環境部氣候變遷署於2個月內向立法院社會福利及衛生環境委員會提出書面報告。【146】",,,,,,,,,,115,氣候變遷署,環境部,2026/5/20,伍麗華|林月琴,林淑芬|楊曜,5599,,,科技發展,淨零排放科技,業務費 > 委辦費,92717000,2026-06-13T14:59:36.472Z
12087,主決議,通過,,,"115年度環境部氣候變遷署預算案於第2目「一般行政」項下「人員維持」中「人事費」之「法定編制人員待遇」預算，編列預算6,887萬5千元。有鑑於113年度決算數（5,548萬2,169元）占預算數（6,783萬6千元）約81.8%，執行率未達85%，顯示預算編列寬鬆，應予檢討並要求精實人事經費控管。請環境部氣候變遷署於1個月內向立法院社會福利及衛生環境委員會提出書面報告。【147】",,,,,,,,,,115,氣候變遷署,環境部,2026/5/20,邱鎮軍,陳菁徽|王育敏,5611,,,一般行政,人員維持,人事費 > 法定編制人員待遇,68875000,2026-06-13T14:59:36.472Z
12088,主決議,通過,,,"115年度環境部氣候變遷署預算案於第2目「一般行政」項下「人員維持」中「人事費」之「獎金」編列預算1,415萬6千元。有鑑於113年度決算數（1,106萬6,308元）僅占預算數（1,366萬8千元）約80.96%，執行率顯著低於85%，請環境部氣候變遷署於1個月內向立法院社會福利及衛生環境委員會提出書面報告。【148】",,,,,,,,,,115,氣候變遷署,環境部,2026/5/20,邱鎮軍,陳菁徽|王育敏,5612,,,一般行政,人員維持,人事費 > 獎金,14156000,2026-06-13T14:59:36.472Z
12089,主決議,通過,,,"115年度環境部氣候變遷署預算案於第3目「氣候變遷業務」編列預算4,962萬8千元。一、極端天氣事件已逐漸成為臺灣的日常，114年樺加沙風災更在花蓮引發堰塞湖溢流，而造成嚴重的複合性災害。過往的防減災經驗必須重新檢視和評估，災後重建更應與氣候變遷調適發揮共效益，打造未來韌性。二、聯合國減災署(UNDRR)115年發佈《減少災害風險與氣候變遷調適:歐洲和中亞的協調路徑》報告，分析16國在「防減災」與「氣候變遷調適」的實務整合現況，並建議建立防減災與調適之間的協調平台。爰請環境部邀集內政部共同檢視我國現行制度，進行上述協調機制的評估，並於3個月內提出書面報告。【152】",,,,,,,,,,115,氣候變遷署,環境部,2026/5/20,林月琴,林淑芬|黃秀芳|王正旭,5602,,,氣候變遷業務,,,49628000,2026-06-13T14:59:36.472Z
12090,主決議,通過,,,"115年度環境部氣候變遷署預算案於第3目「氣候變遷業務」編列預算4,962萬8千元。我國碳費徵收法制化與執行之籌備自111年展開至今，而環境部部長亦帶領環境部氣候變遷署同仁參與國際會議，以期將國外經驗帶回至國內。然現行針對「高碳洩漏風險」之認定標準與配套措施，在應對國際地緣政治變局上仍有優化空間。另外，考量部分事業因受美國關稅影響，故「碳費徵收對象申請認定屬高碳洩漏風險者審核原則」(以下簡稱原則)中明訂若為受美國對等關稅政策顯著影響之事業，得申請認定為高碳洩漏風險事業並提出自主減量計畫，審核後得以碳費優惠費率計算。如美以伊戰爭、俄烏戰爭等情事，致全球能源及原物料價格大幅波動，實質增加產業負擔，然環境部氣候變遷署目前僅提供「分期或展延繳納」作為相關因應措施，並未於原則中訂定受前開戰爭等情事顯著影響者，得申請認定為高碳洩漏風險事業，並提出自主減量計畫申請以碳費優惠費率計費。因國際情勢及地緣政治詭譎多變且難預料，故環境部氣候變遷署應針對未來受國際情勢及地緣政治顯著影響之事業，參照國外經驗並與專家學者及產業進行溝通，明確訂定得申請認定為高碳洩漏風險事業並提出自主減量計畫之標準，或提出受國際情勢及地緣政治顯著影響之事業，其碳費徵收之優惠或相關措施；且應定期進行動態評估，制定具體且透明之碳費徵收調節機制，請環境部氣候變遷署於1個月內向立法院社會福利及衛生環境委員會提出書面報告。【153】",,,,,,,,,,115,氣候變遷署,環境部,2026/5/20,涂權吉,陳菁徽|蘇清泉,5602,,,氣候變遷業務,,,49628000,2026-06-13T14:59:36.472Z
12091,主決議,通過,,,"115年度環境部氣候變遷署預算案於第3目「氣候變遷業務」項下「綜合計畫」辦理資訊系統維運與資安強化計畫，編列預算1,548萬1千元。有鑑於立法院社會福利及衛生環境委員會於114年度審查時已發現此「資訊服務費」科目預算從113年度的25萬5千元暴增至114年度的1,572萬元，115年度預算仍與114年相當，其合理性仍應加強說明。請環境部氣候變遷署加強資安管理並於2個月內向立法院社會福利及衛生環境委員會提出書面報告。【155】",,,,,,,,,,115,氣候變遷署,環境部,2026/5/20,邱鎮軍,陳菁徽|王育敏,5613,,,氣候變遷業務,綜合計畫,辦理資訊系統維運與資安強化計畫,15481000,2026-06-13T14:59:36.472Z
12092,主決議,通過,,,"環境部氣候變遷署115年度於氣候變遷業務項下「綜合計畫」編列業務費1,708萬元，其中包含「資訊服務費」1,548萬1千元；另於設備及投資編列「資訊軟硬體設備費」674萬9千元。查立法院於114年度預算審查時即指出，環境部氣候變遷署資訊服務費於113年度僅編列25萬餘元，114年度以機關組改及擴增系統為由大幅擴編至1,500餘萬元，115年度無重大新興資訊相關需求，後續請環境部氣候變遷署，加強資安管理，於2個月內向立法院社會福利及衛生環境委員會提出書面報告。【156】",,,,,,,,,,115,氣候變遷署,環境部,2026/5/20,廖偉翔|陳菁徽|邱慧洳,,5614,,,綜合計畫,,,17080000,2026-06-13T14:59:36.472Z
12093,主決議,通過,,,"115年度環境部氣候變遷署預算案於第3目「氣候變遷業務」項下「綜合計畫」中「業務費」編列預算1,708萬元。針對COP30等國際會議涉及原住民族資源治理之重要議題，相關資料整理與對外發布進度遲緩，關鍵數據與各國政策案例未能即時於官方網站公開，致民間難以掌握最新國際趨勢與政策方向，影響知情權與公共討論之基礎，資訊透明度明顯不足。復就制度面觀之，氣候政策本應強化公眾參與與跨利害關係人對話，然主管機關未建立穩定且即時之資訊揭露機制，亦欠缺主動提供比較分析與政策工具之能力，導致政策形成過程封閉，民間難以有效參與與監督。於氣候治理高度依賴社會共識之情形下，此種資訊落差將削弱政策正當性與執行力，相關作為顯有檢討必要。請環境部氣候變遷署於3個月內向立法院社會福利及衛生環境委員會提出書面報告。【157】",,,,,,,,,,115,氣候變遷署,環境部,2026/5/20,邱慧洳,邱鎮軍|陳菁徽,5615,,,氣候變遷業務,綜合計畫,業務費,17080000,2026-06-13T14:59:36.472Z
12094,主決議,通過,,,"環境部氣候變遷署115年度於「氣候變遷業務」計畫之「氣候政策及國際交流」分支計畫編列業務費2,579萬9千元，主要用以辦理氣候變遷制度推動工作等事宜。為達成139年淨零排放目標，環境部持續推動溫室氣體減量機制與碳權交易制度，許多原鄉公所、部落及族人皆極度關心如何透過「自然碳匯」（如加強森林經營、竹林經營碳匯專案）取得碳權額度，以促進部落綠色經濟發展。且原住民族在自然碳匯的保育上貢獻良多，但在碳權利益分配與申請機制上往往處於弱勢，面臨嚴重資訊落差與資金瓶頸。依據現行「溫室氣體自願減量專案管理辦法」等規定，自然碳匯專案之註冊申請、計畫書撰擬，需要委託專業顧問公司協助，還需找環境部委託之驗證機構進行計畫書查驗，經過長時間執行與監測後，再次製作監測報告書找驗證機構查驗，才能提送審認核給碳權額度，整體程序繁瑣費用高昂。原鄉公所、企業及族人缺乏專業經驗與財力資源，難以自主發起申請，導致原鄉雖擁有龐大碳匯潛力，卻因制度門檻過高而受限。為確保原鄉地區能實質參與淨零排放轉型、保障原住民族權益，共享自然碳匯之經濟效益。環境部氣候變遷署應針對「建立專屬原鄉碳權申請輔導及配合相關機關之媒合機制（包含專業技術支援）」。【161】",,,,,,,,,,115,氣候變遷署,環境部,2026/5/20,盧縣一,陳菁徽|蘇清泉,5603,,,氣候變遷業務,氣候政策及國際交流,,25799000,2026-06-13T14:59:36.472Z
12095,主決議,通過,,,"環境部氣候變遷署115年度於「氣候變遷業務」「氣候政策及國際交流」計畫編列業務費2,579萬9千元，主要用以辦理氣候變遷制度推動工作等事宜。查立法院預算中心評估報告：行政院自102年度起分階段推動國家氣候變遷調適行動方案，過去均設有「災害」領域，期經由災害風險評估與綜合調適政策推動，降低氣候變遷所導致之災害風險，強化整體防災避災之調適能力。但環境部於擬定「國家氣候變遷調適行動計畫（112至115年）」時，卻以影響層面可涵蓋其他各領域為由，排除「災害」領域將其拆分，導致防災策略出現嚴重失衡現象。例如：水資源領域之調適目標僅偏重於「確保供水穩定」、「強化供水韌性」及「完善供水環境」，卻缺少「淹水等水災害防救措施」。恐怕大幅削減我國應對極端氣候之綜合能力，影響強化因應氣候變遷韌性成效。環境部氣候變遷署於114年5月啟動規劃後續「116至119年度氣候變遷調適行動方案」時，所劃分之8大調適領域中，仍然未包含災害領域。在全球極端天氣事件（如強降雨、旱災等）日益劇烈之際，我國氣候調適計畫長期獨漏整體性的災害領域，實有缺失。為真正提升面對極端氣候之防救災韌性，環境部氣候變遷署將「災害」重新納入國家氣候變遷調適行動方案之規劃，3個月內向立法院社會福利及衛生環境委員會提出書面報告。【164】",,,,,,,,,,115,氣候變遷署,環境部,2026/5/20,盧縣一,陳菁徽|蘇清泉,5603,,,氣候變遷業務,氣候政策及國際交流,,25799000,2026-06-13T14:59:36.472Z
12096,主決議,通過,,,"115年度環境部氣候變遷署預算案於第3目「氣候變遷業務」項下「氣候政策及國際交流」中「業務費」辦理氣候變遷因應法等相關法規、制度推動工作等事宜及委辦計畫。編列預算2,579萬9千元。鑑於環境部氣候變遷署為加強我國應對氣候變遷能力，「氣候變遷因應法」新增調適專章，進行氣候變遷科學及衝擊調適研究發展，定期公開氣候變遷科學報告之規定入法，使各級政府得以此規劃早期預警機制及系統監測，惟「國家氣候變遷調適行動計畫(112至115年)」將「災害」拆分，排除災害領域，導致水資源調適偏重供水而忽略淹水防治，韌性存疑，致防災策略或有失衡現象，恐影響調適成效，考量上開行動計畫將於115年度屆期，環境部氣候變遷署於研擬後續方案時，允妥予檢視強化調適功能，俾提升我國應對極端氣候之能力。環境部氣候變遷署允應於3個月內向立法院社會福利及衛生環境委員會提出書面報告。【171】",,,,,,,,,,115,氣候變遷署,環境部,2026/5/20,邱鎮軍,陳菁徽|王育敏,,,,,,,,2026-06-13T14:59:36.472Z
12097,主決議,通過,,,巴黎協定6.4條產生的PACM額度機制，讓擁有良好自然資源的國家，可以藉由交易碳權來抵銷碳排放。然而，真正的碳權，絕非只靠盤點土地及森林面積。關鍵在於，應善用原住民族對於土地跟自然資源的治理智慧，以及原住民族與在地社群，在文化、土地權利與治理所扮演的角色，才是所有自然碳匯專案，能否成立的基礎。環境部應該遵循國際重視原住民族，在全球氣候變遷減碳扮演重要角色的趨勢，為臺灣在未來PACM碳權交易制度，爭取更多可以扣抵碳排的費用。爰請環境部比照本次國際氣候變遷大會COP30，辦理亞洲地區或全國性原住民土地資源管理與減少碳排議題的研討會，邀請國際原住民團體、中央與地方政府，學術單位及國內有繳交碳費需求的企業，商討如何有效推動運用原住民土地資源管理與落實未來碳權交易計畫，將成果分享到國際，為臺灣賺取PACM碳權交易的額度。【178】,,,,,,,,,,115,氣候變遷署,環境部,2026/5/20,陳瑩,林月琴|王正旭,,,,,,,,2026-06-13T14:59:36.472Z
12098,主決議,通過,,,環境部於114年3月4日公告「事業應盤查登錄溫室氣體排放量之排放源」，擴大對溫室氣體排放源及排放量之掌握，將用電量高、用油或其他化石燃料多之服務業、運輸業、醫療院所、大專校院、中小型製造業等納入管制。納管事業應自115年起，依「溫室氣體排放量盤查及查驗管理辦法」規定完成前1年度溫室氣體盤查登錄作業。這些擴大盤查對象很多是首次申報，不清楚法規制度以及缺乏盤查能力。請環境部就如何協助擴大盤查對象完成盤查登錄及提供配套簡化措施等作為，於3個月內向立法院社會福利及衛生環境委員會提供書面報告。【179】,,,,,,,,,,115,氣候變遷署,環境部,2026/5/20,劉建國,林月琴|王正旭,,,,,,,,2026-06-13T14:59:36.472Z
12099,減列,通過,1000000,,減列第 1 目「科技發展」項下「淨零排放科技」100 萬元。【187】,,,,,,,,,,115,資源循環署,環境部,2026/5/20,社會福利及衛生環境委員會,,,,,,,,,2026-06-13T14:59:36.472Z
12100,減列,通過,1500000,,減列第 3 目「資源循環及廢棄物管理」150 萬元，科目自行調整。【183.204.205.226】,,,,,,,,,,115,資源循環署,環境部,2026/5/20,社會福利及衛生環境委員會,,,,,,,,,2026-06-13T14:59:36.472Z
12101,減列、凍結,保留,1000000,1000000,環境部近年推動廢棄物燃料化政策，將一般廢棄物轉製為固體再生燃料（SRF），作為替代能源使用，政策方向在促進資源循環及減碳上具其意義。惟依據審計部中央政府總決算審核報告指出，實務執行面上，分選打包後之垃圾多數並未順利轉製為SRF，仍大量暫置於掩埋場，顯示相關處理與轉化機制尚未成熟，廢棄物燃料化策略推動成效有限。此外，即使完成SRF製作，亦因品質穩定度不足、燃燒效率及污染疑慮等因素，導致部分使用端意願不高，進一步產生成品堆置情形，未能有效達成去化與能源利用之政策目標。再者，目前各地對SRF設置與使用仍存有高度疑慮，地方居民對空氣污染及健康風險之關切持續升高，反映出環境部在政策溝通、風險說明及資訊公開等面向仍有不足，影響政策推動之社會接受度。綜上，固體再生燃料政策於上游轉製、中游品質控管及下游使用端銜接等環節，均存在明顯瓶頸，尚未形成完整運作體系。故建議刪減100萬元、凍結100萬元，待環境部提出說明，經立法院同意後，始得動支。【227】,,,,,,,,,,115,資源循環署,環境部,2026/5/20,劉建國,林月琴|王正旭,,,,,,,,2026-06-13T14:59:36.472Z
12102,凍結,保留,,6419200,"115年度環境部資源循環署「資源循環及廢棄物管理」項下「循環處理」編列預算6,419萬2千元。有關環境部為辦理追蹤聯合國塑膠公約制定進度、分析各國塑膠循環政策、因應公約規劃我國塑膠資源循環國家計畫，並擬定塑膠循環行動策略以接軌國際規範，編列委辦費714萬元。惟查，全球塑膠公約自推動以來，歷經3年、6輪會議，至2025年8月仍未能完成最終談判並達成共識，顯示各國在塑膠減量、石化原料管制、產品設計責任及產業轉型成本分擔等議題上，仍存在高度分歧。環境部既以「接軌國際規範」作為計畫目的，即應具體說明在國際公約尚未定案之情況下，我國塑膠循環國家計畫之政策依據、推動期程及階段目標為何，避免委辦研究停留於追蹤國際會議進度，卻未能轉化為具體可執行之國內政策。再者，近期受國際局勢及油價波動影響，塑膠原料及製品供應受到衝擊，國內亦出現塑膠袋搶購情形，經濟部並輔導業者增產塑膠袋，以穩定市場供應。此一作法雖有其短期民生與市場穩定考量，卻與環境部長期推動限塑、減塑及循環容器政策方向明顯存在落差，凸顯政府部門之間對塑膠治理政策缺乏一致性與整合性。更值得關注的是，環境部原訂2030年全面禁用四項一次性塑膠產品，包括購物袋、塑膠吸管、外帶飲料杯及免洗餐具，惟相關具體目標已遭取消或調整，顯示我國減塑政策不僅推動力道不足，亦欠缺穩定且明確之長期路徑。當國際社會逐步討論塑膠生命週期管理、源頭減量及生產者責任時，我國政策卻在一次性塑膠禁限用目標上退縮，恐使所謂「與國際接軌」流於口號。爰此，環境部應就本項委辦計畫提出更具體之執行內容及預期成果，包含我國塑膠循環國家計畫之政策定位、一次性塑膠減量時程、跨部會協調機制、產業轉型配套、循環容器及替代材料推動策略，以及如何避免經濟部增產塑膠製品與環境部限塑政策相互牴觸。並請環境部檢討過去減塑政策推動成效不彰之原因，提出明確改善方案，以確保相關預算支出能真正用於建立可落實、可追蹤之塑膠循環治理制度。爰凍結該項預算10%，俟環境部資源循環署於1個月內向立法院社會福利及衛生環境委員會提出專案報告並經同意後，始得動支。【229】",,,,,,,,,,115,資源循環署,環境部,2026/5/20,陳菁徽,邱鎮軍|邱慧洳,5616,,,資源循環及廢棄物管理,循環處理,,64192000,2026-06-13T14:59:36.472Z
12103,凍結,通過,,10000000,"115年度環境部資源循環署預算編列9億3,882萬3千元。環境部資源循環署115年度委辦經費高達6億7,000萬元，占單位總預算約9億3,800萬元之比例達71.4%，委外比例明顯偏高。於行政機關應以政策規劃、執行與監督為核心職能之原則下，如大部分業務均以委外方式辦理，恐使機關逐步轉為僅具發包與管理功能，核心能力外移，影響長期政策推動之穩定性與專業累積。另就預算配置觀之，該等委辦計畫未見清楚區分何屬應由機關自辦、何屬得委外辦理之範圍，亦未具體說明各項委辦計畫之成果指標與效益評估機制，致經費支出與政策成效之連結不足。於委外比例已偏高之情形下，若未強化審查與管考，恐增加預算浮編及執行效率不彰之風險，相關預算編列與執行機制顯有檢討必要。爰針對環境部資源循環署預算凍結1,000萬元，俟環境部資源循環署於3個月內向立法院社會福利及衛生環境委員會提出書面報告後，始得動支。【180】",,,,,,,,,,115,資源循環署,環境部,2026/5/20,邱慧洳,邱鎮軍|陳菁徽,,,,,,,,2026-06-13T14:59:36.472Z
12104,凍結,通過,,500000,"環境部於114年10月公布「2050臺灣循環經濟路徑圖」草案，設定139年循環經濟三大目標，並預計於115年底正式發布。查環境部資源循環署委託工業技術研究院執行之「資源循環政策精進暨國際合作及物質流管理計畫」報告，已明確建議應將「公正轉型行動方案」納入資源循環之中長期策略，並推動跨部會協調機制與地方政府試點，以協助勞動力再培訓及產業轉型配套。為確保綠色轉型兼顧社會公平與區域韌性，避免轉型過程造成勞動市場或地方產業之衝擊，爰針對115年度環境部資源循環署「資源循環署」預算編列9億3,882萬3千元，凍結50萬元，要求環境部於訂定「2050臺灣循環經濟路徑圖」時，應確實納入「公正轉型行動方案」與「利害關係人盤點」，將勞動權益、產業轉型及區域公平性納入循環經濟推動架構，並向立法院社會福利及衛生環境委員會提出書面報告後，始得動支。【181】",,,,,,,,,,115,資源循環署,環境部,2026/5/20,王正旭,黃秀芳|林月琴,5617,,,資源循環署,,,938823000,2026-06-13T14:59:36.472Z
12105,凍結,通過,,200000,"115年度環境部資源循環署預算案於第3目「資源循環及廢棄物管理」項下編列「媒體政策及業務宣導費」414萬元，用於推動資源循環及綠色設計等政策宣導。經查114年度該項預算僅為265萬元，115年度增幅達56.2%，惟其預計執行內容僅為「完成1部與名人合作宣傳短影音」，預期效益與經費負擔顯不相當。此外，立法院預算中心多次指出政府媒體宣導費得標廠商高度集中，且多採「限制性招標」，導致政策傳播管道單一，難以落實監督。考量循環署組改後人力已增加，應強化自主社群經營與文宣製作能力，而非持續編列鉅額費用外包媒體宣傳。為撙節國家公帑，避免資源虛擲，並落實立法院針對媒宣費「力求撙節、避免浮濫」之通案決議精神。爰針對115年度環境部資源循環署「資源循環及廢棄物管理」預算編列4億6,834萬2千元，凍結20萬元，請環境部資源循環署於3個月內提出書面報告後，始得動支。【182】",,,,,,,,,,115,資源循環署,環境部,2026/5/20,邱鎮軍,王育敏|邱慧洳,5618,,,資源循環及廢棄物管理,,,4140000,2026-06-13T14:59:36.472Z
12106,凍結,通過,,3000000,"115 年度環境部資源循環署「科技發展」預算編列 3 億 2,118 萬元，合併凍結 300 萬元，俟環境部資源循環署就下列各案向立法院社會福利及衛生環境委員會提出書面報告後，始得動支。",,,,,,,,12112|12111|12107|12115|12113|12109|12110|12108,,115,資源循環署,環境部,2026/5/20,涂權吉|邱鎮軍|黃秀芳|楊曜,黃秀芳|劉建國|楊曜|王正旭|陳菁徽|蘇清泉|王育敏|邱慧洳,5619,,,科技發展,,,321180000,2026-06-13T14:59:36.472Z
12107,凍結,通過,,3000000,"115年度環境部資源循環署「科技發展」預算編列3億2,118萬元。經查科技發展項下編列建立再生料資料庫及認證制度相關經費。然而外界對於資料庫中的供應商資訊、再生產品規格及第三方驗證資料若未及時更新，可能導致查詢到的再生料來源與品質與現狀不符。並且驗證資料可能存在缺漏，部分供應商可能尚未完成第三方驗證（如UL2809或ISO14021），導致其資料在資料庫中不完整，無法滿足客戶的合規需求。另有部分反映介面查詢困難，對於不同材質、用途的彙整資訊，若查詢條件設定過於複雜，使用者可能難以精確找到所需的再生料資訊等情形，實有改進之處，爰針對該項預算凍結300萬元，俟環境部資源循環署於6個月內向立法院社會福利及衛生環境委員會提出書面報告後，始得動支。【184】",,,,,,,,,12106,115,資源循環署,環境部,2026/5/20,黃秀芳,楊曜|王正旭,5619,,,科技發展,,,321180000,2026-06-13T14:59:36.472Z
12108,凍結,通過,,3000000,"115年度環境部資源循環署預算案於第1目「科技發展」研析國內外醫療器材資源循環再使用品項材質，發掘醫材再使用潛力，減少醫療廢棄物焚化處理量，降低醫療碳足跡。經查國內醫療廢棄物再利用率僅約11%至14%，遠低於整體事業廢棄物之87%，且本項計畫僅編列1年，應具體說明如何達成綠色醫療政策目標，爰針對115年度環境部資源循環署「科技發展」預算編列3億2,118萬元，凍結300萬元，俟環境部資源循環署於2個月內向立法院社會福利及衛生環境委員會提出「醫療廢棄物源頭減量與高值化循環具體措施及KPI書面報告」後，始得動支。【185】",,,,,,,,,12106,115,資源循環署,環境部,2026/5/20,邱鎮軍,王育敏|邱慧洳,5619,,,科技發展,,,321180000,2026-06-13T14:59:36.472Z
12109,凍結,通過,,3000000,"審計部中央政府總決算審核報告指出，為符合國際循環經濟趨勢及減少溫室氣體排放量，針對醫療院所應持續推動生物醫療廢棄物再利用，但多數醫院仍將可再利用之生物醫療廢棄物以焚化方式處理，而據環境部資源循環署相關工作計畫指出，「研析國內外醫療器材資源循環再使用品項材質，發掘醫材再使用潛力，減少醫療廢棄物焚化處理量，降低醫療碳足跡」，故環境部資源循環署應積極協助衛生福利部，協助醫療機構解決窒礙難行之處，以利減少溫室氣體排放量，降低溫室氣體對環境之危害，爰針對115年度環境部資源循環署「科技發展」預算編列3億2,118萬元，凍結300萬元，待環境部資源循環署2個月內提交書面報告至立法院社會福利及衛生環境委員會後始得動支。【188】",,,,,,,,,12106,115,資源循環署,環境部,2026/5/20,楊曜,黃秀芳|劉建國,5620,,,研析國內外醫療器材資源循環再使用品項材質，發掘醫材再使用潛力，減少醫療廢棄物焚化處理量，降低醫療碳足跡,科技發展,,321180000,2026-06-13T14:59:36.472Z
12110,凍結,通過,,3000000,"115年度環境部資源循環署「科技發展」預算編列3億2,118萬元。針對「運用智慧化技術建立事業廢棄物流向預警模式，並結合地方環保機關查核進行驗證，以提升事業廢棄物申報資料品質」一案，業務費編列新臺幣968萬元。惟近期仍發生多起事業廢棄物非法棄置案件，顯示現行流向管理及預警機制仍有不足。以近期臺中地檢署偵破之案件為例，不法集團涉嫌橫跨12縣市非法棄置廢棄物，並將犯罪觸角伸入陸軍十軍團營區、高美濕地等生態敏感區及國有河川地，棄置廢土及事業廢棄物逾9萬噸。其犯罪模式係鎖定偏僻國有土地，長期且集團性地形成「產源、非法轉運站、土尾棄置」之一條龍犯罪鏈，嚴重危害國土環境與公共利益。由此可見，我國事業廢棄物流向管理仍難即時掌握異常申報、非法轉運及最終棄置等風險節點。環境部既已編列預算推動智慧化預警模式，即應加速建置並強化跨縣市資料串接、異常流向辨識、熱區預警及地方查核回饋機制，避免系統停留於資料申報管理，卻無法有效攔截實際非法棄置行為。爰此，請環境部儘速提出事業廢棄物流向預警模式之建置期程、驗證方式及預期成效，並針對近期重大非法棄置案件檢討現行制度漏洞，以強化事業廢棄物全流程追蹤管理，提升查緝效率，防止類似案件一再發生。爰凍結該項預算300萬元，俟環境部資源循環署向立法院社會福利及衛生環境委員會提出書面報告後，始得動支。【189】",,,,,,,,,12106,115,資源循環署,環境部,2026/5/20,邱鎮軍|陳菁徽|邱慧洳,,5619,,,科技發展,,,321180000,2026-06-13T14:59:36.472Z
12111,凍結,通過,,3000000,"115年度環境部資源循環署「科技發展」預算編列3億2,118萬元。為健全資源循環政策之公私對話機制，環境部資源循環署規劃成立8+N資源循環聯盟，藉以與產業界建立溝通橋梁並協助業界進行資源再循環與有效利用，最終以強化我國靜脈產業循環並構建一定循環經濟規模為目標。惟8+N資源循環聯盟成立至今，該資源循環聯盟皆係由聯盟召集人及成員主動召開定期會議或工作坊，若僅仰仗聯盟召集人召開與產業之座談，尚難達到政府、產業、公協會三方之對話目標，亦難以促成政令宣導或政策發想。若以強化我國靜脈產業循環並構建一定循環經濟規模為目標，則應針對關鍵稀貴金屬建立再利用之聯盟類別。然目前環境部資源循環署仍未積極召集相關回收產業及具有提煉稀貴金屬之業者加入聯盟，或成立有關鍵戰略金屬循環再利用之聯盟。檢視該聯盟名單雖高達8領域，但加入8+N資源循環聯盟且具備關鍵金屬回收技術之產業仍為少數，故環境部資源循環署應積極至業界宣導，且應提供足夠政策誘因或協助，以提高產業加入意願；並應儘速籌組與關鍵稀貴金屬構建循環再利用領域相關之資源循環聯盟，藉由公私協力之方式，促進我國國內之關鍵稀貴金屬再循環，爰凍結該項預算300萬元，俟環境部資源循環署於3個月內向立法院社會福利及衛生環境委員會提出書面報告，始得動支。【190】",,,,,,,,,12106,115,資源循環署,環境部,2026/5/20,涂權吉,陳菁徽|蘇清泉,5619,,,科技發展,,,321180000,2026-06-13T14:59:36.472Z
12112,凍結,通過,,3000000,"資源循環署115年度預算案於「科技發展」計畫之「淨零排放科技」分支計畫編列2億0,998萬元辦理「淨零排放科技-資源循環綠色設計計畫（115至118年）」，用以推動創新商業模式、源頭減量及綠色設計技術，並重點落實示範場域驗證，加速達成資源循環零廢棄及淨零排放等工作。然根據環境部提供之資料，該計畫須於115年度結合各機關，如經濟部需負責「負責物流循環資材發展」；農業部需負責「推動植物纖維加值應用、植物性生物質再利用、動物性生物質再利用」；內政部需負責「營建剩餘土石方及營建混合物資源循環再生」等等，惟預算書中全無相關橫向聯繫機制之設計與說明，鑑於本計畫涉及執行機關及子計畫眾多，為免因各機關職掌及目標之不同而影響執行成效，環境部資源循環署允加強跨部會之協調合作機制，並落實執行成效控管，俾利本計畫目標之達成，爰針對115年度環境部資源循環署「科技發展」預算編列3億2,118萬元，凍結300萬元，待環境部資源循環署向立法院社會福利及衛生環境委員會提出書面報告後始得動支。【193】",,,,,,,,,12106,115,資源循環署,環境部,2026/5/20,邱鎮軍|陳菁徽|邱慧洳,,5621,,,科技發展,淨零排放科技,淨零排放科技-資源循環綠色設計計畫（115至118年）,209980000,2026-06-13T14:59:36.472Z
12113,凍結,通過,,3000000,"115年度環境部資源循環署「科技發展」預算編列3億2,118萬元。該計畫目標包含推動創新商業模式及綠色設計，惟其中「建立再生料資料庫」等工項與既有科技計畫似有重疊之虞。為避免資源重複投入，爰凍結該項預算300萬元，俟環境部資源循環署於1個月內向立法院社會福利及衛生環境委員會提出「綠色設計計畫與現有資源循環減碳計畫之差異性及資源整合評估書面報告」後，始得動支。【194】",,,,,,,,,12106,115,資源循環署,環境部,2026/5/20,邱鎮軍,王育敏|邱慧洳,5619,,,科技發展,,,321180000,2026-06-13T14:59:36.472Z
12115,凍結,通過,,3000000,"115年度環境部資源循環署預算案於第1目「科技發展」項下「淨零排放科技」中1.推動資源循環減碳技術及循環物料管理平台等工作。2.推動創新商業模式、源頭減量及綠色設計技術，並重點落實示範場域驗證，加速達成資源循環零廢棄及淨零排放等工作，編列預算2億5,881萬4千元。有鑑於立法院預算中心多次指出環境部主管委辦費占比居中央政府首位，113年度更高達94%。為強化自主研發能量，避免核心業務過度委外，爰針對115年度環境部資源循環署「科技發展」預算編列3億2,118萬元，凍結300萬元，俟環境部資源循環署於1個月內向立法院社會福利及衛生環境委員會提出「委辦計畫核心業務自辦比例提升計畫書面報告」後，始得動支。【196】",,,,,,,,,12106,115,資源循環署,環境部,2026/5/20,邱鎮軍|邱慧洳,王育敏,5619,,,科技發展,,,321180000,2026-06-13T14:59:36.472Z
12116,凍結,通過,,8000000,"115年度環境部資源循環署「科技發展」項下「淨零排放科技」之「業務費」預算編列2億5,993萬元。環境部所屬資源循環署於115年度編列「資源循環減碳技術計畫」約1億1,100萬元，以及「資源循環綠色設計計畫」約2億1,000萬元（另含環境部及國家環境研究院相關經費合計約2億2,400萬元），兩項計畫總額龐大。然就計畫內容觀之，均涉及物質流追蹤、源頭減量、綠色設計、產業鏈串聯及循環利用等事項，辦理目標與推動手段高度重疊，計畫界線未臻明確，顯有重複編列之疑慮。立法院於審查114年度預算時即曾指出類似問題，惟迄今未見具體整併或調整作為，顯示計畫盤整不足。另就執行成效而言，相關計畫多以技術發展、模式推廣及制度建構為主，缺乏具體且可驗證之減碳效益及經濟效益指標，難以檢視實際成果，亦不利於後續政策評估。在淨零轉型政策推動下，若未建立明確成效衡量機制，恐使相關計畫流於帳面數據堆疊，形成資源分散與效益不彰之情形。於計畫內容高度重疊且成效未明之情形下，相關預算編列合理性及整體配置顯有檢討必要。爰凍結該項預算800萬元，俟環境部資源循環署於3個月內向立法院社會福利及衛生環境委員會提出書面報告後，始得動支。【195】",,,,,,,,,,115,資源循環署,環境部,2026/5/20,邱慧洳,邱鎮軍|陳菁徽,5552,,,科技發展,淨零排放科技,業務費,143705000,2026-06-13T14:59:36.472Z
12117,凍結,通過,,1000000,"115年度環境部資源循環署於「科技發展」預算大幅增加3,000萬元之必要性實有檢討之空間，另考量該計畫目的係補助民間團體與企業進行創新研發，惟該補助計畫並未制訂「補助退場與成效追蹤機制」，實難以針對環境部資源循環署之補助成效予以追蹤，爰針對115年度環境部資源循環署於「科技發展」預算編列3億2,118萬元，凍結100萬元，俟環境部資源循環署於向立法院社會福利及衛生環境委員會提出書面報告後，始得動支。【198】",,,,,,,,,,115,資源循環署,環境部,2026/5/20,蘇清泉|王育敏,廖偉翔,5624,,,科技發展,補助退場與成效追蹤機制,科技發展,321180000,2026-06-13T14:59:36.472Z
12118,凍結,通過,,5000000,"114年為防堵非洲豬瘟，中央大幅限縮廚餘養豬去化量能，每日數千噸廚餘轉由焚化廠及掩埋方式處置。廚餘含水率高達約80%，焚化時形同「燒開水」，導致焚化爐爐溫下降、發電效率減損、設備耗損加速，並增加戴奧辛等污染物生成風險，與我國2050淨零排放承諾及資源循環零廢棄戰略顯有落差。我國目前對於廚餘統計僅有末端回收重量，缺乏供應鏈各環節之細部數據，亦未能區分「原本可食用卻被丟棄」之比例。對比歐盟Fusions計畫與量化手冊，其明確區分「食物損失（Food Loss）」與「食物浪費（Food Waste）」，並針對「生產、加工、批發、零售、餐飲及家庭」六大階段進行精準盤查。若無精確盤查數據，所謂減量目標將淪為空談。環境部目前政策仍偏重於末端處理設施（如堆肥、生質能）之擴建，缺乏源頭預防與再分配（如食物捐贈）之有效工具；「資源循環零廢棄關鍵戰略行動計畫」、廚餘再利用政策及「廢棄物清理法」下廢棄物分類規範雖由環境部資源循環署主政，惟環境部資源循環署於115年度並未針對廚餘禁用養豬後之新情境重新建立源頭減量政策框架。爰針對115年度環境部資源循環署「資源循環及廢棄物管理」預算編列4億6,834萬2千元，凍結500萬元，待環境部資源循環署參考歐盟Fusions規範，研擬「臺灣食物浪費全供應鏈（生產/加工/批發/零售/餐飲/家庭）減量指引」及如何區分食物損失與廢棄物之統計精進方案，並向立法院社會福利及衛生環境委員會提出書面報告後，始得動支。【201】",,,,,,,,,,115,資源循環署,環境部,2026/5/20,林淑芬,黃秀芳|賴惠員|林月琴|王正旭,5618,,,資源循環及廢棄物管理,,,4140000,2026-06-13T14:59:36.472Z
12119,凍結,通過,,4200000,"115年度環境部資源循環署「資源循環及廢棄物管理」預算編列4億6,834萬2千元。現行光電板回收制度於財務設計上顯有嚴重失衡。依現行費率每瓩僅收取新臺幣1千元，預估至134年累計收入僅約173億元，然實際處理成本高達397億元，財務缺口逾200億元，已屬結構性入不敷出。且依制度設計，回收清除處理費係依業者申報之營業量計算，然實務上申報量與實際回收量長期存在落差，致收入基礎低估、支出持續擴張，資源回收基金恐持續虧損甚至侵蝕其他回收項目財務穩定，制度本身已難以維持永續運作。復就政策配套而言，主管機關雖多次承諾檢討費率並推動修法，將光電板納入應回收體系以建立完整責任鏈，然迄今費率未調、修法進度延宕，相關制度仍停留於規劃與宣示階段，未見具體落實。另水面型光電設施長期未納入完整環評與防災應變機制，致極端氣候下屢生大規模毀損並衍生環境風險，顯示整體政策於財務規劃、法制建構及風險管理上均欠缺前瞻性與整合性，執行進度與承諾內容嚴重落差，難以支撐再生能源發展所衍生之長期環境責任。爰凍結該項預算420萬元，俟環境部資源循環署於3個月內向立法院社會福利及衛生環境委員會提出書面報告後，始得動支。【202】",,,,,,,,,,115,資源循環署,環境部,2026/5/20,邱慧洳,邱鎮軍|陳菁徽,5618,,,資源循環及廢棄物管理,,,4140000,2026-06-13T14:59:36.472Z
12121,凍結,通過,,5000000,"據環境統計查詢網之資料，113年全國一般廢棄物回收率為58.4%，但全國共計有13個縣市的一般廢棄物回收率，低於全國平均，以各縣市分別來看，最高為金門縣74.7%，又離島3縣市中，最低為澎湖縣為54.1%，離島縣市所遭遇問題困境大多相似，但一般廢棄物回收率卻是大相逕庭，顯示全國資源循環政策仍有精進之處，故針對115年度環境部資源循環署「資源循環及廢棄物管理」項下「資源循環管理」預算編列3億5,727萬9千元，凍結500萬元，待環境部資源循環署提交書面報告至立法院社會福利及衛生環境委員會，始得動支。【206】",,,,,,,,,12122,115,資源循環署,環境部,2026/5/20,楊曜,黃秀芳|劉建國,5626,,,資源循環及廢棄物管理,資源循環管理,,357279000,2026-06-13T14:59:36.472Z
12122,凍結,通過,,5000000,"115 年度環境部資源循環署「資源循環及廢棄物管理」項下「資源循環管理」預算編列 3 億 5,727 萬 9 千元，合併凍結 500 萬元，俟環境部資源循環署就下列各案向立法院社會福利及衛生環境委員會提出書面報告後，始得動支。",,,,,,,,12121|12123|12124,,115,資源循環署,環境部,2026/5/20,邱鎮軍|楊曜|陳瑩,黃秀芳|劉建國|林月琴|王正旭|王育敏|邱慧洳,5626,,,資源循環及廢棄物管理,資源循環管理,,357279000,2026-06-13T14:59:36.472Z
12123,凍結,通過,,5000000,"鑑於光電板的回收，應鼓勵國外有更先進的技術想要來臺灣投資；然而，實務上要先取得廢棄物處理場的資格。而廢棄物處理的是沒有價值或是低價值的一般廢棄物，這等於是限制了先進技術可以直接高端回收高價值資源的途徑！環境部升格以後，在資源循環及環境管理方面，應反映實務需求修訂法令，避免繼續延用行政院環境保護署時代訂定的法令及思維。且回收後，應考慮免費或者補助臺東的漁船或觀光休閒娛樂船，加裝使用回收的光電板，讓這些船可以獲得更多電力的資源，轉化動力減少燒油產出的廢氣，亦即資源循環產業可以主動扶持很多地方產業的發展，環境部已承諾將了解回收的技術跟回收產品的應用，針對可以幫助地方產業發展的回收業者，思考給予支持跟鼓勵。惟至今仍未見提出具體規劃之報告。爰針對115年度環境部資源循環署「資源循環及廢棄物管理」項下「資源循環管理」預算編列3億5,727萬9千元，凍結500萬元，待提出如何落實光電板及3C電子產品回收及應用具體規劃後，始得動支。【210】",,,,,,,,,12122,115,資源循環署,環境部,2026/5/20,陳瑩,林月琴|王正旭,5626,,,資源循環及廢棄物管理,資源循環管理,,357279000,2026-06-13T14:59:36.472Z
12124,凍結,通過,,5000000,"115年度環境部資源循環署「資源循環及廢棄物管理」項下「資源循環管理」預算編列3億5,727萬9千元。查我國一般廢棄物產生量持續上升，111年達1,123萬8,700萬公噸，顯示源頭減量成效有限。為精進減塑政策，爰針對是項預算凍結500萬元，俟環境部資源循環署於1個月內向立法院社會福利及衛生環境委員會提出「2030、2035年減塑具體階段目標與市場減塑輔導精進書面報告」後，始得動支。【216】",,,,,,,,,12122,115,資源循環署,環境部,2026/5/20,邱鎮軍,王育敏|邱慧洳,5626,,,資源循環及廢棄物管理,資源循環管理,,357279000,2026-06-13T14:59:36.472Z
12125,凍結,通過,,8000000,"115年度環境部資源循環署「資源循環及廢棄物管理」項下「資源循環管理」預算編列3億5,727萬9千元。面對廢棄物處理需求與資源循環議題，環境部資源循環署推動「廢棄物燃料化」政策，將非有害適燃性固體廢棄物轉化為固體再生燃料(Solid recovered fuel, SRF)。SRF料源成分複雜，倘若有營建廢塑膠、廢木材等氯含量高的廢棄物混入其中，恐造成造成環境危害。目前環保團體與社會大眾憂心恐有戴奧辛及重金屬污染疑慮。另據環境部委託中央研究院的「細懸浮微粒（PM2.5）化學成分監測與分析計畫」，指出煙道排放DEHP （塑化劑的一種）的濃度出現也同樣可能對人體造成危害，需進一步了解是否與SRF的使用有關。SRF製造廠及使用廠之監管機制仍顯疏漏，爰凍結該項預算800萬元，俟環境部資源循環署針對源頭料源管理、針對燃燒排放建立標準及監測制度，於2個月內向立法院社會福利及衛生環境委員會提出書面報告後，始得動支。【208】",,,,,,,,,,115,資源循環署,環境部,2026/5/20,邱慧洳,邱鎮軍|陳菁徽,5626,,,資源循環及廢棄物管理,資源循環管理,,357279000,2026-06-13T14:59:36.472Z
12126,凍結,通過,,5000000,"環境部化學物質管理署早於109至110年間即導入「航遙測、高光譜影像與衛星資料」技術，並整合AI機器學習，建置全台屋頂石綿瓦空間分布推估資料庫。惟查，環境部空有先進遙測技術與資料庫，卻未能在災後第一黃金時間將其應用於「災後動態評估」；目前對於災區石綿廢棄物之掌握，仍多仰賴傳統人力目視或被動通報，未介接環境部資源循環署補助申請流程及環境部環境管理署災後清除執行，形成「有資料而未運用」之政策斷層。此一斷層導致無法即時標定石綿破損熱區，亦難以規劃優先清理順序，徒增第一線清理人員與周邊民眾暴露於高濃度石綿纖維之風險。其次，參酌日本環境省針對災害廢棄物中石綿之規範，其嚴格區分飛散性風險：具飛散性者（噴塗材、保溫材等 Level 1、Level 2建材）須進入中間處理場進行「熔融無害化」或送至高規格之「管理型處分場」掩埋；非飛散性者（成型板等Level 3建材）始得送至「安定型最終處分場」。並針對「地震倒塌」與「海嘯/水災」等不同情境，訂定差異化之撤除與處置標準。反觀我國現行石綿廢棄物以固化掩埋為主，既不能根治、掩埋場容量復日益吃緊，亦未比照日本建立飛散性分級與差異化處置流程。爰針對115年度環境部資源循環署「資源循環及廢棄物管理」預算編列4億6,834萬2千元，凍結500萬元，待環境部研擬並提出「災後石綿廢棄物智慧監測與應變作業程序」，並參考日本規範建立分類處置流程，並向立法院社會福利及衛生環境委員會提出書面報告後，始得動支。【209】",,,,,,,,,,115,資源循環署,環境部,2026/5/20,林淑芬,黃秀芳|賴惠員|林月琴|王正旭,5618,,,資源循環及廢棄物管理,,,4140000,2026-06-13T14:59:36.472Z
12127,凍結,通過,,100000,"115年度環境部資源循環署「資源循環及廢棄物管理」項下「資源循環管理」之擴大推動源頭減量減塑及產品自主循環再製示範，辦理強化一次用產品減量及限塑、擬定循環採購目標與推動示範計畫及宣導工作等，預算編列7,900萬元。根據RE-THINK重新思考環境教育協會、全家便利商店與國立臺灣師範大學永續管理與環境教育研究所調查指出，雖然多數民眾高度支持便利商店的環保行動（滿分5分，態度平均4.53分），但自帶環保杯（3.91分）與借用循環杯（1.91分）相對推廣不易，主要障礙來自「忘記攜帶」、「不便使用」及「衛生與信任疑慮」。環境部資源循環署允宜加強推廣。爰針對是項預算凍結10萬元，俟環境部資源循環署於2個月內向立法院社會福利及衛生環境委員會提出書面報告，始得動支。【215】",,,,,,,,,,115,資源循環署,環境部,2026/5/20,伍麗華|林月琴,黃秀芳|王正旭,5626,,,資源循環及廢棄物管理,資源循環管理,,357279000,2026-06-13T14:59:36.472Z
12128,凍結,通過,,3000000,"高雄山區廢棄物濫倒案件層出不窮，115年初旗山馬頭山遭人傾倒鋁渣及飛灰等事業廢棄物之後，花旗山莊大馬路旁及財政部國有財產署土地又出現營造、家庭廢棄物。旗山、內門及田寮接轄處人煙稀少，常被人偷倒廢棄物。115年1月距離花旗山莊不遠處的麗湖入口被不肖之徒非法堆置2,800多公噸事業廢棄物，事後高雄市政府環境保護局代清運並求償。近日居民發現，花旗山莊周邊道路及邊坡又出現家庭垃圾及營造廢棄物，部分垃圾已存在一段時日。環保局今天獲報後立即派人清理。此一現象顯示，地方政府對於事業廢棄物偷倒疲於奔命、左支右絀；僅能事後調閱附近監視器，嚴查不法。對於不法業者無法有效嚇阻！環境部資源循環署負責減量回收及資源循環推動計畫實施多年，亦編列打造永續地方共好創生計畫，對於廢棄物濫倒行為似乎未見具體成效。爰針對115年度環境部資源循環署「資源循環及廢棄物管理」項下「廢棄物管理」預算編列4,687萬1千元，凍結300萬元，俟環境部資源循環署向立法院社會福利及衛生環境委員會提出如何會同環境部環境管理署協助地方政府遏止廢棄物濫倒具體措施後，始得動支。【220】",,,,,,,,,,115,資源循環署,環境部,2026/5/20,陳瑩,林月琴|王正旭,5628,,,資源循環及廢棄物管理,廢棄物管理,,46871000,2026-06-13T14:59:36.472Z
12129,凍結,通過,,1000000,"115年度環境部資源循環署「資源循環及廢棄物管理」項下「廢棄物管理」預算編列4,687萬1千元。鑑於我國每年產生超過2,000萬噸事業廢棄物，其中製造業為最大來源，占比逾五成。以產業別觀察，基本金屬製造業，如鋼鐵業，占25.24%，為最大宗來源；其次分別為化學材料製造業6.79%、電子零組件製造業6.41%、石油及煤製品製造業5.77%，以及非金屬礦物製造業5.65%。此外，營建工程、能源與公用事業等亦各占一定比例，顯示我國事業廢棄物來源高度集中於工業、營建及基礎產業。再者，營建剩餘土石方體量更為龐大。依內政部統計，我國每年產出約4,200萬立方公尺營建剩餘土石方，換算約6,900萬噸，已遠高於一般事業廢棄物總量。面對如此龐大的物料流動，現行廢棄物治理制度已浮現多項結構性問題。首先，統計及管理體系過於分散。目前事業廢棄物、營建剩餘土石方及水利清淤土砂，分屬不同主管機關及管理系統，形成多套平行制度，缺乏整合性資料平台與一致性流向管理，導致政府難以掌握全國實際物料總量、去化容量及區域供需情形，進而影響政策判斷及資源調度。其次，「假資源、真廢棄物」現象仍待解決。在資源循環政策推動下，部分物料雖名義上轉為再生資源或可再利用物料，惟實際上欠缺明確品質標準、用途規範及穩定去化市場，導致部分物料最終仍流向掩埋、堆置，甚至非法棄置，反而增加環境治理風險。第三，物料流向仍不夠透明。部分事業廢棄物、再利用物料及營建土石方在運輸、暫置、再利用及最終去化過程中，仍可能出現流向斷鏈、申報不實或跨區非法棄置等問題，不僅削弱主管機關監管效能，也增加地方政府查核負擔與環境污染風險。爰此，環境部應建立更明確且完整之資源化法制體系，透過「白名單制度」明確界定可再利用材料，並針對不同物料訂定品質標準、適用用途、檢驗程序及流向管理規範，以降低產業使用風險，提升市場信任，避免資源化成為規避廢棄物管理責任之漏洞。並且積極擴大合法且穩定之去化管道最後針對區域供需不均跨縣市流向管理問題，應建立跨區淤資源調度機制。爰針對是項預算凍結100萬元，俟環境部資源循環署於1個月內向立法院社會福利及衛生環境委員會提出書面報告後，始得動支。【222】",,,,,,,,,,115,資源循環署,環境部,2026/5/20,陳菁徽,邱鎮軍|邱慧洳,5628,,,資源循環及廢棄物管理,廢棄物管理,,46871000,2026-06-13T14:59:36.472Z
12130,凍結,通過,,2000000,"115 年度環境部資源循環署「資源循環及廢棄物管理」項下「廢棄物管理」之「業務費」預算編列 4,440 萬 8 千元，合併凍結 200 萬元，俟環境部資源循環署向立法院社會福利及環境衛生委員會提出書面報告後，始得動支。",,,,,,,,12132|12133|12134|12131,,115,資源循環署,環境部,2026/5/20,楊曜|王正旭|邱慧洳,邱鎮軍|黃秀芳|劉建國|林月琴|陳菁徽,5629,,,資源循環及廢棄物管理,廢棄物管理,業務費,44408000,2026-06-13T14:59:36.472Z
12131,凍結,通過,,2000000,"查醫院的一般事業廢棄物再利用率僅9%，比整體一般事業廢棄物87%及經濟部所管一般事業廢棄物90%再利用率來的低，雖然醫療廢棄物的事業主管機關是衛生福利部，但環境部身為廢棄物的中央主管機關卻沒有對於醫療廢棄物有相對的政策，這是否有助於臺灣於2050達成淨零排放的政策，不無疑義。爰針對115年度環境部資源循環署「資源循環及廢棄物管理」項下「廢棄物管理」之「業務費」預算編列4,440萬8千元，凍結200萬元，俟環境部資源循環署研議如何協助衛生福利部及醫院制定相關政策來提高醫療廢棄物再利用，並向立法院社會福利及環境衛生委員會提出書面報告後，始得動支。【224】",,,,,,,,,12130,115,資源循環署,環境部,2026/5/20,王正旭,黃秀芳|林月琴,5629,,,資源循環及廢棄物管理,廢棄物管理,業務費,44408000,2026-06-13T14:59:36.472Z
12132,凍結,通過,,2000000,"115年度環境部資源循環署「資源循環及廢棄物管理」項下「廢棄物管理」之「業務費」預算編列4,440萬8千元。政府預定於2027年全面禁止廚餘養豬，然相關去化與資源化量能顯未同步建置。現行全臺每日尚有約500噸廚餘處理缺口，致大量廚餘轉入焚化體系，不僅背離資源循環政策目標，亦引發戴奧辛等污染風險疑慮，顯示政策推動與基礎設施建置不同步，配套明顯不足。另因政策變動與行政指示未臻明確，已造成清運市場秩序失衡。依地方業者及社區反映，部分縣市實務執行上出現限縮清運資格之解釋，導致原可承攬之丙級業者退出或轉趨保守承接，使整體清運量能下降。實際上已有社區大樓與團膳業者反映清運費用顯著上漲，部分地區甚至出現由非專業清運車輛（如校園餐車）兼載廚餘之情形，反映制度執行與市場實況脫節。顯見主管機關於制度設計與執行指引上未臻周延，導致成本轉嫁與管理失序，相關政策及預算執行成效有待檢討。爰針對是項預算凍結200萬元，俟環境部資源循環署於3個月內向立法院社會福利及衛生環境委員會提出書面報告後，始得動支。【225】",,,,,,,,,12130,115,資源循環署,環境部,2026/5/20,邱慧洳,邱鎮軍|陳菁徽,5629,,,資源循環及廢棄物管理,廢棄物管理,業務費,44408000,2026-06-13T14:59:36.472Z
12133,凍結,通過,,2000000,"環境部近年推動將廢棄物製成固體再生燃料SRF，但審計部中央政府總決算審核報告指出，分選打包垃圾大多未作成固體再生燃料，仍暫置於掩埋場，顯示在廢棄物燃料化策略上仍有精進之處，爰針對115年度環境部資源循環署「資源循環及廢棄物管理」項下「廢棄物管理」之「業務費」預算編列4,440萬8千元，凍結200萬元，俟環境部資源循環署提交書面報告至立法院社會福利及衛生環境委員會後始得動支。【228】",,,,,,,,,12130,115,資源循環署,環境部,2026/5/20,楊曜,黃秀芳|劉建國,5629,,,資源循環及廢棄物管理,廢棄物管理,業務費,44408000,2026-06-13T14:59:36.472Z
12134,凍結,通過,,2000000,"經查環境部資源循環署自112年起推動「廢FRP漁船入水泥窯循環利用試驗計畫」，期藉由水泥窯協同處理技術，評估後續大規模處理模式。惟該計畫推動迄今已逾3年，尚未完成具體成果，整體進度顯屬緩慢，對於提升國內廢FRP漁船去化量能之實質助益有限。環境部資源循環署雖表示將持續協助試驗業者辦理操作許可變更，並協調具備水泥窯設施之業者參與處理作業，推動再利用許可申請及相關試驗驗證，惟相關措施仍停留於規劃與協調階段，尚未建立穩定且可擴充之處理體系，與強化循環利用之政策目標尚有明顯落差。爰針對115年度環境部資源循環署「資源循環及廢棄物管理」項下「廢棄物管理」之「業務費」預算編列4,440萬8千元，凍結200萬元，俟環境部資源循環署就國內廢FRP漁船之去化量能、再利用量能及具體推動期程提出完整規劃，並向立法院社會福利及環境衛生委員會提出書面報告後，始得動支。【232】",,,,,,,,,12130,115,資源循環署,環境部,2026/5/20,王正旭,黃秀芳|林月琴,5629,,,資源循環及廢棄物管理,廢棄物管理,業務費,44408000,2026-06-13T14:59:36.472Z
12135,凍結,通過,,1000000,"115年度環境部資源循環署「資源循環及廢棄物管理」項下「循環處理」預算編列6,419萬2千元。環境部以2024年為基準年，設定2030年一次性石化塑膠產品減量5%、2035年減量10%之目標，並建立「6項管理品項、6大推動場域」核心架構。惟現行政策僅訂有總量減量率，六大品項尚未各自訂定基準量與年度減量值，六大優先推動場域之分工與進度責任亦未公開，致使長期目標缺乏可監督之中繼績效指標，2030、2035年目標恐流於宣示而難以落實。爰請環境部就六大品項之各別基準量與年度減量值、六大優先推動場域之分工與進度提出中繼績效指標，並在擬定我國塑膠循環行動策略時，參酌聯合國及各國塑膠循環政策，與國際規範接軌。請環境部於3個月內提出相關政策規劃的書面報告。爰凍結是項預算100萬元，俟環境部資源循環署於3個月內向立法院社會福利及衛生環境委員會提出書面報告後，始得動支【230】",,,,,,,,,,115,資源循環署,環境部,2026/5/20,林月琴,林淑芬|黃秀芳|王正旭,5616,,,資源循環及廢棄物管理,循環處理,,64192000,2026-06-13T14:59:36.472Z
12136,凍結,通過,,500000,"115年度環境部資源循環署「資源循環及廢棄物管理」項下「循環處理」預算編列6,419萬2千元。環境部資源循環署115年度預算案於「資源循環及廢棄物管理」計畫之「循環處理」分支計畫編列1,460萬元，用以推動直轄市籌組跨局處推動平台以進行列管，也以一般性補助款之「一般性環境保護補助一資源循環署」科目編列5,240萬元，用以補助地方政府環保局應依流向管理新制負責營建廢棄物分類後土石方類產品最終運送地點追蹤等所需，期促進目的事業處理場所設置及跨局處整合稽查資源，然根據環境部資源循環署規劃，該計畫促進目的事業處理，所設置的跨局處整合稽查資源等需加以列管事項，預計要全數委外辦理，恐難謂妥適，爰針對是項預算凍結50萬元，俟環境部資源循環署向立法院社會福利及衛生環境委員會提出書面報告後，始得動支。【231】",,,,,,,,,,115,資源循環署,環境部,2026/5/20,邱鎮軍|陳菁徽|邱慧洳,,5616,,,資源循環及廢棄物管理,循環處理,,64192000,2026-06-13T14:59:36.472Z
12137,主決議,通過,,,115年度環境部資源循環署預算案於第1目「科技發展」項下「淨零排放科技」中「業務費」-廢車粉碎殘餘物ASR(ASRDF)應用能資源化設施去化計畫，編列預算600萬元。考量SRF（固體再生燃料）管理爭議不斷，地方團體對ASR試燒仍存污染疑慮。為落實環境安全，請環境部資源循環署於1個月內向立法院社會福利及衛生環境委員會提出「ASR能源化之排放標準比照國際最嚴格規範評估書面報告」。【186】,,,,,,,,,,115,資源循環署,環境部,2026/5/20,邱鎮軍,王育敏|邱慧洳,5552,,,科技發展,淨零排放科技,業務費,143705000,2026-06-13T14:59:36.472Z
12138,主決議,通過,,,"115年度環境部資源循環署預算案於第1目「科技發展」編列預算3億2,118萬元。一、行政院宣布116年起全面禁止廚餘養豬，廚餘每日去化管道面臨縮減。環境部雖規劃3年內以黑水虻、生質能、高效堆肥3條路線取代，將處理量能提升至近兩倍，惟3條路線均面臨實質挑戰：黑水虻選址因異味引發居民抗議、生質能廠全國設址困難且維運成本高、高效堆肥則有菌種培養門檻與違法棄置前例等問題，能否於116年禁令上路前如期完成量能建置，外界存有疑慮。二、現行廚餘去化政策以技術研發與示範場域為主要著力點，然技術落地至實際量能建置之間，仍缺乏完整的銜接規劃。各縣市廚餘處理量能差異顯著，中央對於地方的輔導與資源分配機制亦尚待明確，整體政策推動架構有待強化。三、爰請環境部就禁止廚餘養豬後之整體廚餘去化政策提出完整規劃，包含3條替代路線之量能達標期程、中央輔導地方之配套機制，以及116年前之整體銜接方案。請環境部於3個月內提出書面報告。【191】",,,,,,,,,,115,資源循環署,環境部,2026/5/20,林月琴,黃秀芳|王正旭,5619,,,科技發展,,,321180000,2026-06-13T14:59:36.472Z
12139,主決議,通過,,,"115年度環境部資源循環署預算案於第1目「科技發展」項下「淨零排放科技」中「業務費」研擬提升產品循環永續性策略及誘因，推動紡織品資源循環利用技術，建置我國產品數位護照系統及試行，編列預算1,864萬元。經查永續時尚聯盟廠商加入成效不佳，且缺乏實質誘因，為確保科技預算轉化為具體產值，請環境部資源循環署於1個月內向立法院社會福利及衛生環境委員會提出「紡織品循環技術落地轉型及品牌參與率提升方案書面報告」。【192】",,,,,,,,,,115,資源循環署,環境部,2026/5/20,邱鎮軍,王育敏|邱慧洳,5552,,,科技發展,淨零排放科技,業務費,143705000,2026-06-13T14:59:36.472Z
12140,主決議,通過,,,"115年度環境部資源循環署預算案於第1目「科技發展」項下「淨零排放科技」中「業務費」之「委辦費」編列預算2億5,881萬4千元。鑑於原住民族地區地處偏遠，交通條件受限，垃圾清運不易，致生活廢棄物易有長期堆積情形，影響環境衛生與居民生活品質；又原鄉地區普遍存在養雞、養豬等畜牧活動，其畜禽糞尿處理設施不足，衍生惡臭、污染及公共衛生疑慮。查環境部資源循環署已推動黑水虻處理生質性廢棄物技術，並建置半自動化控制之示範模場，具資源循環及減量效益，惟目前於原鄉地區之推廣及應用尚屬有限。為促進在地廢棄物就地處理、減輕清運壓力，並兼顧環境永續與產業發展，請環境部資源循環署於2個月內向立法院社會福利及衛生環境委員會提出書面報告。【197】",,,,,,,,,,115,資源循環署,環境部,2026/5/20,伍麗華|林月琴,黃秀芳|王正旭,5599,,,科技發展,淨零排放科技,業務費 > 委辦費,92717000,2026-06-13T14:59:36.472Z
12141,主決議,通過,,,115年度環境部資源循環署預算案於第2目「一般行政」項下「基本行政工作維持」<5>辦公大樓清潔管理、保全工作、公文交換及公務車駕駛等勞務承攬人力經費872萬1千元。115年度「一般行政」編列勞務承攬人力經費872萬1千元，預計進用15人。查立法院曾決議指出環境部資源循環署組改後預算員額已增加，應自辦核心業務，減少對委外人力之依賴。查相關人力係辦理大樓維護等庶務工作，非自辦核心業務，惟仍請環境部資源循環署應妥善評估人力配置合理性，避免浮濫進用。【199】,,,,,,,,,,115,資源循環署,環境部,2026/5/20,邱鎮軍,王育敏|邱慧洳,5471,,,一般行政,,,930059000,2026-06-13T14:59:36.472Z
12142,主決議,通過,,,115年度環境部資源循環署預算案於第2目「一般行政」項下「基本行政工作維持」中「業務費」之「設施及機械設備養護費」(12)辦公大樓空調系統、會議系統、室內外建築設施及電梯、汽車昇降設備、電力設備、電話線路、環境消毒衛生器材及消防系統設備等保養維護改善，需設施及機械設備養護費280萬9千元。經查該預算主要用於辦公大樓空調、會議及電力設備保養，考量環境部資源循環署大樓設備部分沿用舊有設備，仍請環境部資源循環署加強自主維護，撙節國家財政。【200】,,,,,,,,,,115,資源循環署,環境部,2026/5/20,邱鎮軍,王育敏|邱慧洳,,,,,,,,2026-06-13T14:59:36.472Z
12143,主決議,通過,,,"115年度環境部資源循環署預算案於第3目「資源循環及廢棄物管理」編列預算4億6,834萬2千元。按國際間正爭取將關鍵礦物資源留存國內或開發礦產，我國因礦產資源匱乏乃針對關鍵礦產資源以城市採礦為政策推動方式，惟環境部資源循環署作為國內物料資源循環再利用之主責機關，針對與關鍵礦物資源留存國內之「資源循環推動法」及「廢棄物清理法」亦於112年始正面回應將提出修法，直至115年4月該修正草案始通過行政院審查，期間歷時多年，然此期間始終未有相關法規支持與政策規劃，此亦為將關鍵礦物資源留存國內所面臨之困境之一。又環境部資源循環署針對國內現有資源及回收處理技術之盤點，尚無明確之盤點結果；且應與經濟部產業發展署及產業界溝通國內產業用料需求，並針對何種種類之金屬先行規劃相關資源留存國內政策先行研擬，後續亦應針對國內技術成本高昂之問題研擬如何提高國內量體以降低成本為宜，以建構關鍵礦物資源留存國內之循環再利用，請環境部資源循環署於2個月內向立法院社會福利及衛生環境委員會提出書面報告。【203】",,,,,,,,,,115,資源循環署,環境部,2026/5/20,涂權吉,陳菁徽|蘇清泉,5618,,,資源循環及廢棄物管理,,,4140000,2026-06-13T14:59:36.472Z
12144,主決議,通過,,,"115年度環境部資源循環署預算案於第3目「資源循環及廢棄物管理」項下「資源循環管理」補助民間團體等發展具地方特色之產品循環設計、廢棄物源頭減量、廢棄資源能資源化循環利用產業、創新技術及商業模式等工作，需獎補助費1,700萬元。編列預算1,700萬元。查環境部資源循環署配合國家發展委員會推動「資源循環地方創生計畫」，旨在結合地方特色，發展資源循環產業、綠色設計及創新商業模式，並促進地方就業與人口回流，政策立意良善。惟依目前掌握情形，該計畫於原住民族地區之推動與參與情形未臻明確，相關宣導、輔導及資源挹注是否充分涵蓋原鄉，仍有疑義。考量原鄉地區在產業發展、資訊取得及申請資源能力上，普遍面臨結構性落差，若未有主動到位之宣傳與輔導機制，恐致資源分配失衡，難以落實地方創生及資源循環政策之公平性與包容性。為確保國家資源配置兼顧區域均衡及族群正義，並提升原住民族地區參與資源循環產業之機會，請環境部資源循環署於3個月內向立法院社會福利及衛生環境委員會提出書面報告。【207】",,,,,,,,,,115,資源循環署,環境部,2026/5/20,伍麗華|林月琴,黃秀芳|王正旭,,,,,,,,2026-06-13T14:59:36.472Z
12145,主決議,通過,,,"115年度環境部資源循環署預算案於第3目「資源循環及廢棄物管理」項下「資源循環管理」編列預算3億5,727萬9千元。石綿已被國際癌症研究署(IARC)列為一級致癌物質，長期暴露於石綿可能會導致惡性間皮瘤、肺癌、喉癌、卵巢癌、石綿肺症(肺纖維化)、胸膜斑與瀰漫性胸膜增厚等病症，對我國人民身命間康安全威脅甚鉅。查環境部資源循環署為協助民眾處置石綿廢棄物，推行「石綿建材廢棄物清除及處理」計畫，目標為推動清除3萬2,000公噸石綿建材廢棄物。惟至114年7月底，相關計畫預算投入累積8億6,270萬1千元，處理量僅1萬4,000公噸，未及五成。又之丹娜絲颱風造成臺南市、嘉義市及嘉義縣預估新增石綿建材廢棄物量約1萬5,600公噸，截至114年9月22日止，仍尚有 3,124.03公噸石綿廢棄物尚待清運。且全國目前仍有超過20萬棟建築物屋頂係以石綿建材所構成。可見相關石綿清運回收計畫存在執行成效不彰，預算編列效果低落，而有通盤檢討精進計畫內容之必要。請環境部資源循環署於3個月內向立法院社會福利及衛生環境委員會提出書面報告。【211】",,,,,,,,,,115,資源循環署,環境部,2026/5/20,邱慧洳,邱鎮軍|陳菁徽,5626,,,資源循環及廢棄物管理,資源循環管理,,357279000,2026-06-13T14:59:36.472Z
12146,主決議,通過,,,"115年度環境部資源循環署預算案於第3目「資源循環及廢棄物管理」項下「資源循環管理」中「業務費」編列預算3億3,750萬4千元。環境部於112年公告，自114年起正式實施限制旅宿業提供一次性備品政策，目的在於減少塑膠與拋棄式用品使用，方向固然正確，惟實際執行上仍需兼顧旅遊便利與旅客體驗。日本與韓國作為觀光標竿，雖未在房內主動提供備品，但普遍於櫃檯設有自取區，旅客可依需求自行取用，兼顧環保與便利，為更務實之作法。然臺灣多數旅宿業，旅客須至櫃台付費購買備品，價格從數十元至680元不等，價格亂象叢生，恐損害國旅形象，甚至形成變相漲價之情形。此外，在偏鄉地區，便利商店取得不易，若旅客臨時需牙刷、刮鬍刀等用品而被「一刀切」禁止，將使旅遊體驗受損，與推動觀光發展之政策目標相悖。爰此，環境部應會同交通部輔導旅宿業者，得於櫃檯設置免費備品自取區，以「不主動提供、不完全禁用」為原則，兼顧永續發展與旅遊品質，保留業者與旅客之貼心服務空間，打造環保與觀光並進的旅宿環境。爰請環境部資源循環署於1個月內向立法院社會福利及衛生環境委員會提出書面報告。【212】",,,,,,,,,,115,資源循環署,環境部,2026/5/20,蔡易餘|楊曜,陳瑩|王正旭,5634,,,資源循環及廢棄物管理,資源循環管理,業務費,337504000,2026-06-13T14:59:36.472Z
12147,主決議,通過,,,"115年度環境部資源循環署「資源循環及廢棄物管理」項下「資源循環管理」中「業務費」預算編列3億3,750萬4千元。政府將拾荒者列為公正轉型對象，然相關資收關懷計畫執行成效不彰，實際覆蓋率偏低。多數一線拾荒者反映未曾接觸或知悉該計畫，顯示政策宣導與觸及機制不足，致資源未能有效送達目標族群，公正轉型淪為形式宣示，未具實質支持效果。另就制度設計而言，補助申請門檻偏高且與實際作業模式脫節，未考量拾荒者多屬非典型勞動、流動性高之特性，導致申請困難、使用率偏低，預算執行率不佳。主管機關未能依據現場需求調整制度，亦缺乏主動輔導與滾動修正機制，致政策難以落實，相關預算配置與執行成效顯有檢討必要。請環境部資源循環署加強推廣資收關懷計畫，並提出設置友善回收據點之規劃，於3個月內向立法院社會福利及衛生環境委員會提出書面報告。【213】",,,,,,,,,,115,資源循環署,環境部,2026/5/20,邱慧洳,邱鎮軍|陳菁徽,5634,,,資源循環及廢棄物管理,資源循環管理,業務費,337504000,2026-06-13T14:59:36.472Z
12148,主決議,通過,,,"115年度環境部資源循環署「資源循環及廢棄物管理」項下「資源循環管理」之「業務費」預算編列3億3,750萬4千元，另一般性補助款之「一般性環境保護補助-資源循環署」及「一般性環境保護補助-環境管理署」亦分別編列1億9,342萬元及728萬元，合共4億7,670萬元，用以辦理「減量回收及資源循環推動計畫（以下簡稱本計畫）」，其中一般性補助款包括補助地方政府辦理石綿建材廢棄物清除處理作業等共1億2,500萬元。然而，自環境部規劃建立石綿瓦建材管理措施迄今，全國仍有逾20萬棟建築物存有石綿建材，對民眾健康仍存有潛藏性危害風險，清運進度容待加強。石綿建材結構若遭破壞而致石綿纖維逸散，國人吸入含石綿纖維之空氣，對人體健康將產生危害，環境部於112年度起即分年編列預算規劃建立適當管理及補助方式，引導民眾妥善處置，避免棄置，惟執行成果尚待精進，且全國仍有逾20萬棟建築物存在石綿建材，亦允宜積極與地方政府合作研議妥處，俾維國人健康，請環境部資源循環署向立法院社會福利及衛生環境委員會提出書面報告。【214】",,,,,,,,,,115,資源循環署,環境部,2026/5/20,邱鎮軍|陳菁徽|邱慧洳,,5634,,,資源循環及廢棄物管理,資源循環管理,業務費,337504000,2026-06-13T14:59:36.472Z
12149,主決議,通過,,,查環境部資源循環署115年度於「資源循環及廢棄物管理」計畫對國內團體捐助，辦理推動具挑戰及須關注廢棄物清除處理辦理石棉建材廢棄物清除處理等等。該計畫旨在協助清理拆除後廢石綿建材，降低健康與環境風險。然而：一、核准補助比率偏低：112年度及113年度上半年，部分縣市如桃園市、新竹市、宜蘭縣及花蓮縣，其申請案之核准比率仍低於全國平均（約87%），部分縣市申請件數寥寥可數，顯示民眾對補助政策知悉度或申請門檻仍有精進空間。二、清除進度與實際需求存有落差：雖編列高額預算，但實務上因石綿建材拆除後之清運需與營建廢棄物脫勾處理，民眾常因行政程序繁雜而卻步，導致石綿去化效率不彰。三、管考機制亟待加強：該署對於各縣市推動進度差異未見具體輔導機制，恐造成預算執行率偏低且資源配置，未盡妥適。據環境部統計:全臺灣24萬棟建物使用石綿瓦，其中高雄市近3萬棟、排名全國第2。石綿纖維破損時飛散，吸入人體危害風險高，雖可以請環保局清運，但速度太慢，以高雄市每年平均清運量推估，全高雄市清完，恐怕需超過70年以上，緩不濟急。請環境部向立法院社會福利及衛生環境委員會提出「如何提升各縣市石綿建材清除補助申請率及簡化行政程序」書面報告。【217】,,,,,,,,,,115,資源循環署,環境部,2026/5/20,盧縣一|蘇清泉,陳菁徽,,,,,,,,2026-06-13T14:59:36.472Z
12150,主決議,通過,,,"115年度環境部資源循環署「資源循環及廢棄物管理」項下「資源循環管理」推動具挑戰及須關注廢棄物清除處理，辦理石綿建材廢棄物清除處理及設置廢木料處理設施等工作，預算編列1,400萬元。經查112年度因石綿廢棄物清除契約多次流標等因素，導致執行率僅69.35%，低於公共建設平均值。為確保預算確實執行，請環境部資源循環署於1個月內向立法院社會福利及衛生環境委員會提出「113-114年度石綿建材廢棄物清除處理精進計畫書面報告」。【218】",,,,,,,,,,115,資源循環署,環境部,2026/5/20,邱鎮軍,王育敏|邱慧洳,5626,,,資源循環及廢棄物管理,資源循環管理,,357279000,2026-06-13T14:59:36.472Z
12151,主決議,通過,,,環境部資源循環署「資源循環及廢棄物管理」項下「設備及投資」預算編列939萬3千元。經查，同科目預算於114年度編列921萬9千元，惟最終決算僅執行70%，保留數達188萬，環境部資源循環署並未檢討預算執行率不佳之問題，115年度又持續增編該項預算，應撙節政府開支。【219】,,,,,,,,,,115,資源循環署,環境部,2026/5/20,王育敏,邱鎮軍|廖偉翔,5636,,,資源循環及廢棄物管理,設備及投資,,9393000,2026-06-13T14:59:36.472Z
12152,主決議,通過,,,"查環境部資源循環署115年度於「資源循環推動及廢棄物管理」，旨在推動廢棄物減量、循環利用及垃圾處理設施整備。然而：垃圾堆置問題依然嚴峻：截至113年底，全國一般廢棄物暫存量（垃圾山）已累積超過70萬公噸，其中南投縣、新竹縣等無焚化爐地區堆置情況最嚴重，雖中央逐年補助經費辦理轉運與打包，但垃圾總量仍呈現不斷成長趨勢。一、預算結構移列規避審議：環境部115年度將原本由部內管考「廢棄物處理計畫」等計11億5,000萬元計畫型補助款經費，改移列至「直轄市及縣市政府一般性補助款」。此舉是否有使該筆預算實質脫離立法院監督之嫌疑？二、設施調度效能待強化：部分縣市焚化爐因設備老舊進入歲修期，處理量能下降，環境部在協調跨縣市垃圾互助處理上，缺乏強制性或更具誘因機制，致使區域間垃圾調度瓶頸始終無法突破。爰此，針對115年度環境部資源循環「資源循環及廢棄物管理」-「廢棄物管理」計畫經費。俟環境部向立法院社會福利及衛生環境委員會提出「全國垃圾堆置去化具體期程表，如何強化一般性補助款移列後之監督考核機制」書面報告。【221】",,,,,,,,,,115,資源循環署,環境部,2026/5/20,盧縣一,陳菁徽|蘇清泉,,,,,,,,2026-06-13T14:59:36.472Z
12153,主決議,通過,,,"115年度環境部資源循環署「資源循環及廢棄物管理」項下「廢棄物管理」，預算編列4,687萬1千元。經查全臺因一般家庭廢棄物暴增及事業廢棄物流入地方公營焚化爐等因素，造成垃圾暫置山問題日益嚴重，113年暫置量已達84萬噸(53座暫置垃圾山)，且暫置場多鄰近學校或水源區。為加速清理暫置垃圾，俟環境部資源循環署於1個月內向立法院社會福利及衛生環境委員會提出「全國垃圾暫置場分年清除進度與處理量能調度機制書面報告」。【223】",,,,,,,,,,115,資源循環署,環境部,2026/5/20,邱鎮軍,王育敏|邱慧洳,5628,,,資源循環及廢棄物管理,廢棄物管理,,46871000,2026-06-13T14:59:36.472Z
12154,主決議,通過,,,根據2025年循環落差報告（Circularity Gap Report 2025）指出，全球循環度已降至6.9%，較2015年下滑2.2個百分點，顯示儘管回收技術進步，但線性經濟成長的速度仍遠超循環進展，單靠末端回收已無法抵銷對新資源的需求。鑑於環境部於2025年10月公布2050台灣循環經濟路徑圖草案，設定2050年循環經濟三大目標，並預計於2026年年底正式發布。查環境部資源循環署委託工業技術研究院執行之「資源循環政策精進暨國際合作及物質流管理計畫」報告建議：「應將《2050台灣循環經濟路徑圖》具體化為階段性推動計畫，明確設定中期目標與跨領域合作模式，並定期滾動檢討，以確保政策具持續性與行動力。」為落實我國循環經濟願景，避免政策規劃僅止於遠期目標而缺乏具體執行架構，讓資源再利用順利走出線性經濟困局，爰要求環境部於正式訂定2050台灣循環經濟路徑圖時，應確實納入明確之「中期目標」與「跨領域合作模式」，以完備政策推動之實質內涵。【233】,,,,,,,,,,115,資源循環署,環境部,2026/5/20,王正旭,黃秀芳|林月琴,,,,,,,,2026-06-13T14:59:36.472Z
12155,主決議,通過,,,鑑於全球經濟正由「大量生產、處置」之單向社會轉向「循環型社會」，且聯合國糧食及農業組織（FAO）亦強調資源循環對食品安全之重要性。查日本透過「食品回收法」等制度，建立「減量優先、再利用次之」之治理模式，並發展高度集中化之環保飼料（Ecofeed）體系，成功兼顧非洲豬瘟防疫與飼料自給率。反觀我國目前廚餘政策仍偏重末端處理與防疫禁令，缺乏國家級之「高值化利用」整體規劃。雖環境部擬設置區域型能源化、資源化設施以補足處理缺口，然其配套制度如家戶端廚餘處理機補助、食品業者回收義務、及再生利用業認證制度等仍未臻完備。為落實循環經濟願景並強化國內飼料供應韌性，爰要求環境部資源循環署應參考日本及國際經驗，於3個月內針對「國家級廚餘資源化政策」進行完整成本效益評估，並規劃含括源頭減量、高標準集中處理設施、及「環保飼料/能源化」雙軌並行之具體推動路徑，向立法院社會福利及衛生環境委員會提出書面報告。【234】,,,,,,,,,,115,資源循環署,環境部,2026/5/20,王正旭,黃秀芳|林月琴,,,,,,,,2026-06-13T14:59:36.472Z
12156,主決議,通過,,,"據環境部統計，臺灣每年消耗40億個飲料杯，113年9月1日起各縣市飲料店均實施禁用塑膠一次用飲料杯，預計每年可減少約7.9億個塑膠一次用飲料杯。雖有成效，然對比於40億個飲料杯仍有進步空問。另外，民眾即便不使用塑膠杯，仍高度依賴「淋膜紙杯」，將環境負擔由塑膠轉嫁至紙張與淋膜廢棄物，恐未達成真正「循環」之核心目標。目前環境部同步推動循環杯政策，據環境部統計，113年合計借出約39萬8,000杯。民眾對於循環杯之衛生安全仍存疑慮，且借還便利性尚不足以改變消費習慣，導致循環杯體系淪為「看得到、借不到、不敢用」的虛設指標。爰建請環境部資源循環署於2個月內向立法院社會福利及衛生環境委員會提出改進方案【235】",,,,,,,,,,115,資源循環署,環境部,2026/5/20,邱慧洳,邱鎮軍|陳菁徽,,,,,,,,2026-06-13T14:59:36.472Z
12157,減列,通過,500000,,減列第 1 目「科技發展」項下「化學物質科學研究」50 萬元，科目自行調整。【238】,,,,,,,,,,115,化學物質管理署,環境部,2026/5/20,社會福利及衛生環境委員會,,,,,,,,,2026-06-13T14:59:36.472Z
12158,減列,通過,5500000,,減列第 3 目「化學物質管理業務」550 萬元(含其項下綜合規劃50 萬元)，科目自行調整。【245】、【237.241.248.249】,,,,,,,,,,115,化學物質管理署,環境部,2026/5/20,社會福利及衛生環境委員會,,,,,,,,,2026-06-13T14:59:36.472Z
12159,凍結,通過,,1000000,"115年度環境部化學物質管理署預算編列16億2,112萬4千元。經查石綿因具優異防火、絕緣、耐磨等特性，早期被廣泛使用，後來研究陸續發現其危害，爰逐步加嚴管制。石綿管制也是環境部化學物質管理署推動的重要政策，核心在於利用智慧科技精確掌握全臺老舊建材位置，並教育民眾如何在拆除過程中降低暴露風險。我國對石綿的管制自107年1月1日起，除了研究、試驗及教育用途外，已全面禁止石綿的所有製造、輸入及使用運作。但因石綿是早期常用建材，所以目前仍有含石綿建材的舊建物存在，過去考察即見相關材料仍廣泛受畜牧業屋瓦使用，環境部化學物質管理署應積極偕同相關部門，做清除處理措施。爰針對是項預算凍結100萬元，俟環境部化學物質管理署於6個月內向立法院社會福利及衛生環境委員會提出書面報告後，始得動支。【236】",,,,,,,,,,115,化學物質管理署,環境部,2026/5/20,黃秀芳,楊曜|王正旭,,,,,,,,2026-06-13T14:59:36.472Z
12160,凍結,通過,,500000,"115年度環境部化學物質管理署「科技發展」項下「化學物質科學研究」預算編列3,324萬9千元。害蟲抗藥性並非單一農藥或單一國家之問題，而是橫跨農業害蟲、病媒蚊及城市害蟲等領域之全球性治理議題。聯合國糧食及農業組織估計，全球每年作物產量最高約有四成受到植物病蟲害影響，且氣候變遷亦可能加速害蟲擴散、世代縮短及爆發風險。以國際案例觀之，2025年墨西哥相關研究指出，埃及斑蚊因長期廣泛使用pyrethroid類藥劑，已逐漸發展出抗藥性；美國疾病管制與預防中心亦提醒，蚊蟲防治計畫應定期進行抗藥性及藥效測試。另依殺蟲劑抗藥性行動委員會（IRAC）及澳洲GRDC GroundCover相關資料，鑽背蛾（Diamondback moth, DBM）具有快速演化抗藥性之特性，且已出現對多種化學藥劑敏感度降低之情形，顯示害蟲抗藥性若未及早監測與管理，將影響農業生產、公共衛生及地方防治成效。爰此，環境部應會同農業部，研議針對重大害蟲建立抗藥性監測資料庫，並將病媒蚊防治之定期抗藥性監測及藥效測試納入制度化管理；相關監測結果亦應作為地方政府採購防治藥劑、輪替用藥及防治策略調整之依據。另請環境部與農業部共同提出害蟲早期預警、抗藥性治理及跨部會防治合作計畫，以降低氣候變遷下害蟲擴散及抗藥性升高所造成之風險。爰針對是項預算凍結50萬元，俟環境部化學物質管理署於2個月內向立法院社會福利及衛生環境委員會提出書面報告後，始得動支。【239】",,,,,,,,,,115,化學物質管理署,環境部,2026/5/20,陳菁徽,邱鎮軍|邱慧洳,5637,,,科技發展,化學物質科學研究,,33249000,2026-06-13T14:59:36.472Z
12161,凍結,通過,,1000000,"115 年度環境部化學物質管理署「化學物質管理業務」預算編列 13 億 8,873 萬 3 千元，合併凍結 100 萬元，俟環境部化學物質管理署向立法院社會福利及衛生環境委員會提出書面報告後，始得動支。",,,,,,,,12162|12163,,115,化學物質管理署,環境部,2026/5/20,邱鎮軍|王正旭,黃秀芳|林月琴|陳菁徽|王育敏,5638,,,化學物質管理業務,,,1388733000,2026-06-13T14:59:36.472Z
12162,凍結,通過,,1000000,"行政院於113年核定全氟及多氟烷基物質(PFAS)管理行動計畫，推動跨部會管理，並由環境部擔任幕僚機關負責會議召集及成果彙整；惟環境、醫療等領域之專家學者對於我國針對PFAS物質之納管範疇、PFAS相關產品之盤查成果、檢驗標準與國際接軌之進度等，普遍認為仍有加速精進之必要。經查，行政院針對環境部所提之PFAS管理行動計畫，亦曾裁定「應就食、衣、住、行、育、樂等民眾常接觸之情境，進行PFAS盤查與管制，並優先以涉及食安之食品容器包裝材及鍋具等物品，加嚴管制及稽查頻率，PFAS相關產業亦須積極改善製程或研發替代品。」為促進PFAS物質相關管制規範與政策之落實，爰針對115年度環境部化學物質管理署「化學物質管理業務」預算編列13億8,873萬3千元，凍結100萬元，要求環境部化學物質管理署於3個月內就PFAS管理行動計畫之精進，包含強化跨部會監測機制、完善產品標示制度，檢討相關標準及法規範是否合宜、加速擴大列管範圍等事項研擬具體改善措施，並向立法院社會福利及衛生環境委員會提出書面報告後，始得動支。【242】",,,,,,,,,12161,115,化學物質管理署,環境部,2026/5/20,王正旭,黃秀芳|林月琴,5638,,,化學物質管理業務,,,1388733000,2026-06-13T14:59:36.472Z
12163,凍結,通過,,1000000,"115年度環境部化學物質管理署「化學物質管理業務」預算編列13億8,873萬3千元，包括業務費9億5,521萬4千元，設備及投資4億3,351萬9千元。其中委辦費用高達8億0,588萬元，佔比超過58%，較114年度之52.79%，再次攀升。有鑑於環境部化學物質管理署長期以來委辦費用比例偏高，恐有政策外包，弱化行政專業之虞，且諸多委辦計畫（如「環境事故預防應變專業技術執行計畫」等）涉及核心業務，應由法定人力執行。爰要求環境部化學物質管理署應針對其委辦業務進行全面性專業性評估，釐清何者為不可替代之專業技術服務，何者應逐步收歸內部人力執行，並提出人力配置與專業養成規劃。爰針對是項預算凍結100萬元，俟環境部化學物質管理署於2個月內向立法院社會福利及衛生環境委員會提出書面報告後，始得動支。【243】",,,,,,,,,12161,115,化學物質管理署,環境部,2026/5/20,邱鎮軍,陳菁徽|王育敏,5638,,,化學物質管理業務,,,1388733000,2026-06-13T14:59:36.472Z
12164,凍結,通過,,500000,"115 年度環境部化學物質管理署「化學物質管理業務」項下「綜合規劃」編列 6,613 萬 6 千元，合併凍結 50 萬元，俟環境部化學物質管理署向立法院社會福利及衛生環境委員會提出書面報告後，始得動支。",,,,,,,,12165|12166,,115,化學物質管理署,環境部,2026/5/20,邱鎮軍,陳菁徽|王育敏,5639,,,化學物質管理業務,綜合規劃,,66136000,2026-06-13T14:59:36.472Z
12165,凍結,通過,,500000,"115年度環境部化學物質管理署「化學物質管理業務」項下「綜合規劃」編列6,613萬6千元。依據「毒性及關注化學物質管理法」，環境部化學物質管理署應成立「毒物及化學物質管理基金」以實施「使用者付費」原則，並作為擴大化學物質管理的穩定財源。然而，是項基金設置工作自108年修法後，截至115年4月「毒物及化學物質管理基金」的設置進度，仍在法制作業與收費機制評估的最後階段，針對產業界反應目前已繳納「空氣污染防制費」、「水污染防治費」及「廢棄物清除處理費」，若對同一化學物質在生產、進口階段再課徵運作費，有「一物多課」疑慮，爰要求環境部化學物質管理署應積極與經濟部產業發展署及相關公協會持續溝通協調，降低業界疑慮及負擔，以加速完成化學物質運作費收費辦法等相關子法訂定與公告。爰針對是項預算凍結50萬元，俟環境部化學物質管理署於2個月內向立法院社會福利及衛生環境委員會提出書面報告後，始得動支【246】",,,,,,,,,12164,115,化學物質管理署,環境部,2026/5/20,邱鎮軍,陳菁徽|王育敏,5639,,,化學物質管理業務,綜合規劃,,66136000,2026-06-13T14:59:36.472Z
12166,凍結,通過,,500000,"115年度環境部化學物質管理署「化學物質管理業務」項下「綜合規劃」編列6,613萬6千元。PFAS為具高度危害性之新興污染物，全球有超過1萬2,000種含氟化學物質。環境部化學物質管理署雖已逐步列管，並於114年5月公告新增列管357種，但相較於整體PFAS家族，列管比例仍嚴重偏低，對國人健康及環境造成潛在威脅。爰要求環境部化學物質管理署應依國際趨勢（如斯德哥爾摩公約），加速PFAS危害風險評估及列管進程，並提出更全面的環境流布調查（例如水體、底泥、魚體）與跨部會管理行動方案。爰針對是項預算凍結50萬元，俟環境部化學物質管理署於2個月內向立法院社會福利及衛生環境委員會提出書面報告後，始得動支。【247】",,,,,,,,,12164,115,化學物質管理署,環境部,2026/5/20,邱鎮軍,陳菁徽|王育敏,5639,,,化學物質管理業務,綜合規劃,,66136000,2026-06-13T14:59:36.472Z
12167,凍結,通過,,1000000,"115 年度環境部化學物質管理署「化學物質管理業務」項下「評估管理」預算編列 3 億 5,423 萬 1 千元，合併凍結 100 萬元，俟環境部化學物質管理署向立法院社會福利及衛生環境委員會提出書面報告後，始得動支。",,,,,,,,12168|12169,,115,化學物質管理署,環境部,2026/5/20,邱鎮軍|陳瑩,林月琴|王正旭|陳菁徽|王育敏,5640,,,化學物質管理業務,評估管理,,354231000,2026-06-13T14:59:36.472Z
12168,凍結,通過,,1000000,"衛生福利部食品藥物管理署近日追查疑似含禁用色素的化妝品，11月17日在網路平台查獲中國製「且初越桔清透卸妝膏（無花果味）」含蘇丹紅4號（批號B5A1431），檢出量為1.3ppm。除了中國產品，本土品牌也受到波及，綠藤生物科技於11月12日主動通報旗下「專心護唇油・莓紅版」三個批號疑似含蘇丹紅，經送衛生福利部食品藥物管理署國家實驗室複驗後，11月21日確認含有禁用色素，顯示問題原料疑似已進入台灣供應鏈。此顯示，對於引發過敏、長期累積仍有致癌疑慮之蘇丹紅，環境部化學物質管理署並未針對其進口流布及國內生產使用狀況加以掌握；且未見與衛生福利部食品藥物管理署針對此類有害物質進行跨部會合作，似未記取上次蘇丹紅用於食用調味品之教訓！爰針對115年度環境部化學物質管理署「化學物質管理業務」項下「評估管理」預算編列3億5,423萬1千元，凍結100萬元，俟提出如何精進蘇丹紅等有害化學物質具體管理措施書面報告後，始得動支。【250】",,,,,,,,,12167,115,化學物質管理署,環境部,2026/5/20,陳瑩,林月琴|王正旭,5640,,,化學物質管理業務,評估管理,,354231000,2026-06-13T14:59:36.472Z
12169,凍結,通過,,1000000,"115年度環境部化學物質管理署「化學物質管理業務」項下「評估管理」預算編列3億5,423萬1千元。有鑑於笑氣（一氧化二氮）自109年列管後，查緝績效顯著，但非法查扣的鋼瓶容器，從查扣到最終銷毀流程漫長（最長耗時達21個月），造成地方政府貯存壓力，且鋼瓶可能再次流入市面。115年度仍編列公務預算研議非法查扣後處理措施。爰要求環境部化學物質管理署應會同法務部、警政單位及地方政府，研擬精進措施，簡化非法查扣物品的行政及司法程序，加速沒入物（如笑氣鋼瓶）的銷毀期程，並提出具體時程規劃報告。爰針對是項預算凍結100萬元，俟環境部化學物質管理署於2個月內向立法院社會福利及衛生環境委員會提出書面報告後，始得動支。【252】",,,,,,,,,12167,115,化學物質管理署,環境部,2026/5/20,邱鎮軍,陳菁徽|王育敏,5640,,,化學物質管理業務,評估管理,,354231000,2026-06-13T14:59:36.472Z
12170,凍結,通過,,500000,"115年度環境部化學物質管理署「化學物質管理業務」項下「評估管理」預算編列3億5,423萬1千元。有關環境部推動導入「偵檢機器犬」，投入毒化災害防救行動，國際上此類救災機器人多被定位為高風險災害現場之前進偵檢工具，可用於危害物質偵測、災區影像回傳及搜救輔助任務，協助消防及應變人員判斷是否適宜進入災害現場，並降低人員暴露於毒性化學物質或2次災害之風險。惟此類設備仍有其限制，包含災區地形高度不規則，可能受瓦礫堆、狹窄空間、樓梯、濕滑地面及結構不穩等因素影響其移動能力；且通訊穩定性亦為關鍵問題，尤其於地下空間、隧道、鋼筋混凝土建築物或大型災害現場，均可能發生訊號中斷或資料回傳不穩之情形，進而影響即時判斷與救災效能。爰此，環境部除應說明導入「偵檢機器犬」之必要性、預期效益及實際應用場景外，亦應就設備採購、操作訓練、通訊備援、任務分工、災害現場使用標準作業程序、資料蒐集與保存、維護管理及後續效益評估等事項，提出完整規劃，以確保該設備確能提升毒化災害防救量能，而非僅止於示範性或宣傳性用途。爰針對是項預算凍結50萬元，俟環境部化學物質管理署於2個月內向立法院社會福利及衛生環境委員會提出書面報告後，始得動支。【251】",,,,,,,,,,115,化學物質管理署,環境部,2026/5/20,陳菁徽,邱鎮軍|邱慧洳,5640,,,化學物質管理業務,評估管理,,354231000,2026-06-13T14:59:36.472Z
12171,凍結,通過,,1000000,"115年度環境部化學物質管理署「化學物質管理業務」項下「風險管控」預算編列1億4,821萬5千元。有關環境部「建構國家安全化學與韌性永續計畫」之績效指標及評估基準，其中「災害防救訓練升級」項目，包含辦理災害虛擬實境整備、運用互動實境技術查核化學物質運作場、雲端實境訓練學習人次等內容。惟相關活動資訊、報名管道、訓練成果及參與對象等資料，均未能於公開網路上完整查得，外界難以檢視該計畫之實際執行情形與政策效益。另就我國「無毒家園」推動策略而言，臺灣雖已訂有國家化學物質管理政策綱領及行動方案，並建立跨部會管理架構，然目前政策推動仍偏向部會內部治理，與民眾日常生活之連結尚有不足。實務上，食品、化粧品、玩具、紡織品、農藥、環境用藥、勞動安全、廢棄物管理及進口商品等，分屬不同機關權責，管理體系相對分散。立法院相關資料亦曾指出，部分具食品安全疑慮之化學物質尚未由環境部化學物質管理署列管，且相關管理涉及環境部、農業部、衛生福利部、經濟部等多個部會，顯示現行跨部會整合與資訊揭露機制仍有精進空間。綜上，有關「建構國家安全化學與韌性永續計畫」之 KPI、預算執行率、目標達成率、訓練參與人次、實際應用成果及評估報告等統計資料，環境部應建立更完整之公開揭露機制，以利外界檢視計畫成效。再者，環境部推動「無毒家園」策略，亦應從單純化學物質列管，進一步轉向民眾日常生活風險管理，強化食品接觸材料、兒童用品、化粧品、紡織品、進口商品及高風險場域之管理，並檢討現行權責分散、資訊不透明及跨部會協調不足等問題，使化學物質管理政策更貼近民眾生活需求，並提升國家化學安全治理之韌性與公信力。爰針對是項預算凍結100萬元，俟環境部化學物質管理署於2個月內向立法院社會福利及衛生環境委員會提出書面報告後，始得動支。【256】",,,,,,,,,,115,化學物質管理署,環境部,2026/5/20,陳菁徽,邱鎮軍|邱慧洳,5641,,,化學物質管理業務,風險管控,,148215000,2026-06-13T14:59:36.472Z
12172,凍結,通過,,1000000,"115 年度環境部化學物質管理署「化學物質管理業務」項下「風險管控」預算編列 1 億 4,821 萬 5 千元，合併凍結 100 萬元，俟環境部化學物質管理署向立法院社會福利及衛生環境委員會提出書面報告後，始得動支。",,,,,,,,12173|12174,,115,化學物質管理署,環境部,2026/5/20,邱鎮軍,陳菁徽|王育敏,5641,,,化學物質管理業務,風險管控,,148215000,2026-06-13T14:59:36.472Z
12173,凍結,通過,,1000000,"115年度環境部化學物質管理署「化學物質管理業務」項下「風險管控」預算編列1億4,821萬5千元。115年度環境部化學物質管理署持續編列預算推動「化學雲」平臺應用及圖資建置，然而近年立院審查及審計報告均指出，跨部會拋轉至化學雲的原始資料欄位仍有闕漏或格式錯誤（如統一編號、座標），導致化學物質流向勾稽失效，且圖資建置比率偏低（截至114年7月，完成建置災防圖資之列管工廠僅3,793家）。化學雲數據品質低落嚴重限制了其在食安溯源及消防救災中的應用功能。爰要求環境部化學物質管理署應強化與各部會（如勞動部、經濟部）的協調，建立更嚴格的資料拋轉檢核機制與時程，確保資料正確性，並加速高風險運作場所的圖資建置。爰針對是項預算凍結100萬元，俟環境部化學物質管理署於2個月內向立法院社會福利及衛生環境委員會提出書面報告後，始得動支。【258】",,,,,,,,,12172,115,化學物質管理署,環境部,2026/5/20,邱鎮軍,陳菁徽|王育敏,5641,,,化學物質管理業務,風險管控,,148215000,2026-06-13T14:59:36.472Z
12174,凍結,通過,,1000000,"115年度環境部化學物質管理署「化學物質管理業務」項下「風險管控」預算編列1億4,821萬5千元。環境部化學物質管理署持續推動「化學物質管理及毒化災防圖資系統」建置，此圖資有助消防單位迅速掌握化學品位置。然而，截至114年7月，完成建置空間圖資的列管運作化學物質業者比例仍偏低，且多數地方政府消防單位運用情形未臻理想。爰要求環境部化學物質管理署應會同內政部消防署，加強災防圖資的推廣應用教育訓練，針對高風險運作場所設定強制或高強度輔導機制，加速業者圖資建置比率，並提出地方消防單位對圖資系統運用成效的具體評估指標。爰針對是項預算凍結100萬元，俟環境部化學物質管理署於2個月內向立法院社會福利及衛生環境委員會提出書面報告後，始得動支。【259】",,,,,,,,,12172,115,化學物質管理署,環境部,2026/5/20,邱鎮軍,陳菁徽|王育敏,5641,,,化學物質管理業務,風險管控,,148215000,2026-06-13T14:59:36.472Z
12175,主決議,通過,,,"115年度環境部化學物質管理署「一般行政」項下「人員維持」之「人事費」預算員額79人（職員73人及聘用人員6人），需人事費1億0,939萬9千元，編列預算1億0,939萬9千元。環境部化學物質管理署法定編制員額為115人，但115年度預算員額僅編列79人，存在大幅正規人員進用空間，究係員額寬估或是人事預算考量，應敘明清楚。另考量環境部化學物質管理署長期以來以承攬人力執行非公權力之庶務性工作，但此舉有悖我國降低非典型就業人數之施政目標，且潛藏業務專業無法紮根於行政體系之風險。爰要求環境部化學物質管理署應針對仍缺額的36名法定編制員額，提出具體的人力爭取及進用時程規劃，並逐年降低對於非典型勞務承攬人力的依賴。如為寬估員額，亦應檢討減列。環境部化學物質管理署配合環境部整體人力規劃，積極向行政院爭取預算員額。【240】",,,,,,,,,,115,化學物質管理署,環境部,2026/5/20,邱鎮軍,陳菁徽|王育敏,5642,,,一般行政,人員維持,人事費,109399000,2026-06-13T14:59:36.472Z
12176,主決議,通過,,,"115年度環境部化學物質管理署「化學物質管理業務」項下「評估管理」之「業務費」預算編列2億7,323萬1千元。具高度毒性之RDX炸藥，對人體神經系統及環境均具重大危害，然主管機關以其屬軍用性質為由，未納入現行化學物質列管體系，致民間可能涉及之進口、儲存及運輸環節缺乏完整監管與風險評估機制。於化學物質管理日益強調全生命週期控管之趨勢下，對此類高風險物質未設明確規範，顯有制度缺口，難以確保公共安全。縱其部分用途涉國防權責，然一旦涉及民間流通或環境暴露風險，仍有建立跨部會協調機制之必要，由環境主管機關主導整合國防、交通及相關單位之監測與風險管理作為，避免因權責分散致監管斷裂。請環境部化學物質管理署於2個月內向立法院社會福利及衛生環境委員會提出書面報告。【253】",,,,,,,,,,115,化學物質管理署,環境部,2026/5/20,邱慧洳,邱鎮軍|陳菁徽,5643,,,化學物質管理業務,評估管理,業務費,273231000,2026-06-13T14:59:36.472Z
12177,主決議,通過,,,"115年度環境部化學物質管理署「化學物質管理業務」項下「評估管理」之「業務費」預算編列2億7,323萬1千元。新竹市九甲埔農地遭重金屬汞污染，且已超過食用作物土壤管制標準，經檢警環聯合查緝發現，污染來源係化學公司長期違法處理含汞殘留化學藥劑之廢棄容器（未經清洗之藥劑瓶罐），未經許可即進行破碎及棄置，致瓶罐內殘留之汞及相關有害物質滲入土壤。該類具高毒性之化學殘留物本應納入嚴格列管並強化日常稽查，然業者長期違規操作卻未被即時發現，顯示現行源頭管理、流向掌握及稽查機制未能有效運作，預防性監管功能明顯不足。縱本案後續已移送司法偵辦，仍屬事後處理，無法掩蓋事前監管失靈之制度問題。復就制度面觀之，含有毒化學殘留之容器廢棄物之回收與處理，涉及化學物質管理與事業廢棄物管制，然中央主管機關未能建立一致性之全國稽查指引與流向追蹤機制，致地方執行標準不一，業者得以利用制度落差規避監管，形成處理鏈結之斷點。此類污染不僅影響農地利用與食品安全，更涉及龐大環境復原成本，顯示現行制度偏重事後查處，未能落實事前防範。中央主管機關於制度設計與統一監管機制上之責任仍屬關鍵，相關政策顯有檢討必要。請環境部化學物質管理署於2個月內向立法院社會福利及衛生環境委員會提出書面報告。【254】",,,,,,,,,,115,化學物質管理署,環境部,2026/5/20,邱慧洳,邱鎮軍|陳菁徽,5643,,,化學物質管理業務,評估管理,業務費,273231000,2026-06-13T14:59:36.472Z
12178,主決議,通過,,,為接軌國際公約，禁用永久化學物質，行政院環境保護署(現為環境部)自78年起陸續公告列管毒性化學物質，截至114年8月13日止公告列管655種相關毒性化學物質。然依據全球性環保組織「國際污染物消除網絡」食品包材PFAS含量之跨國調查計畫，其中平均驗出率為53.8%，而臺灣食品包材PFAS驗出率卻高達87.5%，僅次於埃及90.9%，且歐盟成員國已於2023年向歐洲化學品管理署，要求依歐盟「化學品註冊、評估、許可及限制法規」，全面管制約1萬多種PFAS，減少PFAS對環境污染。於此，環境部化學物質管理署宜持續掌握國際趨勢，整合跨部會意見，研議進一步擴大或全面列管PFAS之可行性及時程，俾保障國人健康及環境維護。環境部化學物質管理署於3個月內向立法院社會福利及衛生環境委員會提出PFAS管制書面報告。【255】,,,,,,,,,,115,化學物質管理署,環境部,2026/5/20,廖偉翔|翁曉玲,邱鎮軍|王育敏,,,,,,,,2026-06-13T14:59:36.472Z
12179,主決議,通過,,,"115年度環境部化學物質管理署「化學物質管理業務」項下「風險管控」之「業務費」配合「建構國家安全化學與韌性永續計畫」，依「毒性及關注化學物質管理法」第72條辦理「第5屆綠色化學應用及創新獎」等業務編列預算1,385萬3千元。有鑑於環境部化學物質管理署為鼓勵綠色化學，辦理「綠色化學應用及創新獎」，鑑於國際趨勢強調ESG與綠色轉型，環境部化學物質管理署應扮演更積極的角色，除精進獎項辦理機制並應強化其擴散效益，例如透過媒合獲獎單位與大專校院師生，辦理實地觀摩、演講及成果發表等，藉由得獎者的經驗傳承，促進各界相互學習與實務應用，進而彰顯獲獎典範之影響力，引領產業邁向永續發展轉型。【257】",,,,,,,,,,115,化學物質管理署,環境部,2026/5/20,邱鎮軍,陳菁徽|王育敏,5644,,,化學物質管理業務,風險管控,業務費 > 建構國家安全化學與韌性永續計畫 > 毒性及關注化學物質管理法 > 第5屆綠色化學應用及創新獎,13853000,2026-06-13T14:59:36.472Z
12180,主決議,通過,,,"115年度環境部化學物質管理署「化學物質管理業務」項下「危害控制」計畫中，新增編列「智慧政府數位化精進發展計畫－毒性及關注化學物質運送監控智能秘書計畫（115至119年度）」2,425萬2千元，用於建立化學物質運送管理領域知識大型語言模型及建置運送事故影像辨識功能。然據立法院預算中心評估報告指出：環境部化學物質管理署為加強掌握毒性及關注化學物質運送情形，先前已於「建構國家安全化學與韌性永續計畫(114至118年度)」針對運送車輛即時追蹤系統進行改版優化作業，且115年度預算案亦已編列2,000萬元賡續辦理該系統之精進。檢視兩項計畫工作項目，新計畫中「發展AI影像辨識技術，提升判斷精度及效率」包含開發運送事故影像AI辨識、直播車輛視野輔助影像並介接周遭CCTV即時路況；而既有之韌性計畫系統改版內容亦包含開發GIS監控圖臺顯示車輛視野輔助影像功能，以及發出緊急通報後自動擷取影像等功能。請環境部化學物質管理署針對「毒性及關注化學物質運送監控智能秘書計畫」與「建構國家安全化學與韌性永續計畫」，確實依規劃目的執行，以強化運送應變整備，提昇運輸安全管理及事故預警效能。【260】",,,,,,,,,,115,化學物質管理署,環境部,2026/5/20,盧縣一|蘇清泉,陳菁徽,5645,,,建構國家安全化學與韌性永續計畫(114至118年度),,,24252000,2026-06-13T14:59:36.472Z
12181,主決議,通過,,,"115年度環境部化學物質管理署「化學物質管理業務」項下「危害控制」配合「建構國家安全化學與韌性永續計畫」，辦理精進毒災應變體系，維運中央環境事故諮詢監控中心及三區專業技術小組，推動專業應變人員訓練等預算共編列7億7,225萬元。有鑑於近年化學災害的嚴重性（如明揚大火及東華大學化災等），環境事故專業技術小組（技術小組）的專業支援至關重要。目前全國僅有10隊，雖規劃於114至115年新增花蓮、臺東、金門分隊，但仍無法涵蓋全國22縣市的緊急應變需求。特別是化學火災爆炸事故具備瞬間產生嚴重傷亡的特性，現行應變模式恐難及時發揮功能。請環境部化學物質管理署持續規劃全國22縣市完整性布建技術小組的期程，並將應變速度納入績效指標，確保應變資源能迅速到達現場。【261】",,,,,,,,,,115,化學物質管理署,環境部,2026/5/20,邱鎮軍,陳菁徽|王育敏,5646,,,化學物質管理業務,危害控制,建構國家安全化學與韌性永續計畫 > 辦理精進毒災應變體系，維運中央環境事故諮詢監控中心及三區專業技術小組，推動專業應變人員訓練等預算共,772250000,2026-06-13T14:59:36.472Z
12182,主決議,通過,,,鑑於環境部化學物質管理署近年積極導入履帶式偵檢機器人及機器犬等無人載具，應用於毒性及關注化學物質災害應變作業，有效降低第一線人員進入高風險區域之暴露風險，並提升災情掌握與應變效率，對於強化我國毒化災防救體系具有正面助益，應予肯定。惟查目前相關設備之配置數量、區域分布及實際運用量能尚未明確，面對全國各地可能發生之毒化災事故，現有科技救災資源是否足以支應各區域應變需求，仍有進一步精進空間。尤其我國已建置環境事故專業技術小組分布各地，倘未能適當配置相關無人偵檢設備，恐影響整體應變效能之均衡發展。爰要求環境部化學物質管理署應盤點現行偵檢機器人及機器犬等設備之配置現況與使用效益，並評估依區域風險特性及事故潛勢，逐步擴充相關設備配置，優先於高風險或關鍵區域強化布建，同時精進操作訓練與跨單位整合機制，以提升全國毒化災應變量能與科技防救災效能。【263】,,,,,,,,,,115,化學物質管理署,環境部,2026/5/20,劉建國,林月琴|王正旭,,,,,,,,2026-06-13T14:59:36.472Z
12183,主決議,通過,,,"有鑑於環境部化學物質管理署與內政部消防署合作的訓練場區工程（含中區毒化災訓練場暨資材調度中心）已於114年6月取得使用執照並落成啟用，惟115年度仍編列鉅額資本支出（4億3,949萬7千元），用於購置設備與設施監控系統。為避免資源重複浪費或閒置，爰要求環境部化學物質管理署應詳列115年度設備及投資預算（如毒化災訓練場軟硬體設備）採購細項，並提出中區訓練場啟用後的使用率、訓練人次及成效評估報告，以確保公帑支出效益。並請環境部化學物質管理署於2個月內向立法院社會福利及衛生環境委員會提出書面報告。【264】",,,,,,,,,,115,化學物質管理署,環境部,2026/5/20,邱鎮軍,陳菁徽|王育敏,,,,,,,,2026-06-13T14:59:36.472Z
12184,減列,通過,700000,,減列 「媒體政策及業務宣導費」70 萬元。【267】、【268】,,,,,,,,,,115,環境管理署,環境部,2026/5/20,社會福利及衛生環境委員會,,,,,,,,,2026-06-13T14:59:36.472Z
12185,減列,通過,500000,,減列 「環境管理」項下「美質環境推動計畫」50 萬元及同目項下，科目均自行調整。【283.313】；「推動環境管理工作」50 萬元，科目自行調整。【299】,,,,,,,,,,115,環境管理署,環境部,2026/5/20,社會福利及衛生環境委員會,,,,,,,,,2026-06-13T14:59:36.472Z
12186,減列,保留,3000000,,"115年度環境部環境管理署「一般行政」項下「人員維持」之「人事費」預算編列3億4,538萬6千元，惟查依照115年度環境部環境管理署預算員額說明表，115年度減列4名超額職員、4名超額聘用人員、1名工友、1名超額駕駛，共計減列10人，其人員維持費不僅未依規定減列，並增加552萬5千元之待遇調整經費，顯不合理，爰建議刪除300萬元。【270】",,,,,,,,,,115,環境管理署,環境部,2026/5/20,廖偉翔|陳菁徽|邱慧洳,,5642,,,一般行政,人員維持,人事費,109399000,2026-06-13T14:59:36.472Z
12187,減列,保留,500000,,"115年度環境部環境管理署「一般行政」項下「環境管理基本行政工作維持」之「業務費」預算編列1,656萬9千元，惟查：115年度一般事務費中，編列秘書、會計、政風及人事單位之差旅費高達111萬元，雖各該職務依業務需求亦得使用差旅費，然相較於三區環境管理中心等業務單位之差旅費僅編列3萬元，顯不相當，爰建議刪除50萬元。【273】",,,,,,,,,,115,環境管理署,環境部,2026/5/20,廖偉翔|陳菁徽|邱慧洳,,5648,,,一般行政,環境管理基本行政工作維持,業務費,16569000,2026-06-13T14:59:36.472Z
12188,凍結,保留,,30000000,"115年度環境部環境管理署「環境管理」預算編列12億7,815萬9千元。面對氣候變遷與複合型災害風險，我國目前的災害廢棄物管理仍停留在「通則性指引」層次，缺乏針對不同處理階段與廢棄物種類的細緻技術規範。2025年丹娜絲風災後，苗栗縣、台南後壁、高雄等地之災後清理，均暴露出暫置場選址與配置、中間處理（破碎/選別）流程等關鍵技術環節均無統一規範之嚴重缺口。參酌日本環境省「災害廢棄物對策指引」之架構，其具備極為完整之技術標準體系：全流程技術分工方面，包括「避難所垃圾與水肥收集推估」、「收集運搬車輛計算與動線」、「暫置場配置與復歸」、「公費解體程序」、「中間處理—破碎/選別」、「臨時焚化爐設置」等皆訂有專屬技術手冊；全類別廢棄物對應方面，涵蓋「太陽光電設施」、「廢汽機車」、「石綿廢棄物」、「水產/農林畜產廢棄物」等；社會溝通方面，特別將「住民啟發與廣報（技25）」列為技術規範一環，確保災時資訊透明與民眾配合。面對台灣光電板與電動車普及化，環境部目前對於此類新興災害廢棄物之處理技術指引付之闕如。爱凍結相關預算3,000萬元，要求環境部環境管理署參酌日本規範架構，提出「建構我國全流程、全類別災害廢棄物處理技術規範體系」之具體路徑圖規劃，並向立法院社會福利及衛生環境委員會提出書面報告後，始得動支。【277】",,,,,,,,,,115,環境管理署,環境部,2026/5/20,林淑芬,黃秀芳|賴惠員|林月琴|王正旭,5649,,,環境管理,,,1278159000,2026-06-13T14:59:36.472Z
12189,主決議,保留,,,"115年度環境部環境管理署「環境管理」預算編列12億7,815萬9千元。臺南市後壁區烏樹林廢棄物暫置場日前才發生大火，火警還沒完全撲滅，安南區城西二期掩埋場昨天又發生火警，引起民眾健康疑慮。環境部表示，近期全台廢棄物暫置場所陸續發生火災，造成的原因可歸納兩大主因，首先，114年秋季異常暖乾，全台9至11月平均氣溫創下自40年以來新高紀錄，整體環境極度乾燥，顯著提高自燃發生率。其次，近期受颱風強風及致災性暴雨侵襲，各地短時間內累積大量大型災害廢棄物，包括家具、樹枝及各類雜物，混合堆置後極易因發酵產熱而引發燃燒。此顯示，環境部未落實科技化管理提升掩埋場防災韌性，地方政府環保單位並未加強維護管理場區內之紅外線熱顯像儀、消防水砲、消防箱、沼氣管及監視系統等防災設備，即時監控機制、自動通報及啟動應變功能，並未發揮。爰刪減環境管理新台幣伍佰萬元，並凍結新台幣伍佰萬元，待1個月內提出如何協助地方有效監管掩埋場具體措施後，始得動支。【278】",,,,,,,,,,115,環境管理署,環境部,2026/5/20,陳瑩,林月琴|王正旭,5649,,,環境管理,,,1278159000,2026-06-13T14:59:36.472Z
12190,主決議,保留,,,"115年度環境部環境管理署「環境管理」預算編列12億7,815萬9千元。鑑於極端氣候加劇，複合性災害發生頻率顯著增加，致使災後廢棄物清理成為災後復原之重大挑戰。以114年花蓮馬太鞍堰塞湖溢流事件為例，清出之淤泥與垃圾混合物總量預估上看百萬噸，然環境部現行處置方式仍顯被動，不僅缺乏跨區大規模處理之管理計畫，其緊急暫置場甚至未鋪設防水布及不透水層，恐引發二次環境汙染。對比日本等鄰近國家，早已針對不同災害情境（如震災、水災、土石流等）建立災後廢棄物參數資料庫、模擬產量並制定標準作業程序（SOP），我國目前之應變機制實屬脆弱且落後。為強化我國災後復原韌性，確保廢棄物處理不致造成環境二次傷害，爰要求環境部環境管理署於6個月內，參考國際經驗（如日本應變機制）建立「台灣災後廢棄物管理與執行計畫」及相關參數資料庫，並針對暫置場所之環境防護規範提出檢討報告，向立法院社會福利及衛生環境委員會提出書面報告，始得動支。【279】",,,,,,,,,,115,環境管理署,環境部,2026/5/20,王正旭,黃秀芳|林月琴,5649,,,環境管理,,,1278159000,2026-06-13T14:59:36.472Z
12191,減列,保留,150000000,,"115年度環境部環境管理署「環境管理」項下「委辦費」預算編列3億4,257萬8千元。經查：環境部環境管理署113年共編列1億5,075萬辦理26個委辦案、114年編列1億4,901萬3千辦理27個委辦案、115年編列3億4,257萬8千元辦理41個委辦案，相關委辦成果成效不彰，其委辦經費竟年年增加，並且115年較114年經費直接暴增1倍餘，顯有浮編之虞；另部分計畫非例行性檢驗工作或系統建置，而係檢討或管理效能精進計畫，此類可以AI人機協作方式處理之簡單計畫，竟編列高額委辦費，令人匪夷所思；再者部分計畫內容不明或是計畫長期委辦，將不利預算審查並削減相關業務組之專業能力，長期以降，將使環境部環境管理署成為外包署，國家環境管理工作恐被私人單位左右，爰建議刪除1億5,000萬元。【280】",,,,,,,,,,115,環境管理署,環境部,2026/5/20,廖偉翔|陳菁徽|邱慧洳,,5650,,,環境管理,委辦費,,342578000,2026-06-13T14:59:36.472Z
12192,凍結,保留,,867500,115年度環境管理署「環境管理」項下「公有掩埋場營運管理暨資訊系統維運計畫」之「委辦費(業務費部分)」預算編列867萬5千元。全國已封閉公有垃圾掩埋場雖已停止運作，但廢棄物分解產生之滲出水含有重金屬及污染物，恐對地下水、土壤及空氣品質造成長期負面影響。根據審計部114年專案審計報告「地方政府已封閉垃圾掩埋場維護管理情形」調查發現，環境部之督導管理存有下列重大缺失：1、監測體系漏洞與失靈：部分掩埋場周圍未設置地下水監測井，或因道路毀損、地主架設圍籬導致長年無法進入採樣；甚至部分監測井雖已設置卻因損壞、遭掩埋或無水可取而形同虛設。2、污染超標處置消極：部分監測結果已達地下水污染管制標準值，卻僅持續監測而未積極查明原因並採取改善措施。3、法規遵循度不足：部分掩埋場未納入水污染防治法管制，導致未能掌握污水排放情形，或滲出水處理未依法取得貯留許可證。為確保環境部善盡督導之職責，避免已封閉掩埋場成為地方環境污染之隱患，爰凍結該項預算10%，待環境部針對全國已封閉垃圾掩埋場之滲出水處理設施及地下水監測井提出全面清查報告，並訂定具體之督導改善計畫與污染超標應變機制後，於三個月內向立法院社會福利及衛生環境委員會提出書面報告並經同意後始得動支。【281】,,,,,,,,,,115,環境管理署,環境部,2026/5/20,邱慧洳,邱鎮軍|陳菁徽,5651,,,環境管理,公有掩埋場營運管理暨資訊系統維運計畫,委辦費(業務費部分),8675000,2026-06-13T14:59:36.472Z
12193,凍結,保留,,867500,115年度環境管理署「環境管理」項下「公有掩埋場營運管理暨資訊系統維運計畫」之「委辦費(業務費部分)」預算編列867萬5千元。已封閉垃圾掩埋場之場址復育與綠美化，係轉化嫌惡設施、提升土地利用價值的核心任務。根據審計部114年專案審計報告「地方政府已封閉垃圾掩埋場維護管理情形」調查發現，環境部在推動復育與後續管理上成效不彰：1.復育進度嚴重落後：部分掩埋場已封閉多年，卻因缺乏規劃，遲未完成復育或綠美化；甚有場址未經復育即逕行作為環保公園供民眾使用，潛藏安全及衛生疑慮。2.場區結構安全隱憂：部分場區擋土牆未符合耐震鑑定標準，或出現邊坡沖刷、牆體塌陷龜裂卻未及時修復之情事，嚴重威胁周遭環境安全。3.環境監測功能缺失：部分場址未辦理土壤污染檢測作業，或檢測後未適時公告監測結果，資訊透明度不足。4.活化管理不彰：轉型為環境教育場所之場址參訪人數稀少，或因通行道路屬私有地遭阻礙，導致復育空間民眾無法進入，公共效益未能發揮。為督促環境部落實已封閉垃圾掩埋場場址復育之監督機制並優化經費配置，爰凍結該項預算10%，待環境部針對已封閉垃圾掩埋場場址復育提出配套方案，並就全台掩埋場結構安全監控及土地活化效益提升於3個月內向立法院社會福利及衛生環境委員會提出書面報告並經同意後始得動支。【282】,,,,,,,,,,115,環境管理署,環境部,2026/5/20,邱慧洳,邱鎮軍|陳菁徽,5651,,,環境管理,公有掩埋場營運管理暨資訊系統維運計畫,委辦費(業務費部分),8675000,2026-06-13T14:59:36.472Z
12194,凍結,保留,,10000000,"近年全台各地廢棄物暫置場火警頻傳，2025年台南後壁丹娜絲暫置場火災顯示暫置場堆置高度達 10~20公尺、內部溫度逾80°C、缺乏主動監測與排氣機制，暫置時程長達11年，堆置方式已形同「生化炸彈」，「自燃」為人禍而非天災，顯示災害廢棄物暫置場之管理機制嚴重失靈。環境部環境管理署於115年1月已公布「災害廢棄物管理指引」，就災害廢棄物種類、量體估算、暫置場選址、防災安全、處理方式原則、權責分工、地方政府配合、附件等面向提出指導性規範。惟該指引仍屬「行政指引初稿」，無強制力，且經比對日本環境省「災害廢棄物對策指引」之要求，尚存顯著不足：日本規範明確指出，為避免廢棄物移除後殘留細小碎片或滲出水污染土壤，暫置場退場時必須進行「表土刨除」作業，標準為刨除表層15~40公分土壤，以確保土地歸還時無污染疑慮；我國指引對於「退場後的復原」仍未有具體技術規範，恐埋下日後土地污染與求償糾紛之隱憂。此外，我國指引未訂定「暫置時程上限」（例如不得逾6個月）。爰針對115年度環境部環境管理署「環境管理」項下「綜合業務管理」預算編列7,245萬1千元，凍結1,000萬元。待環境部修正「災害廢棄物管理指引」，增訂暫置場退場後之「表土刨除」復原作業標準、暫置時程上限、指引法制化期程等規劃，並向立法院社會福利及衛生環境委員會提出書面報告後，始得動支。【286】",,,,,,,,,,115,環境管理署,環境部,2026/5/20,林淑芬,黃秀芳|賴惠員|林月琴|王正旭,5652,,,環境管理,綜合業務管理,,72451000,2026-06-13T14:59:36.472Z
12195,減列,保留,5000000,,"環境部環境管理署115年歲出環境管理計畫項下01綜合業務管理工作編列5,187萬4千元之業務費，惟查:教育訓練費連續三年參訪歐洲，且經費逐年增加，從113年16萬元、114年18萬元，115年成長一倍至35萬元，依據說明係參訪歐洲先進環保設施與相關機構，然連續三年參訪並無與參訪機構建立相關合作機制或合作備忘錄，致使該計畫淪為年年赴歐參觀行程，無助於業務推展；又資訊服務費原113年僅編列580萬元、114年暴增至2,098萬9千元，115年為1,991萬8千元，究其原因為擴充資通安全經費，然資安經費僅680萬3千元，故有浮編之虞，爰建議刪除500萬元。【289】",,,,,,,,,,115,環境管理署,環境部,2026/5/20,廖偉翔|陳菁徽|邱慧洳,,,,,,,,,2026-06-13T14:59:36.472Z
12196,減列,保留,2000000,,"115年度環境部環境管理署「環境管理」項下「推動環境管理工作」預算編列3億8,187萬9千元，惟查:行政院111年核定預防環保犯罪暨智慧環保打造綠色幸福家園計畫(112-117年)，前已連續編列多年經費，然115年所編發展建構4D人工智慧監控告警數位轉型計畫為部編計畫，於行政院未廢置前述計畫前即另以部編計畫代替，不僅無法審計、檢閱評析原計畫施行成果，另以其他新編中長程計畫代替，恐有違施政一貫性、一體性，亦不利立法院之預決算審查以及未來審計部審核，爰建議減列200萬元，俟環境部向行政院提出廢止原計畫並獲院許可，同時會知監察院審計部，及新計畫獲行政院核定後，向立法院社會福利及衛生環境委員會提出專案報告並獲許可。【298】",,,,,,,,,,115,環境管理署,環境部,2026/5/20,廖偉翔|陳菁徽|邱慧洳,,5653,,,環境管理,推動環境管理工作,,381879000,2026-06-13T14:59:36.472Z
12197,凍結,保留,,10000000,"近年氣候變遷異常，極端降雨與風災頻仍，全台各地面臨複合型災害之風險劇增。當災害發生時，環境部對於災後廢棄物之估算，往往缺乏科學依據，馬太鞍溪堰塞湖等災害事件後所估算之廢棄物3,000萬公噸更缺乏方法論依據。缺乏準確估算，將導致暫置場規劃失準、處理設備調度不及，甚至造成二次環境污染。日本災害管理準則將「災害廢棄物處理量估計」列為初期應對之關鍵步驟，採「災前規劃→災初估算→執行計畫→滾動修正」四階段作業，並依不同災害類型（海嘯混合型、地震倒塌型、水災淤泥型、土石流型等）建立詳盡之係數資料庫（例如地震倒塌棟數×每棟係數、風災泡水戶數×每戶係數、堰塞湖單位土方量等），以利災發當下能迅速推估廢棄物組成與總量。反觀我國目前仍缺乏在地化之廢棄物估算參數資料庫，災後應變難以精準到位。另4月3日花蓮地震應變過程中，環境部建置之環境災害管理資訊系統（EMIS）及決策支援系統（DEDS）僅被動記錄，實際跨部會協調仍賴人工「手推LINE群組」，資訊系統未發揮即時決策支援、資源調度及跨部會整合功能。爰針對115年度環境部環境管理署「環境管理」項下「推動環境管理工作」預算編列3億8,187萬9千元，凍結預算1,000萬元，待環境部提出建立「台灣災害廢棄物科學化估算參數資料庫」（依地震、海嘯、風災、土石流、堰塞湖等災害類型分別訂定係數），並提出 EMIS／DEDS 升級之功能模組及自動化決策支援之規劃並向立法院社會福利及衛生環境委員會提出書面報告後，始得動支。【300】",,,,,,,,,,115,環境管理署,環境部,2026/5/20,林淑芬,黃秀芳|賴惠員|林月琴|王正旭,5653,,,環境管理,推動環境管理工作,,381879000,2026-06-13T14:59:36.472Z
12198,凍結,保留,,5000000,"環境部針對「二仁溪河道廢棄物清理第二期專案計畫」，編列3億4,200萬元獎補助費供地方政府辦理實質挖掘，卻又編列高達1,398萬元委辦費，用於「追蹤管控、辦理民眾參與及人力支援作業」，針對相關工程進度，環境部環境管理署應有署內既定管考程序，針對二仁溪河道廢棄物清理之進度追蹤，應由環境部環境管理署善盡督導職責，目前委外「協助追蹤」之作法，顯有浮編預算之嫌，爰針對115年度環境部環境管理署「環境管理」項下「推動環境管理工作」預算編列3億8,187萬9千元，凍結500萬元，俟環境部環境管理署於1個月內向立法院社會福利及衛生環境委員會提出書面報告後始得動支。【301】",,,,,,,,,,115,環境管理署,環境部,2026/5/20,蘇清泉|王育敏,廖偉翔,5654,,,二仁溪河道廢棄物清理第二期專案計畫,,,342000000,2026-06-13T14:59:36.472Z
12199,凍結,保留,,3937300,"115年度環境部環境管理署預算案於第2目「環境管理」項下「推動環境管理工作」中「業務費」編列預算3,937萬3千元。有關115年度環境部環境管理署於「環境管理」項下「推動環境管理工作」之「業務費」預算編列3,937萬3千元，較114年度增加2,291萬8千元，增幅甚鉅。其中「二仁溪河道廢棄物清理第二期專案計畫」，包含補助地方政府辦理二仁溪河道廢棄物挖掘清理，並以「為完備環境監管，有效追蹤管控空氣、水、廢棄物等相關污染因子於計畫作業期間所造成之影響」等理由，編列業務費1,638萬元。惟查，環境部過去已全額補助地方政府辦理二仁溪水質改善及相關清理工作。再者，依據河川管理相關法規，二仁溪河川管理權責應屬經濟部水利署及地方河川主管機關辦理。環境部雖得就污染防治、廢棄物清理及環境監測等事項提供協助，然本案在已全額補助地方政府執行清理作業之情形下，又另行編列預算辦理環境監管、人力支援及民眾參與等事項，其必要性、權責分工及預算配置合理性均有疑義。尤其河道廢棄物之挖掘清理、河川治理及現場工程管理，涉及河川主管機關權責；若環境管理署持續以專案方式擴張辦理，恐造成中央機關間權責重疊、預算重複編列及責任歸屬不明等問題。環境管理署應釐清其角色究竟係污染監測與稽查督導，抑或已實質介入河川工程與治理業務，避免逾越環境管理署原有職掌範圍。爰此，請環境部環境管理署重新檢視本項預算之編列依據及權責歸屬，具體說明1,638萬元業務費之使用內容、執行項目、與地方政府補助經費之區隔、與經濟部水利署及地方河川主管機關之分工，以及是否存在重複補助或重複辦理之情形。並應將非屬環境管理署權責之河川治理、河道工程及清理管理事項，回歸主管機關辦理，爰凍結該項預算百分之十，俟環境部環境管理署於1個月內向立法院社會福利及衛生環境委員會提出專案報告並經同意後，始得動支。【302】",,,,,,,,,,115,環境管理署,環境部,2026/5/20,陳菁徽,邱鎮軍|邱慧洳,5655,,,環境管理,推動環境管理工作,業務費,39373000,2026-06-13T14:59:36.472Z
12200,減列、凍結,保留,16000000,300000000,"115年度環境部環境管理署「環境管理」項下「推動環境管理工作」之「獎補助費」預算編列3億4,250萬6千元，惟查:該補助地方政府挖掘清理二仁溪河道廢棄物等，然該計畫中之整治點右岸二仁溪橋下南山段(場址A)預估清理1800平方米，估計汙染深度3米，該整治點緊鄰橋墩，恐影響橋樑安全，強行開挖恐產生湧水、邊坡坍塌或機具沉隘，且開挖後土壤側向壓力因解壓產生變化，將造成橋樑結構安全；復該整治點之選取是否有詳盡調查，如橋樑興建時間是否早於汙染其間等，不無疑問。再者，二仁溪於民國98年開始清理(水利署98-100年以耗資10億清理13.6萬噸、環境部108-110年補助651萬清理117.26公噸、112-113年補助987萬清理63.19公噸)，114-117年預計清理數量之計算基準是否以排除前述以清理之區域、新清理場域如何選定及是否過於偏散而無整治需求等不無疑問?且計畫中亦編列98年清理前即應辦理之民眾參與程序，115年方才編列顯為消耗預算之用，爰刪除1,600萬並凍結3億元，俟環境部針對二仁溪河道廢棄物清理詳盡調查歷年計畫及實施成果，並檢討新整治點之必要性、安全性等後，經立法院衛環委員會專案報告同意後，始得動支。【307】",,,,,,,,,,115,環境管理署,環境部,2026/5/20,廖偉翔|盧縣一|陳菁徽,,5656,,,環境管理,推動環境管理工作,獎補助費,342506000,2026-06-13T14:59:36.472Z
12201,凍結,保留,,1000000,"115年度環境部環境管理署「環境管理」項下「推動環境管理工作」中「二仁溪河道廢棄物清理第二期專案計畫」之「為完備環境監管，有效追蹤管控空氣、水、廢棄物等相關污染因子於計畫作業期間所造成之影響，避免造成二次污染，另為求公開透明使民眾深入瞭解清理情形及支持，辦理民眾參與及人力支援作業」預算編列1,638萬元。分支計畫編列「獎補助費」3億4,250 萬6千元及「業務費」預算1,638萬元，合共3億5,888 萬6千元，用以新增辦理「二仁溪河道廢棄物清理第二期專案計畫」，然該案遭環境立法院預算中心指出，境管理署編列業務督導管理費5,803萬元與臺南市政府委託專業服務廠商執行工作相近，且部分工作內容係屬該署既有之區域治理稽查業務重疊，新增大幅編列預算的妥適性允待商榷，預算凍結1,000千元，待環境部環境管理署向立法院社會福利及衛生環境委員會提出書面報告並經同意後始得動支。【310】",,,,,,,,,,115,環境管理署,環境部,2026/5/20,邱鎮軍|陳菁徽|邱慧洳,,5657,,,環境管理,推動環境管理工作,二仁溪河道廢棄物清理第二期專案計畫 > 為完備環境監管，有效追蹤管控空氣、水、廢棄物等相關污染因子於計畫作業期間所造成之影響，避免造成二次污染，另為求公開透明使民眾深入瞭解清理情形及支持，辦理民眾參與及人力支援作業,16380000,2026-06-13T14:59:36.472Z
12202,凍結,保留,,200000000,"115年度環境部環境管理署「環境管理」項下「強化全國廢棄物流向遠端數位管理智慧決策計畫」預算編列4億5,630萬元。惟查:行政院111年核定預防環保犯罪暨智慧環保打造綠色幸福家園計畫(112至117年)，前已連續編列多年經費，然115年於行政院未廢置前述計畫前即另編經費代替，且05所編非為行政院核定之中長程計畫，恐有違行政院所屬各機關中長程個案計畫編審要點、落實零基預算精神強化預算編製作業精進措施、政府公共建設計畫先期作業實施要點。故115年環境管理計畫項下05計強化全國廢棄物流向遠端數位管理智慧決策計畫不僅無法審計、檢閱評析原計畫施行成果，另以其他新編中長程計畫代替，恐有違施政一貫性、一體性，亦不力立法院之預決算審查以及未來審計部審核，爰建議凍結2億元，俟環境部向行政院提出廢止原計畫並獲院許可，同時會知監察院審計部，及新計畫獲行政院核定後，向立法院衛環委員會提出專案報告並獲許可，方准予解凍。【317】",,,,,,,,,,115,環境管理署,環境部,2026/5/20,廖偉翔|陳菁徽|邱慧洳,,5658,,,環境管理,強化全國廢棄物流向遠端數位管理智慧決策計畫,,456300000,2026-06-13T14:59:36.472Z
12203,凍結,保留,,10000000,"為翻轉國內垃圾處理舊思維並與國外新技術接軌，行政院於106年核定「多元化垃圾處理計畫」，協助地方政府辦理既有垃圾焚化廠升級，延長使用壽命；亦協助無焚化廠縣市推動在地垃圾處理設施。本計畫之目的，即為擺脫過去台灣焚化為主掩埋為輔之垃圾政策，朝向多元化，甚至轉廢為能的方向前進，然而如今環境部垃圾處理政策仍朝向垃圾焚化為主，以持續興建焚化廠解決垃圾問題，顯示本計畫已面臨巨大的問題，爰針對115年度環境部環境管理署「環境管理」項下「多元化垃圾處理計畫-第2期計畫」預算編列9,500萬元，刪除1,000萬元，並凍結1,000萬元，待環境部提出明確的計畫修正方案後，經立法院同意，始得動支。【325】",,,,,,,,,,115,環境管理署,環境部,2026/5/20,劉建國,林月琴|王正旭,5659,,,環境管理,多元化垃圾處理計畫-第2期計畫,,95000000,2026-06-13T14:59:36.472Z
12204,凍結,保留,,1000000,"審計部中央政府總決算報告指出，以離島三縣111至113年度一般垃圾產生量分析，除金門縣外，澎湖縣及連江縣一般垃圾產生量分別自111年度之2萬4,598公噸、2,747公噸，上升至113年度之2萬4,798公噸、3,204公噸，顯示離島地區推動垃圾源頭減量成效欠佳，仍須仰賴環境管理署長年補助垃圾轉運費轉運回本島焚燒，影響垃圾自主處理目標，環境管理署應持續督促各地方政府推動垃圾源頭減量，爰針對115年度環境部環境管理署「環境管理」項下「多元化垃圾處理計畫-第2期計畫」預算編列9,500萬元，刪減100萬元、凍結100萬元，待環境部環境管理署提交書面報告至本委員會後始得動支。【327】",,,,,,,,,,115,環境管理署,環境部,2026/5/20,楊曜,黃秀芳|劉建國,5659,,,環境管理,多元化垃圾處理計畫-第2期計畫,,95000000,2026-06-13T14:59:36.472Z
12205,凍結,保留,,19000000,"115年度環境部環境管理署「環境管理」項下「多元化垃圾處理計畫-第2期計畫」預算編列9,500萬元。全國一般廢棄物產生量逐年增加，去化降幅卻有限，導致113年度期末暫存量仍高達75萬餘公噸，凸顯出全國垃圾焚化廠處理量能及掩埋場剩餘容量嚴重不足窘境。許多原鄉部落屢屢爆發嚴重的「垃圾山」危機。其主因在於原鄉缺乏自主的垃圾焚化設施，仰賴將垃圾長途「轉運」至平地代為處理；一旦遭遇平地縣市焚化爐歲修或量能不足產生排擠，原鄉垃圾首當其衝遭到拒收，引發惡臭衛生危機。環境管理署在推動多元化垃圾處理與環境管理工作時，卻未能體察原鄉民瘼，不僅未針對原鄉特殊的「廢棄物清運、長途轉運及堆置場去化」困境提出妥適因應對策，亦未定期與原鄉鄉（鎮、市、區）公所進行相關垃圾去化議題的協調與討論，讓部落獨自面對沉重的清運成本與環境污染風險。例如：先前爆發垃圾危機之新竹縣尖石、五峰鄉、南投縣仁愛、信義鄉、台東縣蘭嶼鄉、花蓮縣秀林鄉。為落實對原住民族地區環境正義，爰針對是項預算凍結百分之二十，應俟環境部環境管理署針對「原鄉地區垃圾長途轉運困難與高昂成本之補助對策、加速原鄉既有垃圾堆置場去化方案，建立中央協調調度焚化爐支援原鄉垃圾處理專案機制」，向立法院社會福利及衛生環境委員會提出書面報告後，始得動支。【328】",,,,,,,,,,115,環境管理署,環境部,2026/5/20,盧縣一|蘇清泉,涂權吉,5659,,,環境管理,多元化垃圾處理計畫-第2期計畫,,95000000,2026-06-13T14:59:36.472Z
12206,凍結,保留,,5000000,"115年度環境部環境管理署「環境管理」項下「多元化垃圾處理計畫-第2期計畫」預算編列9,500萬元。我國一年一般廢棄物產生量已高達1176萬公噸，嗣透過回收再利用、焚化及衛生掩埋等方式處理後，期末暫存量自107年度之21.23萬公噸於113年上升為75.02萬公噸，若再加計災後產生之廢棄物，全國待處理垃圾量恐更大幅增加。而未能焚化處理之垃圾如未能立即進行掩埋處理，長期下來將有垃圾裸露堆置，衍生火災及環境衛生問題之疑慮。查環境部環境管理署於105年陸續補助地方政府辦理垃圾掩埋場活化改善工程，為解決前開事項，惟因一般垃圾經大型焚化廠焚燒後產生大量焚化飛灰，除作為不適燃廢棄物外，亦多以穩定化法處理成飛灰穩定化物後掩埋，致已活化之掩埋空間漸少，影響一般廢棄物之處理量能。而環境部環境管理署推動焚化飛灰再利用計畫，仍僅有13.02%之再利用率，可見相關垃圾處理與焚化爐飛灰政策有需重新通盤檢討並精進之處。爰凍結該項預算500萬元，俟環境部環境管理署於3個月內向立法院社會福利及衛生環境委員會提出書面報告後，始得動支。【329】",,,,,,,,,,115,環境管理署,環境部,2026/5/20,邱慧洳,邱鎮軍|陳菁徽,5659,,,環境管理,多元化垃圾處理計畫-第2期計畫,,95000000,2026-06-13T14:59:36.472Z
12207,凍結,保留,,4750000,"115年度環境部環境管理署「環境管理」項下「多元化垃圾處理計畫-第2期計畫」預算編列9,500萬元。政府承諾於115年底前完成裸露垃圾山之清理，然截至113年底，全國整體達成率僅27.6%，與既定目標顯有重大落差。尤以新竹縣、臺南市、花蓮縣及臺中市等高堆置熱區，處理進度明顯落後，部分地區甚至仍為零進度，顯示中央政策推動與地方執行之間未能有效銜接，整體治理成效不彰，目標跳票風險甚高。復就執行面觀之，垃圾山問題長期累積，涉及土地取得、去化量能及地方協調等多重因素，然主管機關未提出具體分區策略與時程控管機制，亦缺乏針對落後縣市之專案輔導與資源傾斜，致進度落差持續擴大。於政策承諾與實際成果明顯不符之情形下，相關預算編列與執行成效顯有檢討必要。爰凍結該項預算百分之五，俟環境部環境管理署於1個月內向立法院社會福利及衛生環境委員會提出書面報告後，始得動支。【330】",,,,,,,,,,115,環境管理署,環境部,2026/5/20,邱慧洳,邱鎮軍|陳菁徽,5659,,,環境管理,多元化垃圾處理計畫-第2期計畫,,95000000,2026-06-13T14:59:36.472Z
12208,凍結,保留,,1000000,"115年度環境部環境管理署「環境管理」項下「多元化垃圾處理計畫-第2期計畫」預算編列9,500萬元。查114年度立法院多次關切全國「暫置垃圾山」問題，要求於115年底前達成妥善處置目標。雖環境部環境管理署已建置監控平台且截至114年6月底暫置量已降至72.4萬噸，然各界對於其是否僅透過「打包」而非真正「去化」仍有疑慮。為追蹤115年度是否能如期清空承諾之53座垃圾山。爰凍結該項預算100萬元，俟環境部環境管理署於1個月內向立法院社會福利及衛生環境委員會提出「全國裸露堆置垃圾妥善處理最終去化期程報告」書面報告後，始得動支。【331】",,,,,,,,,,115,環境管理署,環境部,2026/5/20,邱鎮軍,陳菁徽|王育敏,5659,,,環境管理,多元化垃圾處理計畫-第2期計畫,,95000000,2026-06-13T14:59:36.472Z
12209,凍結,保留,,1000000,"115年度環境部環境管理署「環境管理」項下「多元化垃圾處理計畫-第2期計畫」預算編列9,500萬元。辦理垃圾清理督導管理相關工作，配合計畫推動辦理相關之資料蒐集、新穎廢棄物處理技術研發、設置規範探討及委託專業技術團隊協處合作等，以取得有效可行推動模式，作為後續策略規劃參採，編列預算9,500萬元。經查國內焚化飛灰再利用率僅約10%，近九成仍採穩定化掩埋，成效未如預期。鑑於115年度總體計畫預算較114年度顯著減列，為確保飛灰再利用之補助誘因不因此中斷。爰凍結100萬元，俟環境部環境管理署於1個月內向立法院社會福利及衛生環境委員會提出「焚化飛灰再利用中長程提升目標與設施水洗推動」書面報告後，始得動支。【332】",,,,,,,,,,115,環境管理署,環境部,2026/5/20,邱鎮軍,陳菁徽|王育敏,5659,,,環境管理,多元化垃圾處理計畫-第2期計畫,,95000000,2026-06-13T14:59:36.472Z
12210,凍結,保留,,1000000,"115年度環境部環境管理署「環境管理」項下「鼓勵公民營機構興建營運垃圾焚化廠推動計畫」預算編列1億7,860萬元。有鑑於台中非洲豬瘟發生後，廚餘回收處理政策變更，廚餘不再作為養豬使用，影響焚化爐熱值及生質能源廠目標達成度問題，為評估現行焚化廠升級整備後與資源全循環政策之搭配性。爰凍結該項預算100萬元，俟環境部環境管理署於1個月內向立法院社會福利及衛生環境委員會提出「焚化廠能效提升與廚餘/飛灰循環管理整合報告」書面報告後，始得動支。【334】",,,,,,,,,,115,環境管理署,環境部,2026/5/20,邱鎮軍,陳菁徽|王育敏,5660,,,環境管理,鼓勵公民營機構興建營運垃圾焚化廠推動計畫,,178600000,2026-06-13T14:59:36.472Z
12211,凍結,通過,,1000000,"115年度環境部環境管理署預算編列16億6,563萬7千元。經查，我國營運中的大型垃圾焚化廠每年產出的焚化底渣量約為83萬至85萬公噸。垃圾經焚化處理後，約有13%至15%會轉化為底渣，早期底渣多以衛生掩埋處理，現已轉型為資源循環模式，根據環境部數據，近3年（110-112年）的焚化再生粒料循環率均穩定達90%以上，113年更達到100%全數去化。底渣經處理後成為「焚化再生粒料」，可替代天然砂石，廣泛應用於道路級配底層、控制性低強度回填材料（CLSM）、路堤填築及水泥加工品（如紐澤西護欄、磚品）中。目前的垃圾暫置問題是我國環境管理最嚴峻的挑戰之一，由於部分縣市焚化爐老舊整修或無焚化設施，導致垃圾無法即時處理，必須暫時堆置在掩埋場或轉運站。而焚化爐被民眾視為嫌惡設施，只要有新建計畫，就會引發當地居民反彈、抗爭。垃圾堆積問題仍必須積極解決，如何讓焚化爐與環境共生、降低對環境的影響，環境部環境管理署應更加積極鼓勵多元的垃圾處理，將垃圾處理的效益發揮到最大。爰針對是項預算凍結100萬元，俟環境部環境管理署於6個月內向立法院社會福利及衛生環境委員會提出書面報告。【266】",,,,,,,,,,115,環境管理署,環境部,2026/5/20,黃秀芳,楊曜|王正旭,,,,,,,,2026-06-13T14:59:36.472Z
12212,凍結,通過,,100000,"115年度環境部環境管理署「一般行政」項下「區域治理基本行政工作維持」預算編列1,086萬1千元，本計畫係三區環境管理中心辦理文書、事務及財物管理等一般行政工作。內容包含「臺北辦公室與北區環境管理中心辦公室拆組搬遷及活化改善」經費240萬元。鑑於114年度甫編列南區環境管理中心鳳山大樓整建經費，115年度年度又針對北區及臺北辦公室進行搬遷改善。為避免行政資源重複投入於硬體搬遷，爰針對是項預算凍結10萬元，俟環境部環境管理署於1個月內向立法院社會福利及衛生環境委員會提出書面報告後，始得動支。【274】",,,,,,,,,,115,環境管理署,環境部,2026/5/20,邱鎮軍,陳菁徽|王育敏,5661,,,一般行政,區域治理基本行政工作維持,,10861000,2026-06-13T14:59:36.472Z
12213,凍結,通過,,3622550,"115年度環境部環境管理署「環境管理」項下「綜合業務管理」預算編列7,245萬1千元。近年營建廢棄物非法棄置案件頻仍，從高雄美濃大規模開挖回填形成「天坑」，至苗栗、桃園等地跨區傾倒廢土，顯示廢棄物流向管制機制長期失靈，執法未具即時性與嚇阻力。環境部雖編列逾20億元推動「智慧圍籬」及數位監控系統，然以高雄月世界案件觀之，不法業者仍可多次跨縣市載運並完成棄置而未遭攔阻，足證現行科技監管於資料整合、即時預警及跨機關聯防上均存重大漏洞。在實際成效未明之前即持續擴張預算，難謂審慎。復就業者管理與裁罰機制而言，部分違規業者於短期內屢次違法，甚至引發火災並積欠罰鍰，仍得持續營業，顯示主管機關未能落實退場機制與強制執行，致裁罰形同具文，無法達成預防與嚇阻目的。又非法棄置後之環境復原費用常因業者脫產而難以追償，形成污染外部化之不公現象，顯見整體制度自源頭控管至事後追償均未建構完整閉環，執行成效不彰，實有通盤檢討之必要。爰針對是項預算凍結百分之五，俟環境部環境管理署於3個月內向立法院社會福利及衛生環境委員會提出書面報告後，始得動支。【109】",,,,,,,,,,115,環境管理署,環境部,2026/5/20,邱慧洳,邱鎮軍|陳菁徽,5652,,,環境管理,綜合業務管理,,72451000,2026-06-13T14:59:36.472Z
12214,凍結,通過,,5000000,"115 年度環境部環境管理署「環境管理」項下「綜合業務管理」預算編列 7,245 萬 1 千元，合併凍結 500 萬元，俟環境部環境管理署就下列各案，向立法院社會福利及衛生環境委員會提出書面報告後，始得動支。",,,,,,,,,,115,環境管理署,環境部,2026/5/20,邱鎮軍|邱慧洳,邱鎮軍|陳菁徽|王育敏,5652,,,環境管理,綜合業務管理,,72451000,2026-06-13T14:59:36.472Z
12215,凍結,通過,,5000000,"115年度環境部環境管理署預算案於第2目「環境管理」項下「綜合業務管理」編列預年7,245萬1千元。台中地檢署破獲橫跨12縣市之大型環保犯罪集團，不法業者以合法清運執照為掩護，長期非法傾倒高達15萬立方公尺、約9萬噸之事業廢棄物，污染範圍遍及中南部，甚至侵入高美濕地、國有林地及軍事用地等敏感區域，造成戴奧辛等有毒物質擴散，初估國土復原成本即逾10億元。該等行為規模龐大且持續時間長，卻未被主管機關即時攔阻，顯示現行廢棄物流向追蹤與跨區監管機制未能有效運作，形同失靈。復就執行面觀之，該集團利用偽造聯單、關閉或規避GPS監控等手法長期規避查緝，甚至於機具遭查扣後仍能再行取回持續作案，反映主管機關於清運業者管理、聯單制度查核及違規業者退場機制上均存重大漏洞。環境部環境管理署未能建立具即時性之監控與強制性之裁罰機制，致非法棄置行為呈現集團化、組織化發展，對國土安全與生態環境造成系統性風險，相關政策執行與預算效益顯有檢討必要。爰凍結該項預算500萬元，俟環境部環境管理署於3個月內向立法院社會福利及衛生環境委員會提出書面報告後，始得動支。【287】",,,,,,,,,,115,環境管理署,環境部,2026/5/20,邱慧洳,邱鎮軍|陳菁徽,5652,,,環境管理,綜合業務管理,,72451000,2026-06-13T14:59:36.472Z
12216,凍結,通過,,5000000,"115年度環境部環境管理署預算案於第2目「環境管理」項下「綜合業務管理」推動環境執法及督導工作，強化查緝效能並遏止不法，主要辦理提升環保稽查量能及裁罰能力、環工技師簽證案件查核管理、環評監督治理路徑建構及說明會、環境稽查數位化等業務。編列預算7,245萬1千元。經查114年度立法院曾針對該目下「建置執法智慧決策中心」因成果計畫與效益分析不完整而提出凍結決議（決議382之(5)）。115年度雖減列部分建置費，但仍編列軟體授權及維護經費。為追蹤該決策中心自114年度建置以來之實際執法成效與AI模型準確度，爰針對115年度環境部環境管理署「環境管理」項下「綜合業務管理」預算編列7,245萬1千元，凍結該項預算500萬元，俟環境部環境管理署於3個月內向立法院社會福利及衛生環境委員會提出執法智慧決策中心執行成效書面報告後，始得動支。【288】",,,,,,,,,,115,環境管理署,環境部,2026/5/20,邱鎮軍,陳菁徽|王育敏,5652,,,環境管理,綜合業務管理,,72451000,2026-06-13T14:59:36.472Z
12217,凍結,通過,,4000000,"115年度環境部環境管理署「環境管理」項下「綜合業務管理」預算編列7,245萬1千元。2025年2月，高雄市馬頭山自然協會指出，高雄馬頭山遭不肖人士惡意傾倒事業廢棄物約2,800公噸，惟截至同年9月，中央及地方政府仍未能完成妥適處理。即便本辦多次召開協調會，並安排委員會現場考察，環境部環境管理署仍多以地方政府權責為由，未能積極協助釐清廢棄物流向、污染風險及後續清理復原責任，顯示中央主管機關於重大非法棄置案件中之協調、督導及支援角色仍有不足。此外，本辦曾多次要求環境部環境管理署前往馬頭山進行水質及土壤檢測，以確認該場址是否因大量事業廢棄物棄置而造成環境污染風險。惟環境部環境管理署回應表示，土地污染監測屬地方主管機關權責，因而未主動進行檢測。然而，114年7月環境部曾主動針對嘉南地區災損光電案場進行水質抽驗，顯示中央並非無法於特定事件中進行環境採樣或檢測，而是取決於是否認定有介入之必要。爰此，請環境部環境管理署明確提出中央介入水質、土壤或環境污染檢測之判斷原則，包括啟動條件、適用案件類型、地方請求支援程序、中央主動抽驗之標準及後續處理機制。並請具體說明，為何嘉南地區災損光電案場可由中央主動抽檢水質，然高雄馬頭山遭大量事業廢棄物棄置案件，卻未由環境部環境管理署主動進行水質及土壤污染檢測，以釐清是否存在標準不一、選擇性執法或中央督導責任不足之問題。爰凍結該項預算400萬元，俟環境部環境管理署於3個月內向立法院社會福利及衛生環境委員會提出書面報告列出主管機關介入採樣檢測之指引並經同意後，始得動支。【290】",,,,,,,,,,115,環境管理署,環境部,2026/5/20,陳菁徽|邱慧洳,邱鎮軍,5652,,,環境管理,綜合業務管理,,72451000,2026-06-13T14:59:36.472Z
12218,凍結,通過,,1000000,"115 年度環境部環境管理署「環境管理」項下「綜合業務管理」之「業務費」預算編列 5,187 萬 4 千元，合併凍結 100 萬元，俟環境部環境管理署向立法院社會福利及衛生環境委員會提出書面報告後，始得動支。",,,,,,,,,,115,環境管理署,環境部,2026/5/20,陳菁徽,邱鎮軍|廖偉翔|邱慧洳,5662,,,環境管理,綜合業務管理,業務費,51874000,2026-06-13T14:59:36.472Z
12219,凍結,通過,,1000000,"有鑑於114年環境部環境管理署於「環境管理」項下之「綜合業務管理」並未編列媒體政策及業務宣導費，惟115年度卻於同一業務項下，新增編列「落實家戶垃圾妥善處理，共創優質健康生活環境等環境管理目標」媒體政策及業務宣導費150萬元，其新增原因、必要性及預期效益均有待釐清。目前家戶垃圾妥善處理、垃圾收運、資源回收宣導及分類指引等，多由地方政府第一線執行，包含垃圾車廣播、地方機關跑馬燈、社區宣導、清潔隊公告及地方媒體資訊露出等，均已持續提醒民眾落實垃圾分類與回收處理。環境部環境管理署作為中央主管機關，於115年度新增媒體政策及業務宣導費，是否與地方政府既有宣導資源重疊，抑或有中央層級統一宣導之必要，尚未見明確說明。爰此，請環境部環境管理署就該筆150萬元媒體政策及業務宣導費，具體說明新增編列之原因、預算使用目的、宣導主題、執行方式、目標受眾、與地方政府既有宣導措施之區隔，以及預期成效與評估指標，俾利外界檢視該項預算是否具必要性及效益，避免中央與地方宣導資源重複配置。爰針對115年度環境部環境管理署「環境管理」項下「綜合業務管理」之「業務費」預算編列5,187萬4千元，凍結該項預算100萬元，俟環境部環境管理署於1個月內提出書面報告後，始得動支。【291】",,,,,,,,,,115,環境管理署,環境部,2026/5/20,陳菁徽,邱鎮軍|邱慧洳,5662,,,環境管理,綜合業務管理,業務費,51874000,2026-06-13T14:59:36.472Z
12220,凍結,通過,,1000000,"115年度環境部環境管理署「環境管理」項下「綜合業務管理」之「業務費」預算編列5,187萬4千元。有鑑於114年環境部環境管理署於「環境管理」項下之「綜合業務管理」並未編列媒體政策及業務宣導費，惟115年度卻於同一業務項下，新增編列「落實家戶垃圾妥善處理，共創優質健康生活環境等環境管理目標」媒體政策及業務宣導費150萬元，其新增原因、必要性及預期效益均有待釐清。目前家戶垃圾妥善處理、垃圾收運、資源回收宣導及分類指引等，多由地方政府第一線執行，包含垃圾車廣播、地方機關跑馬燈、社區宣導、清潔隊公告及地方媒體資訊露出等，均已持續提醒民眾落實垃圾分類與回收處理。環境部環境管理署作為中央主管機關，於115年度新增媒體政策及業務宣導費，是否與地方政府既有宣導資源重疊，抑或有中央層級統一宣導之必要，尚未見明確說明。爰此，請環境部環境管理署就該筆150萬元媒體政策及業務宣導費，具體說明新增編列之原因、預算使用目的、宣導主題、執行方式、目標受眾、與地方政府既有宣導措施之區隔，以及預期成效與評估指標，俾利外界檢視該項預算是否具必要性及效益，避免中央與地方宣導資源重複配置。爰凍結該項預算100萬元，俟環境部環境管理署於1個月內提出書面報告後，始得動支。【292】",,,,,,,,,,115,環境管理署,環境部,2026/5/20,陳菁徽,廖偉翔|邱慧洳,5662,,,環境管理,綜合業務管理,業務費,51874000,2026-06-13T14:59:36.472Z
12221,凍結,通過,,160000,"115年度環境部環境管理署「環境管理」項下「綜合業務管理」之「業務費」預算編列5,187萬4千元。有關環境部環境管理署於114年辦理「考察日本先進公廁設施及如廁文化推動情形」，編列國外旅費16萬元。惟我國「公共廁所列管及維護管理指引」自113年7月公布以來，迄今未見後續檢討、修正或精進作為，顯示相關考察成果是否實際回饋國內制度，仍有疑義。日本近年推動公共廁所改善，除重視清潔維護及使用便利外，亦納入安全性、防窺設計、性別友善、無障礙使用、照明動線及如廁文化教育等概念。然反觀我國現行公廁管理制度，對於廁間門縫、隔板高度、通風孔可能窺視、入口視線、反針孔檢測、高風險場域巡檢及民眾通報機制等，尚未建立更完整之設計審查及管理規範。環境部環境管理署既已編列預算赴日考察，卻未能將相關經驗轉化為具體政策、修正指引或補助審查基準，恐有考察流於形式、政策銜接不足之虞。爰此，環境部環境管理署應就該項國外考察之必要性、考察內容、具體成果、後續採納情形及是否研議修正我國公廁管理指引，提出完整說明。並應儘速檢討將安全、防窺、反針孔檢測、性別友善及無障礙設計等項目，納入公廁評鑑、補助審查及維護管理規範，以確保公務考察能實質提升我國公共廁所品質，而非僅止於出國參訪。爰凍結該項預算16萬元，俟環境部環境管理署於1個月內提出書面報告後，始得動支。【293】",,,,,,,,,,115,環境管理署,環境部,2026/5/20,陳菁徽,邱鎮軍|邱慧洳,5662,,,環境管理,綜合業務管理,業務費,51874000,2026-06-13T14:59:36.472Z
12222,凍結,通過,,42000,115年度環境部環境管理署「環境管理」項下「綜合業務管理」中「業務費」之「國外旅費」預算編列42萬元。環境部環境管理署主要職掌包含天然災害應變及環境復原等業務，理應於重大災害或環境事件發生時，扮演即時掌握、跨機關協調及現場復原調度之關鍵角色。惟於花蓮光復鄉發生溢流事件期間，環境部環境管理署署長仍赴歐洲進行考察，直至國內輿論質疑聲浪擴大後，始提前結束國外行程返國，恐有未能即時掌握災害應變責任與社會觀感之虞。更值得檢討的是，環境部環境管理署於出發前竟透過公文要求國籍航空提供貴賓室及行李超重等禮遇。該行為不僅與公務考察應有之樸實、必要及比例原則不符，更易使外界質疑公務出國考察之正當性與機關紀律。尤其在國內災害應變與環境復原工作正需主管機關高度投入之際，相關作法更顯不當。爰此，環境部應就本案公務出國考察之必要性、行程安排、經費支出、簽核程序、災害期間代理及應變機制，以及是否曾要求航空公司提供特殊禮遇等事項，向外界完整說明，並檢討建立更嚴謹之公務出國與災害應變期間首長差勤管理規範，避免類似爭議再次發生。爰凍結該項預算百分之十，俟環境部環境管理署於1個月內向立法院社會福利及衛生環境委員會提出書面報告並經同意後，始得動支。【294】,,,,,,,,,,115,環境管理署,環境部,2026/5/20,陳菁徽,邱鎮軍|邱慧洳,5663,,,環境管理,綜合業務管理,業務費 > 國外旅費,420000,2026-06-13T14:59:36.472Z
12223,凍結,通過,,1000000,"115年度環境部環境管理署「環境管理」項下「區域治理」預算編列2,392萬9千元。經查，環境部環境管理署於「環境管理」項下「區域治理」之預算，113年度為2,204萬5千元、114年度為1,824萬8千元，115年度則增至2,392萬9千元，較114年度增加568萬1千元。其增加項目包含電動汽車電費增加12萬2千元、車輛保險費增加36萬8千元。惟「強化與環保團體交流計畫」近3年編列其必要性、具體內容、執行方式及預期效益均有待釐清。再者，與環保團體溝通、蒐集民間意見及促進政策交流，本即屬環境主管機關推動環境治理時應有之基本職責。若115年未編列相關委辦經費，是否即代表環境部環境管理署未來不建立與環保團體之固定交流機制？爰此，請環境部環境管理署提供近3年與環保團體之成果紀錄。並詳細說明115年度辦理「強化與環保團體交流規劃」之原因、計畫內容、委辦項目、遴選方式、預定合作對象、成果指標及與既有機關業務之區隔。爰凍結該項預算100萬元，俟環境部環境管理署於1個月內向立法院社會福利及衛生環境委員會提出書面報告並經同意後，始得動支。【296】",,,,,,,,,,115,環境管理署,環境部,2026/5/20,陳菁徽,邱鎮軍|邱慧洳,5664,,,環境管理,區域治理,,23929000,2026-06-13T14:59:36.472Z
12224,凍結,通過,,1000000,"環境部環境管理署115年度於「環境管理」項下「推動環境管理工作」，新增辦理「二仁溪河道廢棄物清理第二期專案計畫」，編列「獎補助費」3億4,250萬6千元、「業務費」1,638萬元，合共3億5,888萬6千元，用以補助臺南市政府清除及處理二仁溪河道廢棄物。然根據立法院預算中心評估報告：行政院於114年7月核定本計畫時，明確核復「本計畫所編經費僅限於清除及處理本案所列場址之廢棄物」。因應汛期與二次污染防範，臺南市政府已委託專業服務廠商辦理專案管理及監督工作（經費約6,852萬6千元）。但環境管理署卻又於該計畫（114至117年度）中，編列了高達5,803萬元的「業務督導管理費」，用以辦理各項工作之規劃、管理、督導及建置智慧監管系統，工作內容與臺南市政府委託專業廠商執行的項目高度相近，有疊床架屋、資源重複投入之虞。此外，環境部業務督導管理工作尚包含「水質監測及污染源溯源」，其辦理內容（如篩選可疑事業、執行高風險水污染事業深度查核等）實屬環境管理署既有業務「區域治理稽查業務」範疇，與本專案計畫「清理二仁溪既存廢棄物」核心目的有別，顯然與行政院「僅限於清除及處理廢棄物」之核定原則有悖。因此，爰針對「二仁溪河道廢棄物清理第二期專案計畫」凍結100萬元。俟環境部環境管理署重新檢視「業務督導管理費」編列妥適性，釐清與地方政府委外項目重疊問題，向立法院提出書面報告後，始得動支。【304】",,,,,,,,,,115,環境管理署,環境部,2026/5/20,盧縣一|蘇清泉,陳菁徽,5665,,,環境管理,推動環境管理工作,二仁溪河道廢棄物清理第二期專案計畫,342506000,2026-06-13T14:59:36.472Z
12225,凍結,通過,,1000000,"115 年度環境部環境管理署「環境管理」項下「美質環境推動計畫」預算編列 7,000 萬元，合併凍結 100 萬元，俟環境部環境管理署，向立法院社會福利及衛生環境委員會提出書面報告後，始得動支。",,,,,,,,12226|12227,,115,環境管理署,環境部,2026/5/20,邱鎮軍|盧縣一|蘇清泉,涂權吉|陳菁徽|王育敏,5666,,,環境管理,美質環境推動計畫,,70000000,2026-06-13T14:59:36.472Z
12226,凍結,通過,,1000000,"環境部環境管理署115年度於「美質環境推動計畫」編列預算高達3億8,565萬元，辦理統籌補助地方政府公廁修繕及興建、推動公廁管理及提升品質、疫災應變復原、環境清潔之機具租用及購置、環境衛生維護及控制病媒蚊危害等工作。部分原鄉地區因位處偏遠及幅員遼闊，亟需進行公廁的修繕及建置，俾以推動公廁的管理及使用品質。尤其原鄉部落經常有設置風雨球場、聚會所，以及承租公有公共空間辦理部落「文化健康站」等長照集會需求，故公廁修繕與建置計畫之推廣對原鄉而言，極為重要。惟查環境部環境管理署署長期以來未針對原鄉地區廣為宣導相關環境品質與公廁修繕補助資源，也未與原鄉鄉（鎮、市、區）公所業管課室積極聯繫。恐導致原鄉部落因資訊落差，難以取得資源挹注，不僅無助於改善偏鄉部落的公共衛生環境，更忽視了原鄉長者族人日常頻繁使用公共空間基本需求。為落實原鄉環境正義，確保中央協助原鄉提升基礎衛生設施，爰針對115年度環境部環境管理署「環境管理」項下「美質環境推動計畫」預算編列7,000萬元，凍結本項預算100萬元。應俟環境部環境管理署通知地方政府提出公廁改善補助需求，向立法院提出書面報告後，始得動支【311】",,,,,,,,,12225,115,環境管理署,環境部,2026/5/20,盧縣一|蘇清泉,涂權吉,5666,,,環境管理,美質環境推動計畫,,70000000,2026-06-13T14:59:36.472Z
12227,凍結,通過,,1000000,"115年度環境部環境管理署「環境管理」項下「美質環境推動計畫」預算編列7,000萬元。查114年度立法院決議（決議23、30）質疑公廁評鑑制度過於鬆散，95%獲滿分評鑑，卻與民眾實際體感不符，且要求未來應著重友善與特色公廁之修建。有鑑於公廁是社會進步指標，當公廁品質被視為信任、健康與城市形象的基礎設施時，台灣才能真正從環境衛生管理走向智慧服務治理。爰凍結該項預算100萬元，俟環境部環境管理署於1個月內向立法院社會福利及衛生環境委員會提出「科學化公廁診斷機制及特色/性別友善公廁補助辦理情形」之書面報告後，始得動支。【315】",,,,,,,,,12225,115,環境管理署,環境部,2026/5/20,邱鎮軍,陳菁徽|王育敏,5666,,,環境管理,美質環境推動計畫,,70000000,2026-06-13T14:59:36.472Z
12228,凍結,通過,,1000000,"115年度環境部環境管理署「環境管理」項下「美質環境推動計畫」預算編列7,000萬元。有鑑於「美質環境推動計畫」主要係針對我國公廁管理策略、特色公廁推動、性別友善公廁政策執行，以及環境美質化推廣與成效管理等事項辦理。惟現行計畫及相關補助規範，多著重於公廁清潔維護、外觀改善、友善使用及環境美化，尚未將防窺安全設計、反針孔檢測及偷拍防制等項目明確納入補助要點或審查基準。近年國內外公共廁所改善趨勢，已逐步將使用者安全、防窺設計、照明動線、入口視線管理及高風險場域巡檢等納入公廁規劃與管理重點。然我國近期仍發生多起公共廁所遭裝設非法攝影設備或偷拍案件，顯示現行公廁管理制度對於防窺、防偷拍及安全巡檢之規範仍有不足，恐難以回應民眾對安全如廁環境之期待。爰此，要求環境部應儘速檢討並修正「美質環境推動計畫」及其相關補助要點，將防窺設計及安全管理納入補助、評鑑與審查項目，包括廁間門縫與隔板設計、通風孔可能窺視風險、入口與鏡面反射視線、照明與死角改善、反針孔檢測、高風險公廁定期巡查，以及QR Code通報或民眾即時回報機制等。透過補助制度引導地方政府及公廁管理單位落實安全設計與維護管理，避免公廁改善僅停留於環境美化，而未能真正保障民眾如廁安全與隱私權。爰凍結該項預算100萬元，俟環境部環境管理署於1個月內提出書面報告後，始得動支。【312】",,,,,,,,,,115,環境管理署,環境部,2026/5/20,陳菁徽,邱鎮軍|邱慧洳,5666,,,環境管理,美質環境推動計畫,,70000000,2026-06-13T14:59:36.472Z
12229,凍結,通過,,1000000,"115年度環境部環境管理署「環境管理」項下「美質環境推動計畫」預算編列7,000萬元，環境部環境管理署依據行政院核定之「美質環境推動計畫」，推動「性別友善廁所倍增行動方案」，計畫目標於114年至118年間，將全國性別友善廁所數量由623座提升至1,246座，並納入「消除對婦女一切形式歧視公約」（CEDAW）第5次國家報告之重要執行指標。經查，目前環境部列管之性別友善廁所名單存在嚴重瑕疵，有高達58%受查廁所不符基本設置原則，甚至出現不當挪用既有無障礙或親子廁所掛牌充數之現象，排擠原有特定需求使用者空間。爰此，為督促環境部環境管理署落實性別友善廁所品質管控，請環境部針對「環境管理」項下「美質環境推動計畫」編列之預算提出書面報告，內容應包括：針對現行列管性別友善廁所進行實質盤點之初步結果，及要求不符定義者改善之進度，並加速研擬「查核輔導作業」之統一檢核標準，及查核人員培訓機制，始得動支。爰凍結該項預算100萬元，俟環境部環境管理署於3個月內向立法院社會福利及衛生環境委員會提出書面報告後，始得動支。【314】",,,,,,,,,,115,環境管理署,環境部,2026/5/20,林月琴,林淑芬|黃秀芳|王正旭,5666,,,環境管理,美質環境推動計畫,,70000000,2026-06-13T14:59:36.472Z
12230,凍結,通過,,1000000,"115 年度環境部環境管理署「環境管理」項下「強化全國廢棄物流向遠端數位管理智慧決策計畫」之「業務費」預算編列 1 億 6,670 萬元，合併凍結 100 萬元，俟環境部環境管理署向立法院社會福利及衛生環境委員會提出書面報告後，始得動支。",,,,,,,,12235|12233|12237|12232|12234|12231|12236,,115,環境管理署,環境部,2026/5/20,邱鎮軍|盧縣一|伍麗華|林月琴|陳菁徽|蘇清泉|邱慧洳,涂權吉|邱鎮軍|黃秀芳|王正旭|陳菁徽|蘇清泉|王育敏|邱慧洳,5667,,,環境管理,強化全國廢棄物流向遠端數位管理智慧決策計畫,業務費,166700000,2026-06-13T14:59:36.472Z
12231,凍結,通過,,1000000,"115年度環境部環境管理署預算案於「環境管理」項下「強化全國廢棄物流向遠端數位管理智慧決策計畫」之「業務費」預算編列1億6,670萬元，推動非法棄置智慧圍籬、智慧化環評監督系統、強化資通安全系統及發展海岸廢棄物智慧化巡查管理機制，落實環境風險管理，編列預算4億5,630萬元。推動非法棄置智慧圍籬、智慧化環評監督系統、強化資通安全系統及發展海岸廢棄物智慧化巡查管理機制，落實環境風險管理。有鑑於近年廢棄物非法棄置案件頻仍，嚴重影響環境品質，政府仍無有效對策，本計畫陳報逾1年未獲核定，卻先行編預算(行政院遲至114年12月29日始核定)，且各地方政府設備規格不一之資料介接問題至今仍未有具體對策。因此該署應妥擬定前置規劃作業，並積極與計畫審議機關溝通，儘速完成計畫核定事宜，俾符計畫預算之精神，確保預算得以配合執行工作，妥予配置於所需年度，提升資源使用效率，並維國人生活環境品質。爰針對凍結該項預算100萬元，俟環境部環境管理署於3個月內向立法院社會福利及衛生環境委員會提出書面報告，始得動支。【316】",,,,,,,,,12230,115,環境管理署,環境部,2026/5/20,邱鎮軍,陳菁徽|王育敏,5667,,,環境管理,強化全國廢棄物流向遠端數位管理智慧決策計畫,業務費,166700000,2026-06-13T14:59:36.472Z
12232,凍結,通過,,1000000,"115年度環境部環境管理署預算案於「環境管理」項下「強化全國廢棄物流向遠端數位管理智慧決策計畫」之「業務費」預算編列1億6,670萬元，115年度環境部環境管理署「環境管理」項下「強化全國廢棄物流向遠端數位管理智慧決策計畫」預算編列「業務費」1億6,670萬元、「設備及投資」2億8,960萬元，合計4億5,630萬元。為利用車牌辨識技術、物聯網、AI辨識技術及大數據工具，追蹤載運廢棄物之清運機具，以及早發現廢棄物非法棄置情形。然據立法院預算中心評估報告指出:環境管理署雖為精進查緝環保犯罪技術於113年8月研擬本計畫並陳報行政院，但迄至114年9月底，該計畫仍未奉行政院核定，環境部環境管理署即於115年度預算案先行編列高達5億餘元（含一般性補助款5,310萬元）推動相關業務，恐有違反預算編列之妥適性，影響資源投入有效性。此外，本計畫規劃每年與外部單位完成250點資訊介接，並優先執行與各地環保局既有約501處車牌辨識監視器介接作業。惟目前各地方環保局既有之設備規格及資料格式不盡相同，若未就平台整合技術妥為協調規劃，將重蹈過去「聲音照相設備」因廠商軟硬體不同致監測資料未能整合介接之覆轍，資料無法相容。為確保國家預算編列合理與嚴謹性，落實廢棄物非法棄置之遠端監控效能，爰凍結本項預算100萬元。應俟本計畫正式奉行政院核定，環境部環境管理署應於3個月內向立法院社會福利及衛生環境委員會提出書面報告，始得動支。【318】",,,,,,,,,12230,115,環境管理署,環境部,2026/5/20,盧縣一|蘇清泉,陳菁徽,5667,,,環境管理,強化全國廢棄物流向遠端數位管理智慧決策計畫,業務費,166700000,2026-06-13T14:59:36.472Z
12233,凍結,通過,,1000000,"115年度環境部環境管理署預算案於「環境管理」項下「強化全國廢棄物流向遠端數位管理智慧決策計畫」之「業務費」預算編列1億6,670萬元，115年度環境部環境管理署「環境管理」項下「強化全國廢棄物流向遠端數位管理智慧決策計畫」，編列業務費及設備投資預算高達4億5,630萬元。本計畫旨在利用車牌辨識技術、物聯網、AI辨識技術及大數據工具，追蹤載運廢棄物之清運機具，以期及早發現廢棄物非法棄置情形，預防污染擴大。然部分原鄉地區，因位處山區幅員遼闊，長期以來屢遭不肖廠商或惡意違法傾倒家用及事業廢棄物，嚴重破壞部落自然生態與族人生活環境，環境犯罪新聞屢見不鮮。環境管理署在耗資數億元推動全國廢棄物流向遠端數位管理時，卻未見針對這些長期處於「科技稽查死角」的原鄉偏遠地區，引進相關先進監控科技設備（如智慧圍籬等）以提升查緝效能並強化嚇阻功能。為確保國家鉅額科技執法預算能真正發揮效用，解決偏鄉與原鄉地區免淪為「廢棄物非法棄置天堂」之沉痾，爰針對「強化全國廢棄物流向遠端數位管理智慧決策計畫」凍結100萬元。請環境部環境管理署提升原鄉地區垃圾處理及清運效能，同時利用架設於關鍵交通節點之智慧圍籬比對異常清運行為，強化執法效能，並向立法院社會福利及衛生環境委員會於3個月內提供書面報告，始得動支。【319】",,,,,,,,,12230,115,環境管理署,環境部,2026/5/20,盧縣一,涂權吉|蘇清泉,5667,,,環境管理,強化全國廢棄物流向遠端數位管理智慧決策計畫,業務費,166700000,2026-06-13T14:59:36.472Z
12234,凍結,通過,,1000000,"115年度環境部環境管理署預算案於「環境管理」項下「強化全國廢棄物流向遠端數位管理智慧決策計畫」之「業務費」預算編列1億6,670萬元，115年度環境部環境管理署「環境管理」項下「強化全國廢棄物流向遠端數位管理智慧決策計畫」預算編列4億5,630萬元。我國事業廢棄物傾倒問題日益嚴重，包含七股光電廠營建廢棄物非法掩埋、高雄美濃大峽谷遭盜採回填事業廢棄物以及馬頭山成為垃圾山等，為強化全國廢棄物之流向管理，環境部推動流向遠端數位管理智慧決策計畫，綜觀國際制度，事業廢棄物流向管理已由傳統紙本聯單，逐步走向電子聯單、即時申報、車輛定位及資料勾稽。美國、日本、德國、新加坡、巴西、澳洲及歐盟多以電子聯單或電子託運文件作為基礎。台灣則進一步導入GPS或地理定位管理。由此可見，台灣以 GPS 掌握事業廢棄物清運機具動態，方向上符合國際強化流向管理之趨勢，且具即時稽查與防止非法棄置之優點。惟GPS追蹤者為車輛，並非廢棄物本身，仍可能存在混裝、轉運、虛報、未納管車輛及末端處理不實等漏洞。爰此，環境部應進一步整合電子聯單、GPS、過磅、CCTV、電子簽收及處理後產出物去向資料，建立異常警示與跨機關稽查機制，始能真正達成事業廢棄物從產源到最終處理之完整流向管理。爰凍結該項預算100萬元，俟環境部環境管理署於3個月內向立法院社會福利及衛生環境委員會提出書面報告，始得動支。【320】",,,,,,,,,12230,115,環境管理署,環境部,2026/5/20,陳菁徽,邱鎮軍|邱慧洳,5667,,,環境管理,強化全國廢棄物流向遠端數位管理智慧決策計畫,業務費,166700000,2026-06-13T14:59:36.472Z
12235,凍結,通過,,1000000,"115年度環境部環境管理署預算案於「環境管理」項下「強化全國廢棄物流向遠端數位管理智慧決策計畫」之「業務費」預算編列1億6,670萬元，115年度環境部環境管理署「環境管理」項下「強化全國廢棄物流向遠端數位管理智慧決策計畫」。內容包括推動「非法棄置智慧圍籬」及「IoT設備檢核」。辦理強化全國廢棄物流向遠端數位管理智慧決策計畫，編列預算4億5,630萬元。鑒於長期以來全台70餘家「棧場」，由於無法完成土地取得程序而面臨經營困難，主要集中於新北市、桃園市與臺南市；近年中央與地方積極處理，目前已輔導50餘家完成納管，協助以遷移或合法取得土地等方式，落日條款則分別訂在臺南市2024年、桃園市2025年、新北市2026年等。為確保此高額智慧化預算，能有效改善非法傾倒及確實輔導業者合法納管，而非僅止於數據收集。爰凍結該項預算100萬元，俟環境部環境管理署於3個月內向立法院社會福利及衛生環境委員會提出書面報告後，始得動支。【321】",,,,,,,,,12230,115,環境管理署,環境部,2026/5/20,邱鎮軍,陳菁徽|王育敏,5667,,,環境管理,強化全國廢棄物流向遠端數位管理智慧決策計畫,業務費,166700000,2026-06-13T14:59:36.472Z
12236,凍結,通過,,1000000,"有鑒於現有的管理系統未能有效遏止犯罪，依據立法院預算中心所調閱之資料顯示截至114年9月，尚有444處非法棄置場址尚未解除列管。而平均每年新增129處列管場址，廢棄物年均重量約28萬公噸；且過去推估清理費用高達15億6,800萬元，若計入近年物價漲幅，將成為國庫沉重負擔。再者，環境部環境管理署計畫建置平台介接1,000個監控點位，但過往「強化全國環境檢測智慧轉型計畫」曾因各縣市聲音照相設備廠商不同、軟體相異，導致監測資料無法整合介接，如:各地方政府既有的車牌辨識系統、設備規格及資料格式未盡相同、規格不一。爰針對115年度環境部環境管理署「環境管理」項下「強化全國廢棄物流向遠端數位管理智慧決策計畫」之「業務費」預算編列1億6,670萬元，凍結100萬元，俟環境部環境管理署於3個月內向立法院社會福利及衛生環境委員會提出書面報告，始得動支。【322】",,,,,,,,,12230,115,環境管理署,環境部,2026/5/20,伍麗華|林月琴,黃秀芳|王正旭,5667,,,環境管理,強化全國廢棄物流向遠端數位管理智慧決策計畫,業務費,166700000,2026-06-13T14:59:36.472Z
12237,凍結,通過,,1000000,"環境部環境管理署 115 年度預算案於「環境管理」計畫之「強化全國廢棄物流向遠端數位管理智慧決策計畫」(以下簡稱本計畫)分支計畫編列「業務費」1億6,670萬元及「設備及投資」2 億8,960萬元，用以推動非法棄置智慧圍籬、智慧化環評監督系統強化資通安全系統及發展海岸廢棄物智慧化巡查管理機制，然該案遭立法院預算中心仔細分析後指出，近年廢棄物非法棄置案件頻仍，每年涉及廢棄物清理法之刑事案件約1,417件，占環保犯罪案件九成以上。不法業者透過無GPS軌跡車隊將廢棄物運至中、南部四處亂竄棄置，尤其如高雄美濃大峽谷、馬頭山，重大非法棄置案件經破獲時，廢棄物或已持續堆置半年至1年，累積之大量廢棄物致事後環境復原成本龐鉅，嚴重影響環境品質，環境管理署應積極增加查核效率，遏止違法行為，爰針對「環境管理」項下「強化全國廢棄物流向遠端數位管理智慧決策計畫」之「業務費」預算編列1億6,670萬元，凍結100萬元，待環境部環境管理署向立法院社會福利及衛生環境委員會3個月內提出書面報告並經同意後始得動支。【323】",,,,,,,,,12230,115,環境管理署,環境部,2026/5/20,邱鎮軍|陳菁徽|邱慧洳,,5658,,,環境管理,強化全國廢棄物流向遠端數位管理智慧決策計畫,,456300000,2026-06-13T14:59:36.472Z
12238,凍結,通過,,500000,"環境管理署115年度預算案於「環境管理」計畫之「強化全國廢棄物流向遠端數位管理智慧決策計畫」(以下簡稱本計畫)分支計畫編列「業務費」1億6,670萬元及「設備及投資」2億8,960萬元，用以推動非法棄置智慧圍籬、智慧化環評監督系統強化資通安全系統及發展海岸廢棄物智慧化巡查管理機制，然該案遭立法院預算中心仔細分析後指出，近年廢棄物非法棄置案件頻仍，每年涉及廢棄物清理法之刑事案件約1,417件，占環保犯罪案件九成以上。不法業者透過無 GPS軌跡車隊將廢棄物運至中、南部四處亂竄棄置，尤其如高雄美濃大峽谷、馬頭山，重大非法棄置案件經破獲時，廢棄物或已持續堆置半年至1年，累積之大量廢棄物致事後環境復原成本龐鉅，嚴重影響環境品質。環境部雖希望儘速推動用車牌辨識技術、物聯網、AI 辨識技術及大數據工具，配合該署既有之列管清運車輛軌跡系統、許可系統、申報資料及聯單資訊，追蹤載運廢棄物之清運機具，勾稽異常廢棄物清運行為，以及早發現廢棄物非法棄置情形，然仍遭指出推動效率過低、各地方環保局既有之設備規格及資料格式未盡相同，難以整合等問題，為督促環境管理署應積極增加查核效率，遏止違法行為，爰針對「環境管理」項下「強化全國廢棄物流向遠端數位管理智慧決策計畫」之「設備及投資」預算編列2億8,960萬元，凍結50萬元，待環境部環境管理署3個月內向立法院社會福利及衛生環境委員會提出書面報告後，始得動支。【324】",,,,,,,,,,115,環境管理署,環境部,2026/5/20,邱鎮軍|陳菁徽|邱慧洳,,5658,,,環境管理,強化全國廢棄物流向遠端數位管理智慧決策計畫,,456300000,2026-06-13T14:59:36.472Z
12239,凍結,通過,,2000000,"依據環境部環境管理署114年決算書「重大計畫執行情形表」顯示，多元化垃圾處理計畫－第2期計畫」（112至117年）之可支用預算目前合計約21.9億元，然實質執行數（實現數加計應付數）僅約16.3億元，實質執行率僅74.7%。在全台各地掩埋場裸露垃圾山堆積如山、危機四伏之際，環境部環境管理署竟有高達四分之一的預算未能有效投入執行，顯示計畫規劃與推動能力堪慮，爰針對115年度環境部環境管理署「環境管理」項下「多元化垃圾處理計畫-第2期計畫」預算編列9,500萬元，凍結200萬元，待環境部環境管理署向立法院社會福利及衛生環境委員會提出書面報告後，始得動支。【326】",,,,,,,,,,115,環境管理署,環境部,2026/5/20,蘇清泉|王育敏,廖偉翔,5659,,,環境管理,多元化垃圾處理計畫-第2期計畫,,95000000,2026-06-13T14:59:36.472Z
12240,主決議,通過,,,"115年度環境部環境管理署「一般行政」項下「人員維持」預算員額274人（職員225人、聘用人員37人、駕駛3人、技工3人及工友6人），需人事費3億4,538萬6千元，預算編列3億4,538萬6千元。經查，環境部環境管理署115年度預算員額274人，較114年度284人減少10人。惟人員維持費卻較114年度預算數3億4,236萬9千元不減反增約300萬餘元（按115年度比較表之調整後基數增列552萬5千元）。雖係因待遇調整等經費，然在員額顯著減少情況下，人員維持費之精簡成效有待釐清。請環境部於2個月內向立法院社會福利及衛生環境委員會提書面報告。【269】",,,,,,,,,,115,環境管理署,環境部,2026/5/20,邱鎮軍,陳菁徽|王育敏,5669,,,一般行政,人員維持,,345386000,2026-06-13T14:59:36.472Z
12241,主決議,通過,,,"115年度環境部環境管理署「一般行政」項下「環境管理基本行政工作維持」，本計畫係環境部環境管理署辦理文書、事務及財物管理、會計業務、人事管理及共同業務等一般行政工作編列預算3,073萬1千元，較114年度1,495萬4千元大幅增加1,577萬7千元，增幅達105%。經查主要係增列臺中辦公大樓辦公空間整修工程等經費。鑑於環境部環境管理署成立未久且114年度甫辦理組織調整相關辦公空間規劃，頻繁編列整修經費之必要性與規劃完整性有待查核。請環境部於2個月內向立法院社會福利及衛生環境委員會提出書面報告。【272】",,,,,,,,,,115,環境管理署,環境部,2026/5/20,邱鎮軍,陳菁徽|王育敏,5670,,,一般行政,環境管理基本行政工作維持,,30731000,2026-06-13T14:59:36.472Z
12242,主決議,通過,,,按「台灣2050淨零排放路徑」核心目的係為達成節能減碳，且環境部於組改前已知垃圾車係高碳排運具，且其因收集垃圾而怠速行駛之工作模式，易造成大量碳排，故行政院環境保護署於2011年即於德國引進技術改裝，2016年開始陸續推動汰換具電動壓縮艙或輕量化設計之低碳垃圾車。然低碳垃圾車與全電動垃圾車相比，其碳排與油耗仍屬較多，故為達成台灣2050淨零排放之目標，環境部環境管理署應將我國高碳排之垃圾車汰換為全電動垃圾車納入多元垃圾處理計畫，且國內全電動垃圾車業者已配合我國環境規定需求，引進國外成熟技術，則環境部環境管理署自應於政策中納入補助縣市政府汰換燃油垃圾車為全電動垃圾車之規劃，並進行現有之廠商技術盤點與各縣市需求，於盤點完成後就各縣市所需之不同載運能力之垃圾車進行示範運行，該示範運行更應包括沿海、山區、城市等三種不同環境，以確保全電動垃圾車之運行符合我國各縣市之需求。請環境部於4個月內提出示範運行規劃之書面報告。【275】,,,,,,,,,,115,環境管理署,環境部,2026/5/20,涂權吉,陳菁徽|蘇清泉,,,,,,,,2026-06-13T14:59:36.472Z
12243,主決議,通過,,,"115年度環境部環境管理署「環境管理」預算編列12億7,815萬9千元。按農業部規劃，我國廚餘養豬將於116年全面退場，另依環境部針對廚餘的去化方式規劃，焚化與掩埋將於117年歸零，然全國仍有三縣市因地理環境及廚餘去化量能問題以掩埋為主。針對事業廚餘之去化，全國每月仍有25%縣市採蒸煮後養豬措施；而家戶廚餘加上事業廚餘尚有23%以焚化處理，當中包括新北、臺北等14縣市利用即將退場的養豬或是焚化來處理廚餘。爰此，前開116年廚餘養豬全面退場、117年焚化與掩埋廚餘退場，我國縣市政府針對廚餘處理量能究竟是否足夠，仍應視去化技術與去化規模而定。另查環境部環境管理署乃轄管全國之廢棄物處理，國家政策既針對廚餘去化方式作重大改變，而部分業者為因應該案，亦與工業技術研究院合作研究或至國外學習具備低汙染、無廢棄物產生之廚餘去化技術。而針對各縣市之廚餘處理量能係由縣市政府自主填報，環境部環境管理署轄管全國之廢棄物處理，卻未積極盤點縣市廚餘去化量能與技術，亦未於多元垃圾處理計畫中規劃補助縣市政府引進廚餘去化技術。請環境部於2個月內，就各縣市政府目前已採用的廚餘處理技術(含試驗中)，就其方法(原理)及優缺點，完整分析供立法院社會福利及衛生環境委員會參考。【276】",,,,,,,,,,115,環境管理署,環境部,2026/5/20,涂權吉|蘇清泉,陳菁徽,5649,,,環境管理,,,1278159000,2026-06-13T14:59:36.472Z
12244,主決議,通過,,,"115 年度環境部環境管理署「環境管理」項下「綜合業務管理」預算編列 7,245 萬 1 千元。115 年度預算案於「環境管理」計畫之「多元化垃圾處理計畫－第 2 期計畫」分支計畫編列 9,500萬元，用以辦理垃圾清理督導管理相關工作於一般性補助款之「一般性環境保護補助-環境管理署」科目項下編列 4 億 5,490萬元，用以補助地方政府推動焚化廠升級整備、環保設施有效管理與效能提升等經費，合共 5 億 4,990 萬元金額龐鉅，然全國垃圾處理量能有限之問題存在已久，環境管理署在預算案中自承「問題存在已久」，既然已知量能有限，為何 115 年度的預算分配仍以「設施維護（補助）」與「行政督導」為主，而非大規模投入「源頭減量」或「新型設施興建」？「多元化垃圾處理」第2 期計畫，是否包含新型態的處理技術（如 SRF 固體再生燃料）的實質推廣，還是僅止於「督導」現有流程？垃圾去化的效率，而不是公文往返的頻率！」俟環境部環境管理署於 2 個月內向立法院社會福利及衛生環境委員會提出書面報告。【285】",,,,,,,,,,115,環境管理署,環境部,2026/5/20,邱鎮軍,陳菁徽|王育敏,5652,,,環境管理,綜合業務管理,,72451000,2026-06-13T14:59:36.472Z
12245,主決議,通過,,,115年度環境部環境管理署預算案於第2目「環境管理」項下「綜合業務管理」辦理全國模範清潔隊員表揚活動及清潔隊員安全講習、濟助案件審查等，需一般事務費284萬4千元、兼職費3萬元及國內旅費57萬6千元。編列預算345萬元。環境部環境管理署115年度編列經費辦理清潔人員安全照護及表揚活動。查114年度立法院決議（決議382之(4)）指出近年清潔隊員遭民眾辱罵攻擊案件頻傳，要求強化勤務安全保障。雖 115 年度預算案提及辦理安全講習，然對於具體降低衝突之措施與各縣市人力缺口盤點情形仍未詳盡說明。請環境部環境管理署於2個月內提出「全國清潔隊員執勤安全與職場衝突改善方案」。【295】,,,,,,,,,,115,環境管理署,環境部,2026/5/20,邱鎮軍,陳菁徽|王育敏,,,,,,,,2026-06-13T14:59:36.472Z
12246,主決議,通過,,,"115年度環境部環境管理署預算案於第2目「環境管理」項下「區域治理」汰換稽查督察用電動汽車6輛（含充電樁1式），需設備及投資1,123萬元，編列預算1,123萬元。環境部環境管理署115年度於區域治理科目下編列1,123萬元汰換稽查督察用電動汽車6輛。查114年度立法院決議（決議44）雖支持優先汰換為電動車輛，但亦關注充電樁布建之完整性。115年度一次性汰換6輛，需確認3區環境管理中心之充電基礎設施是否完備，以避免車輛閒置。爰請環境部環境管理署採購電動車時併同考量充電樁的設置，以利執行公務。【297】",,,,,,,,,,115,環境管理署,環境部,2026/5/20,邱鎮軍,陳菁徽|王育敏,5664,,,環境管理,區域治理,,23929000,2026-06-13T14:59:36.472Z
12247,主決議,通過,,,"115年度環境部環境管理署預算案於第2目「環境管理」項下「推動環境管理工作」補助地方政府挖掘清理二仁溪河道廢棄物（含清理試驗計畫挖出暫置於臺南市城西掩埋場之廢棄物），期有效保護水域環境，為國人打造更潔淨之生活環境。本年度編列第1年經費3億5,888萬6千元。經查環境部環境管理署115年度新增「二仁溪河道廢棄物清理第二期專案計畫」，115年度編列3億5,888萬6千元。該計畫總經費高達13億6,000萬元。計畫內容涉及大量挖掘、清理及監測作業。鑑於 114 年度立法院多次關切有害廢棄物不法回收與二次污染問題（決議(五)之1）。為確保大額新興計畫之施工品質與避免二次環境負擔，應請環境部環境管理署確實執行環境監控及風險管控作業，避免施工期間增加環境負擔並防範二次污染發生。【303】",,,,,,,,,,115,環境管理署,環境部,2026/5/20,邱鎮軍,陳菁徽|王育敏,5654,,,二仁溪河道廢棄物清理第二期專案計畫,,,342000000,2026-06-13T14:59:36.472Z
12248,主決議,通過,,,馬公第三漁港近期因報廢貨輪切割作業未依法申請，短期內連續發生火警，暴露港區廢棄物處理及環境風險管理之重大漏洞。該等報廢船舶長期停泊、違規拆解，甚至衍生海廢堆積、油污與火災風險，顯示主管機關未能有效掌握廢棄物源頭與處理行為，相關稽查與預警機制明顯不足，對於高風險作業缺乏事前控管，致污染與公共安全風險同時擴大。復就制度面觀之，港區管理涉及地方政府工務、農漁及中央環境主管機關等多頭權責，對於報廢船舶之廢棄物認定、清除處理及場域管理缺乏統一規範，致現場長期處於管理真空。於廢棄物堆置、非法拆解及火災風險反覆發生之情形下，顯示現行監管體系未能有效運作，相關政策執行與預算效益均有檢討必要。請環境部環境管理署於2個月內提出澎湖縣環保局辦理情形書面報告。【306】,,,,,,,,,,115,環境管理署,環境部,2026/5/20,邱慧洳,邱鎮軍|陳菁徽,,,,,,,,2026-06-13T14:59:36.472Z
12249,主決議,通過,,,"環境部環境管理署115年度預算案於「環境管理」計畫之「推動環境管理工作」分支計畫編列「獎補助費」3億4,250萬 6千元及「業務費」預算1,638萬元，合共3億5,888萬6千元，用以新增辦理「二仁溪河道廢棄物清理第二期專案計畫」，然該案遭環境立法院預算中心指出，境管理署編列業務督導管理費5,803萬元與臺南市政府委託專業服務廠商執行工作相近，且部分工作內容係屬該署既有之區域治理稽查業務重疊，環境部環境管理署應明確區分與地方權責相異處，並切實執行。【308】",,,,,,,,,,115,環境管理署,環境部,2026/5/20,邱鎮軍|陳菁徽|邱慧洳,,5653,,,環境管理,推動環境管理工作,,381879000,2026-06-13T14:59:36.472Z
12250,主決議,通過,,,"115年度環境部環境管理署預算案於第2目「環境管理」項下「推動環境管理工作」推動地方政府辦理管轄海岸巡檢管理及海岸清理維護，本年度續編第3年經費1,336萬2千元，經查114 年度立法院決議（決議15、19）關切全國海岸廢棄物分布掌握不足，且部分原鄉海岸仍存在「垃圾瀑布」問題。為確保計畫執行成效能確實提升海岸清潔度（指標 0.55 公噸/公里以下），達到「定期清、立即清、緊急清」機制，確保每一吋海岸都有人管，乾淨可達標之目標。請環境部環境管理署持續加強推動「向海致敬」計畫，減少海岸廢棄物堆積量。於2個月內向立法院社會福利及衛生環境委員會提出「海岸廢棄物智慧化巡查管理機制及重點場址清理進度報告」。【309】",,,,,,,,,,115,環境管理署,環境部,2026/5/20,邱鎮軍,陳菁徽|王育敏,,,,,,,,2026-06-13T14:59:36.472Z
12251,主決議,通過,,,"115年度環境部環境管理署「環境管理」項下「多元化垃圾處理計畫-第2期計畫」之「業務費」預算編列9,500萬元。有鑑於全國一般廢棄物產生量逐年增加，垃圾暫存量由民國107年度的21.23萬公噸增加至112年度的84.01萬公噸，成長近三倍。且依據預算中心的報告指出，全國已活化之掩埋空間剩餘容量未及六成（59.89%）。且113年度全國焚化飛灰再利用率僅13.02%，且高度集中在4個地方政府，其餘縣市仍須全數掩埋，嚴重消耗掩埋場壽命。環境部環境管理署在如何「提升地方政府焚化飛灰再利用率」之相關具體舉措付之闕如，始終無法加速去化各縣市暫存垃圾之問題。請環境部加強與產業部門及技術部門合作，將整體再利用情形及規劃，彙整成書面報告，送立法院社會福利及衛生環境委員會參考。【333】",,,,,,,,,,115,環境管理署,環境部,2026/5/20,伍麗華|林月琴,黃秀芳|王正旭,5674,,,環境管理,多元化垃圾處理計畫-第2期計畫,業務費,95000000,2026-06-13T14:59:36.472Z
12252,主決議,通過,,,"有鑑於環境部環境管理署115 年度「強化全國廢棄物流向遠端數位管理智慧決策計畫」共編列5億940萬元經費預算乙案。惟環境部環境管理署其實於環境保護署時期自100年度起即建置管理系統，但非法棄置案件仍頻傳!108至113年度平均每年通報新增129處列管場址，廢棄物量高達28萬公噸。清理成本龐大：目前尚有444處場址列管中，推估清理費用高達 15億6,800萬元，若不從源頭遏止，將造成國庫沉重負擔。爰建請環境部環境管理署於3個月內向立法院社會福利及衛生環境委員會提出「強化廢棄物非法棄置防制作為」書面報告。【335】",,,,,,,,,,115,環境管理署,環境部,2026/5/20,伍麗華|林月琴,黃秀芳|王正旭,5675,,,強化全國廢棄物流向遠端數位管理智慧決策計畫,,,509400000,2026-06-13T14:59:36.472Z
12253,主決議,通過,,,鑒於現行公共廁所興建及修繕補助政策，係由環境部透過補助機制推動地方政府辦理，依據現行環境部環境管理署主管「美質環境推動計畫」補助地方政府興建及修繕公共廁所之規範，公共廁所設計以推動坐式馬桶為主要方向。然而，相關政策推動尚缺乏完整之使用者需求調查及分眾評估機制，恐未能充分反映不同年齡層、地區特性及使用習慣之差異。另查，目前公共廁所改善預算多集中於硬體興建與修繕，惟實務上民眾反映之主要問題，係集中於清潔維護、管理機制及使用行為等面向。現行資源配置偏重工程建設，是否符合實際需求，仍有檢討空間。此外，補助案件執行過程涉及繁複之工程程序及行政作業，包括設計審查、招標流程、督導機制及各類計畫書與紀錄文件，對地方政府行政量能造成相當負擔，亦影響政策推動效率。為提升公共廁所改善政策之整體效益，爰請環境部於三個月內提出檢討報告，並送交立法院社會福利及衛生環境委員會，並納入下列事項研議精進措施：一、針對坐式與蹲式馬桶之配置比例，應配合辦理全國性使用者需求調查，並依不同族群及區域特性，增加補助坐式廁間數量之比例。二、要求受補助機關加強清潔維護與管理，並研議建立公共廁所清潔維護之標準作業程序，以回應民眾實際使用需求。三、檢討並簡化補助案件之行政流程，減輕地方政府執行負擔，提升補助案件行政效率。【336】,,,,,,,,,,115,環境管理署,環境部,2026/5/20,張雅琳|王正旭,林淑芬|林月琴,,,,,,,,2026-06-13T14:59:36.472Z
12254,減列,通過,3000000,,減列第 1 目「科技發展」300 萬元，科目自行調整【340】,,,,,,,,,,115,國家環境研究院,環境部,2026/5/20,社會福利及衛生環境委員會,,,,,,,,,2026-06-13T14:59:36.472Z
12255,減列,通過,1130000,,減列第 3 目「環境研究」113 萬元(含「派員出國計畫」33 萬元)，科目自行調整【338】、【348】。,,,,,,,,,,115,國家環境研究院,環境部,2026/5/20,社會福利及衛生環境委員會,,,,,,,,,2026-06-13T14:59:36.472Z
12256,凍結,保留,,30000000,"115年度國家環境研究院「科技發展」預算編列1億4,261萬2千元。經查:國家環境研究院組織法第5條規定：「本院主任、研究員、副研究員及助理研究員職務，必要時得比照教育人員任用條例相關規定聘任之；其退休、撫卹比照教師相關規定辦理，並報請環境部核定。」準此，為提升環境研究量能，該院已設置主任、研究員、副研究員及助理研究員等研究相關職務，又預算員額已依組織法規定編列足夠研究相關人員，應可提升環境研究量能，然分析各該項委辦計畫，各計畫委辦費預算比重過高，如細懸浮微粒成份來源解析及危害指標評估計畫、淨零政策之環境風險評估、水體重金屬檢測技術開發研究等計畫之比重皆為100%、其餘計畫之委辦比重亦有過高情事，顯見研究職人員並無法因人數增加而提升自行研究量能，反淪為專案計畫發包與管理人員，與組織之研究性質定位不同，爰建議凍結3,000萬元，並請環境部檢討並督導國家環境研究院之研究量能，提出精進作為及檢討報告，俟立法院衛環委員會專案報告同意後，始准予解凍。【341】",,,,,,,,,,115,國家環境研究院,環境部,2026/5/20,廖偉翔|陳菁徽|邱慧洳,,5619,,,科技發展,,,321180000,2026-06-13T14:59:36.472Z
12257,凍結,通過,,500000,"115年度國家環境研究院預算編列7億1,736萬7千元。國家環境研究院預算案於第3目「環境研究」強化全國環境檢測智慧轉型計畫於本科目中編列預算3億1559萬1千元。環境陳情及檢舉案，長年皆為噪音或異味汙染為重，且民眾對於該類污染陳情之處理滿意度最低，因此亟需發展建立相關智慧監控，如建立噪音計監測網，整合音源追蹤與影像辨識技術設施等科學儀器執法。然噪音檢測設備與機構不足，也造成許多地方噪音治理的瓶頸，因此，提升環境檢測定機構及機動車輛測定機構許可認證量能、精進相關法制檢討就更加刻不容緩。爰凍結該項預算50萬元，俟國家環境研究院於1個月內向立法院社會福利及衛生環境委員會提出書面報告後，始得動支。【337】",,,,,,,,,,115,國家環境研究院,環境部,2026/5/20,黃秀芳,楊曜|王正旭,5677,,,環境研究,,,717367000,2026-06-13T14:59:36.472Z
12258,凍結,通過,,100000,"115年度國家環境研究院「科技發展」項下「淨零排放科技」預算編列1億2,096萬3千元。國家環境研究院（國環院）其新編列「淨零排放-氣候變遷調適資訊整合平台」預算，但過去執行相關記錄不佳。經查，根據審計部113年6月的查核，過去的「國家氣候變遷調適行動方案」中，竟有16.8%（21項）的計畫執行成果與氣候變遷調適難以連結，而卻又編列此資訊整合平台經費規模4,900萬元預算）。再者，「不當調適」（Maladaptation）之風險報告曾引用了聯合國IPCC的警告，強調錯誤的調適行動會導致更嚴重的後果，故若科學基礎不穩，且若調適平台僅是資料串接，而無有效的風險鑑別，可能導致「不當調適」及後續擬定策略時缺乏合宜參據。爰凍結該項預算10萬元，俟國家環境研究院於1個月內向立法院社會福利及衛生環境委員會提出書面報告，始得動支。【344】",,,,,,,,,,115,國家環境研究院,環境部,2026/5/20,伍麗華|林月琴,黃秀芳|王正旭,5551,,,科技發展,淨零排放科技,,145705000,2026-06-13T14:59:36.472Z
12259,凍結,通過,,100000,"115年度國家環境研究院「科技發展」項下「淨零排放科技」之「淨零排放-氣候變遷調適資訊整合平台建構及推動計畫」預算編列4,900萬元，用以辦理開發氣候變遷調適資訊整合平台，並進行氣候變遷調適培力研究暨國際合作等。鑑於環境部102年度起即分階段推 動國家氣候變遷調適行動方案，並陸續建立推動機制，「國家氣候變遷調適行動計畫(112至115年)」亦將屆期，惟經審計部於113年6月查核指出，有部分行動計畫之執行成果難以反映氣候變遷調適之合宜性。爰國家環境研究院於研發建置上開平台時，允先妥為整各調適領域之需求，俾為後續國家氣候變遷調適行動方案擬定時，各調適領域規劃相關策略及行動方案之參據，以降低不當調適風險，並提升調適成效。爰凍結該項預算10萬元，俟國家環境研究院於1個月內向立法院社會福利及衛生環境委員會提出書面報告後，始得動支。【347】",,,,,,,,,,115,國家環境研究院,環境部,2026/5/20,邱鎮軍,陳菁徽|王育敏,5679,,,科技發展,淨零排放科技,淨零排放-氣候變遷調適資訊整合平台建構及推動計畫,49000000,2026-06-13T14:59:36.472Z
12260,凍結,通過,,1000000,"鑒於丹尼絲颱風帶來的災情，致使嘉南地區有許多太陽能電板，散布在農田及海域。整體受損的電場有40座，包括大型水面型案場4案、大型地面型案場1案、較小光電業案場25案、非電業案場10案。所涉及的電板清運回收，外界有質疑是不是有毒的物質會流入海洋；是否有實際監測過？查國家環境研究院乃環境部技術專業機構，然面對光電板外界疑慮，國家環境研究院並未提出任何說明，亦未進行相關監測研究計畫；將問題留給環境部說明，漏失發揮專業機構建立形象之機會，消極態度顯而易見。爰針對115年度國家環境研究院「環境研究」預算編列3億1,559萬1千元，凍結100萬元，待提出如何精進環境研究具體措施後，始得動支。【348】",,,,,,,,,,115,國家環境研究院,環境部,2026/5/20,陳瑩,林月琴|王正旭,5677,,,環境研究,,,717367000,2026-06-13T14:59:36.472Z
12261,凍結,通過,,100000,115年度國家環境研究院「環境研究」項下「環境研究應用」之「業務費」預算編列978萬4千元。國家環境研究院雖進行光電板破碎溶出實驗並主張符合相關標準，然該等試驗多屬實驗室內短期與極端條件之模擬，與實際環境中長期曝露情境顯有落差。現實中光電板破損後，常散落於野外、埋入土壤或經雨水反覆沖刷，其長期累積效應、遷移途徑與生態暴露，非單次溶出試驗所能充分反映。於缺乏長期追蹤數據與多情境驗證之下，即以實驗結果作為安全性判斷依據，恐低估對土壤與水體之潛在影響，致整體風險評估偏離實況。復就制度面觀之，主管機關未建立長期環境監測與現地追蹤機制，亦未補強不同環境條件下之風險評估模型，顯示研究設計與政策需求未能有效銜接。相關方法學與評估結論亦未見第三方專業機構複核，專家諮詢過程與會議紀錄未公開，難以確保其科學性與公信力。於科學基礎尚未完備之情況下，即據以作為政策背書，難符審慎原則，相關政策與預算之正當性顯有檢討必要。爰凍結該項預算10萬元，俟國家環境研究院於3個月內向立法院社會福利及衛生環境委員會提出書面報告後，始得動支。【351】,,,,,,,,,,115,國家環境研究院,環境部,2026/5/20,邱慧洳,邱鎮軍|陳菁徽,5681,,,環境研究,環境研究應用,業務費,9784000,2026-06-13T14:59:36.472Z
12262,凍結,通過,,500000,"115年度國家環境研究院「環境研究」項下「強化全國環境檢測」預算編列7,180萬元。審計部中央政府總決算報告指出，國家環境研究院為進行噪音監測資料數據分析，已建置智能資訊運用平臺，惟囿於資料傳輸介接方式未獲共識，迄未完成相關設備及監測資料整合，致各地方政府未能上傳相關監測數據，辦理後續數據分析及加值應用，影響平臺建置成效，故建議凍結50萬元，待國家環境研究院提交書面報告至立法院社會福利及衛生環境委員會。【354】",,,,,,,,,,115,國家環境研究院,環境部,2026/5/20,楊曜,黃秀芳|劉建國,5682,,,環境研究,強化全國環境檢測,,71800000,2026-06-13T14:59:36.472Z
12263,主決議,通過,,,115年度國家環境研究院「環境管理」項下「環教認證管理」中「業務費」之「國外旅費」預算編列46萬元。國家環境研究院編列經費赴芬蘭考察「綠色產業發展及綠領人力轉型策略」，其計畫內容主要為參與國際訓練或會議、與國外機構交流，以及實地了解綠色經濟發展與人力培育策略等事項。然整體規劃多屬概括性交流與觀摩，未見具體技術引進、檢測方法精進或研究成果轉化之明確目標，與國家環境研究院以環境檢測及技術研發為核心之職掌顯有落差，機關分工未臻明確。另該計畫所列內容多屬政策觀察與經驗蒐集，具高度可替代性，本可透過國際報告、線上研討或跨部會資料整合取得，卻仍編列相對偏高之出國經費，且未訂定具體績效指標或後續應用機制，難以評估其對國內環境政策或技術發展之實質效益。在研究資源有限之情形下，仍推動內容空泛、成果不明之出國計畫，顯有資源配置失衡之虞，預算編列之必要性與合理性均有檢討空間。爰請國家環境研究院於2個月內向立法院社會福利及衛生環境委員會提出書面報告後。【339】,,,,,,,,,,115,國家環境研究院,環境部,2026/5/20,邱慧洳,邱鎮軍|陳菁徽,5683,,,環境管理,環教認證管理,業務費 > 國外旅費,460000,2026-06-13T14:59:36.472Z
12264,主決議,通過,,,"115年度國家環境研究院「科技發展」項下「環境研究-科技發展」預算編列2,164萬9千元。有關國家環境研究院115年度於「臺灣動物實驗替代科技計畫—建置化學物質替代測試及次世代評估體系」編列640萬元。雖國家環境研究院並非我國動物實驗管理之主責機關，惟其職掌涉及環境毒理、化學物質風險評估及替代測試方法之建置，仍應扮演我國推動動物實驗替代科技之重要技術支援角色。鑒於國際間已逐步推動「3R原則」，即 Replacement（替代）、Reduction（減量）及 Refinement（精緻化），以降低動物實驗使用並提升科學評估品質。爰建請國家環境研究院參與國家科學及技術委員會之相關跨部會合作平台，包括環境部、農業部、衛生福利部、國家科學及技術委員會及學研機構，共同推動動物實驗替代技術之研究、驗證、法規銜接與人才培訓，並投入新興生物醫學技術、體外測試、電腦模擬及次世代風險評估方法之發展，以完善我國動物實驗替代科技體系。俟國家環境研究院於1個月內向立法院社會福利及衛生環境委員會提出書面報告。【342】",,,,,,,,,,115,國家環境研究院,環境部,2026/5/20,陳菁徽,廖偉翔|邱慧洳,5684,,,科技發展,環境研究-科技發展,,21649000,2026-06-13T14:59:36.472Z
12265,主決議,通過,,,"115年度國家環境研究院「科技發展」項下「環境研究-科技發展」中「業務費」之「委辦費」預算編列1,764萬2千元。經查:細懸浮微粒成份來源解析及危害指標評估計畫已於113年完成先期研究(113FB003)、該計畫經費決標金額為1,155萬，依照該先期研究之研究建議，1.對上風處汙染掌握仍有不足、2.未來累積不同風場及測站數據後，深入分析空間差異顯著的污染成分，惟該先期研究之採樣點為線西、二林、崙背、斗六、新港、嘉義，又115年度計畫為進行以嘉義為核心及其周邊地區，故115年度該計畫之規劃內容顯與前述113年之先期研究之研究建議兩點均不相符；應精進規劃測站位置並持續累積不同風場之數據，強化空間差異顯著污染成分之解析能力，以提升空氣品質管理之科學支撐基礎。【343】",,,,,,,,,,115,國家環境研究院,環境部,2026/5/20,廖偉翔|陳菁徽|邱慧洳,,5685,,,科技發展,環境研究-科技發展,業務費 > 委辦費,17642000,2026-06-13T14:59:36.472Z
12266,主決議,通過,,,"115年度國家環境研究院「科技發展」項下「淨零排放科技」中「業務費」之「委辦費」預算編列6,775萬元。鑑於國家環境研究院辦理淨零綠領人才培訓，目前推動方式多偏重於辦理場次及參與人數之量化指標，缺乏對實務應用效果之追蹤檢核。為確保公帑發揮實質效益，該計畫應強化對第一線實務工作者（如廠房生產管理、農林畜產業經營者）之培育，使其能將碳盤查及減碳技術直接應用於生產實務；同時，在校園端之培育應與各大專院校相關科系、學院深度整合，避免通識型教育之資源重疊，改以培育具備跨領域專業技術之實質綠領人才。爰要求國家環境研究院應檢討114年度推動情形，並針對「實務應用導向之課程設計」與「產學專業整合機制」提出精進計畫。請國家環境研究院於1個月內向立法院社會福利及衛生環境委員會提出書面報告。【345】",,,,,,,,,,115,國家環境研究院,環境部,2026/5/20,伍麗華|林月琴,林淑芬|楊曜,5599,,,科技發展,淨零排放科技,業務費 > 委辦費,92717000,2026-06-13T14:59:36.472Z
12267,主決議,通過,,,"查環境部 115-118年度於「氣候變遷」計畫下，編列「淨零排放—氣候變遷調適資訊整合平台建構及推動計畫」。旨在開發風險評估工具、建置資訊整合平台並進行調適培力研發。然而：一、平台實用性與需求落差：該計畫預計研發風險評估與策略模擬工具，惟目前氣候變遷調適資訊偏重於上游基礎科研（國家科學及技術委員會），下游應用端（各級地方政府、企業）皆反應既有工具過於艱澀，難以應用於地方基建規劃或都市計畫調適，預算投入後之效益有待觀察。二、人工智慧應用目標模糊：計畫提及將透過人工智慧方式掌握使用需求，然而對於如何整合跨部會（如農業、經濟、內政部）調適資料，如何轉化為具備「在地化」參考價值的數據，缺乏具體之查核點與技術規範。三、國際合作產出值不明：「氣候變遷調適培力研究暨國際合作」編列2,400萬元，用於辦理論壇與國際交流，惟在碳費徵收與調適法制化之關鍵時期，該國際合作之具體回饋機制與對國內政策之實質貢獻度，有待釐清。國家環境研究院115至118年度「氣候變遷」「氣候變遷調適業務」計畫經費共2億元，115度年度編列4,900萬元，請國家環境研究院於1個月內向立法院社會福利及衛生環境委員會提出「氣候變遷調適平台如何落實地方應用與跨部會資料精進方案」書面報告。【346】",,,,,,,,,,115,國家環境研究院,環境部,2026/5/20,盧縣一|蘇清泉,陳菁徽,5687,,,氣候變遷調適培力研究暨國際合作,,,24000000,2026-06-13T14:59:36.472Z
12268,主決議,通過,,,"115年度國家環境研究院「環境研究」項下「設備及投資」預算編列1億4,209萬6千元。其中03-檢測技術發展、05-強化全國環境檢測分支計畫皆有購置高額儀器設備，復以前瞻計畫亦有購置相關貴重儀器設備(如前瞻五期編列2,800萬建置不同碳源之來源量測鑑識方法及購置設備)。按金額500萬元（含）以上之貴重儀器為國家耗費鉅額公帑購買，應積極研謀提升使用效能，方屬妥適。又加強研發或檢測量能購置貴重儀器設備本屬當為，然行政單位應於購置前針對需求、未來可提供服務時數(小時)、實際服務時數及占可提供服務時數之比例、可能收入及支出(包括維護合約及零件更新等費用)狀況、預計SCI期刊發表篇數、論文引用數等，應先妥適評估後，並將分析結果作為後續貴重儀器經費分配及購置之依據。同時亦應訂定「貴重儀器使用效益評估作業要點」，方能建立有效運用貴重儀器制度。爰請國家環境研究院2個月內針對上述理由提出書面報告。【349】",,,,,,,,,,115,國家環境研究院,環境部,2026/5/20,廖偉翔|陳菁徽|邱慧洳,,5688,,,環境研究,設備及投資,,142096000,2026-06-13T14:59:36.472Z
12269,主決議,通過,,,115年度國家環境研究院「環境研究」項下「環境研究應用」預算編列988萬4千元。一、《氣候變遷因應法》第5條及第6條揭示，溫室氣體減量及氣候變遷調適政策應參酌國內外最新氣候變遷科學研究、分析及情境推估。國家科學及技術委員會與環境部爰依此共同發布《國家氣候變遷科學報告2024：現象、衝擊與調適》，提供各級政府於風險評估及調適規劃時所需之氣候變遷資訊。二、然目前兩部會於氣候科學研究推動之權責分工與整合機制尚待釐清，為確保各資源有效運用，爰請環境部偕同國家科學及技術委員會，就雙方於氣候科學研究推動之權責分工、合作模式及整合機制進行說明。請國家環境研究院於1個月內向立法院社會福利及衛生環境委員會提出書面報告。【350】,,,,,,,,,,115,國家環境研究院,環境部,2026/5/20,林月琴,林淑芬|黃秀芳|王正旭,5689,,,環境研究,環境研究應用,,9884000,2026-06-13T14:59:36.472Z
12270,主決議,通過,,,"115年度國家環境研究院「環境研究」項下「檢測技術發展」之「業務費」預算編列9,343萬元。現行環境監測體系對於新興污染物之掌握顯有不足。針對受損光電板可能產生之塑膠微粒污染，主管機關經質詢坦承，相關檢測方法學尚未成熟，現階段監測仍以重金屬為主，對於塑膠微粒之實際分布與濃度缺乏有效掌握，顯示環境風險評估存在明顯空窗。於光電設施快速擴張之情形下，未能同步建立監測與評估機制，難以及時掌握潛在污染對水體與生態之影響。復就政策執行而言，主管機關於明知檢測能力不足之情形下，仍未提出具體補強計畫與時程，亦未建立跨部會研究與監測整合機制，致新興污染風險長期處於低度監管狀態。此種「先開發、後補救」之作法，顯與預防原則不符，亦難以確保環境品質與公共健康安全，相關預算編列與政策配套顯有檢討必要。請國家環境研究院就塑膠微粒檢測技術發展現況於3個月內向立法院社會福利及衛生環境委員會提出書面報告。【352】",,,,,,,,,,115,國家環境研究院,環境部,2026/5/20,邱慧洳,邱鎮軍|陳菁徽,5690,,,環境研究,檢測技術發展,業務費,93430000,2026-06-13T14:59:36.472Z
12271,主決議,通過,,,"115年度國家環境研究院「環境研究」項下「檢測技術發展」之「業務費」預算編列9,343萬元。高雄馬頭山自然保育區遭傾倒大量廢鋁渣及營建廢棄物，已有多項重金屬超標情形，然國家環境研究院仍將該批廢棄物認定為一般事業廢棄物，未就其實際環境危害進行更高風險分級與判定，致應變措施未能及時啟動。於保育區此類高度敏感場域，檢測與判定本應採取從嚴原則，然現行作法偏重形式分類，未充分反映污染物特性及環境衝擊，顯示風險評估機制未臻周延。復就執行面觀之，國家環境研究院未即時整合多元檢測方法與現地監測資料，亦未主動釐清外界對污染程度之爭議，導致中央與地方對污染認定標準不一，影響後續應變決策與處置效率。於污染已對水體與生態造成明顯影響之情形下，仍未主導建立完整風險判定與應變指引，顯示專業支撐功能未能有效發揮，相關政策與預算執行成效顯有檢討必要。請國家環境研究院就棄置案件的檢測技術協助所扮演角色於1個月內向立法院社會福利及衛生環境委員會提出書面報告。【353】",,,,,,,,,,115,國家環境研究院,環境部,2026/5/20,邱慧洳,邱鎮軍|陳菁徽,5690,,,環境研究,檢測技術發展,業務費,93430000,2026-06-13T14:59:36.472Z
12272,主決議,通過,,,"一般性補助款—環境部主管原列 20 億 6,273 萬 3 千元，減列第 3 目「一般性環境保護補助—環境管理署」30萬元",,,,,,,,,,115,環境管理署,環境部,2026/5/20,社會福利及衛生環境委員會,,,,,,,,,2026-06-13T14:59:36.472Z
12273,凍結,通過,,1000000,"115年度直轄市及縣市政府「一般性補助款-環境部主管」項下「一般性環境保護補助-環境管理署」之「多元化垃圾處理計畫-第2期計畫」預算編列4億5,490萬元。極端高溫日益頻繁、夏季持續日數不斷拉長，高溫成了國人健康與日常生活的重要威脅；環境部表示，114年7月推出「抗高溫涼適地圖(Cool Map)」，目前已累積逾5,000個涼適點，未來將持續增加，預估明年可達上萬個涼適點，另，115年將納入以兒童、長者等高溫脆弱族群為主的核心政策，如增加涼適點密集度、推動戶外活動設施改善等，打造更韌性台灣。此做為誠屬至當至允，然對於各縣市辛勞之垃圾清潔隊同仁，於夏季長時間需站立在垃圾車上執行清運及回收工作，無處躲避高溫曝曬及採取相關降溫措施，致使南部及花東地區部分清潔隊員發生中暑及熱痙攣等危害，並遭媒體揭露多時。環境部環境管理署至今仍未進行熱危害之調查及評估，提出保護清潔隊員之熱危害預防措施！爰針對是項預算凍結100萬元，俟環境部環境管理署於1個月內向立法院社會福利及衛生環境委員會提出如何避免垃圾清潔人員高溫熱危害預防具體措施書面報告後，始得動支。【284】",,,,,,,,,,115,環境管理署,環境部,2026/5/20,陳瑩,林月琴|王正旭,5691,,,一般性補助款-環境部主管,一般性環境保護補助-環境管理署,多元化垃圾處理計畫-第2期計畫,454900000,2026-06-13T14:59:36.472Z
12274,減列,通過,500000,,減列「空氣污染防制基金」項下「空氣污染防制計畫」之「空氣品質監測」50 萬元，科目自行調整。【5】,,,,,,,,,,115,環境保護基金,環境部,2026/5/20,社會福利及衛生環境委員會,,,,,,,,,2026-06-13T14:59:36.472Z
12275,減列,通過,500000,,配合 115 年度中央政府總預算審議結果減列環境部單位預算「空氣品質保護及噪音管制」項下「移動空氣污染源防制」50 萬元，爰併同調整減列「空氣污染防制基金」項下「空氣污染防制計畫」之「地方政府執行空氣污染防制工作」中「會費、捐助、補助、分攤、照護、救濟與交流活動費」內「捐助、補助與獎助」50 萬元。,,,,,,,,,,115,環境保護基金,環境部,2026/5/20,社會福利及衛生環境委員會,,,,,,,,,2026-06-13T14:59:36.472Z
12276,減列,通過,1000000,,減列 「資源回收管理基金」項下「資源回收管理計畫」100 萬元，科目自行調整。【21、22、23】,,,,,,,,,,115,環境保護基金,環境部,2026/5/20,社會福利及衛生環境委員會,,,,,,,,,2026-06-13T14:59:36.472Z
12277,減列,通過,5000000,,減列「土壤及地下水污染整治基金」項下「土壤及地下水污染整治計畫」500 萬元，科目自行調整。【27、28、29、30、31、32】,,,,,,,,,,115,環境保護基金,環境部,2026/5/20,社會福利及衛生環境委員會,,,,,,,,,2026-06-13T14:59:36.472Z
12278,減列,通過,500000,,減列 「水污染防治基金」項下「水污染防治計畫」之「水污染防治及水體水質改善」50 萬元，科目自行調整。【34】,,,,,,,,,,115,環境保護基金,環境部,2026/5/20,社會福利及衛生環境委員會,,,,,,,,,2026-06-13T14:59:36.472Z
12279,減列,通過,1000000,,減列「溫室氣體管理基金」項下「因應氣候變遷計畫」之「溫室氣體排放管理」100 萬元。【47】；前揭計畫之「氣候變遷調適韌性建構」50 萬元，科目自行調整【51】。,,,,,,,,,,115,環境保護基金,環境部,2026/5/20,社會福利及衛生環境委員會,,,,,,,,,2026-06-13T14:59:36.472Z
12280,凍結,保留,5000000,10000000,"查「環境部空氣污染防制基金」應是作為「推動固定污染源整體管制減量策略計畫」的一個核心基金，然而近期不論是重啟麥寮電廠，南投增設焚化爐等政策，環境部以及環境部大氣環境司均無具體、積極的作為，令人不禁質疑環境部「推動固定污染源整體管制減量策略計畫」的決心為何。為撙節政府經費，爰針對115年度空氣污染防制基金「空氣污染防制計畫」項下「空氣品質管理」之「固定污染源管制」預算編列3億1,189萬元，建議刪減500萬元，並凍結1,000萬元，待環境部提出具體精進作為，經立法院同意後，始得動支。【7】",,,,,,,,,,115,環境保護基金,環境部,2026/5/20,劉建國,林月琴|王正旭,5692,,,空氣污染防制計畫,空氣品質管理,固定污染源管制,311890000,2026-06-13T14:59:36.472Z
12281,凍結,通過,,115433520,"115年度空氣污染防制基金「基金用途」預算編列38億4,778萬4千元用於地方分配，根據明細表，移動污染源預計徵收約48億8,800萬元，其中80%（約39億1,000萬元）撥交中央統籌運用，僅20%撥交地方。移動污染源（車輛汽柴油）之污染排放直接影響地方居民健康，且地方政府需負擔第一線的交通管理與稽查人力，中央拿走八成預算的比例是否過高？如何確保這39億元能公平回饋到高污染負荷的縣市？空氣品質監測與技術應用115年度編列多項參與AI與機器學習相關國際會議（如ICML2026），環境部應具體說明過去參加此類會議後，如何將技術轉化應用於國內空污預報？是否有實質改善預報準確率？固定污染源與溫室氣體防制近年來民眾對特定致癌物（如環氧乙烷、重金屬等）高度關注，115年度編列計畫中，針對特定高風險工業區（如特殊性工業區）的監測制度研究，預計能達成多少實質減量目標？移動污染源管制與運具電動化：移動污染源管制的專業服務費編列了1億2,400萬元。其中包含「維持車輛低污染排放水平」等工作。請環境部說明，在電動車普及化的過渡期，針對高齡老舊柴油車的汰換補貼，除了目前方案外，115年度是否有針對特定熱點區域（如港區、物流中心）加強管制的具體作為？另針對「跨區域空污治理」與「偏鄉交通運具電動化（屏東偏遠地區公車換購）方案」不盡理想。避免預算虛擲，必須檢討適妥性。鑑於為中華民國納稅人嚴格把關政府財政支出之必須，爰針對是項預算凍結百分之三，俟環境部於3個月內洽相關部會，並向立法院社會福利及衛生環境委員會提出書面報告後，始得動支。【2】",,,,,,,,,,115,環境保護基金,環境部,2026/5/20,蘇清泉,盧縣一|王育敏,5693,,,基金用途,,,3847784000,2026-06-13T14:59:36.472Z
12282,凍結,通過,,15000000,"針對環境部及各級政府辦理空氣污染防制費徵收作業，依據113年度審計部中央政府總決算審核報告審核意見，近年空氣污染防制費應追補繳件數及應追補金額大幅攀升，自111年度之458件、1億3,000萬餘元，上升至113年度之591件、2億7,160萬餘元，合計1,519件及5億4,392萬餘元，截至113年底止，前開應追補繳案件尚未繳納金額計2億5,185萬餘元（占46.30%）。且部分業者短漏報情形嚴重，3年內累犯2次以上者達196家。此外，環境部抽檢複查地方環保局審查案件，發現因原核算錯誤須變更結果之比率，由112年度之5.66%大幅攀升至113年度之12.20%，顯見審查品質不一；且現行考評機制未將追補繳成效納入指標，恐影響基金收入之完整性。另環境部長年未依會計制度認列歸屬中央之40%分配款，於113年底始透過「空氣污染防制費暨排放量申報整合管理系統」確認應入帳之尚待追補繳款項共計1億8,718萬餘元，而系統無法區分款項年度，導致帳務處理未臻周妥。為督促環境部偕同地方政府清理催繳空氣污染防制費、完備內控機制及精進會計帳務，爰針對115年度環境部空氣污染防制基金「空氣污染防制計畫」預算編列37億0,886萬1千元，凍結1,500萬元，俟環境部向立法院社會福利及衛生環境委員會於1個月內提出改善精進方案之書面報告後，始得動支。【3】",,,,,,,,,,115,環境保護基金,環境部,2026/5/20,邱慧洳,邱鎮軍|陳菁徽,5694,,,空氣污染防制計畫,,,3708861000,2026-06-13T14:59:36.472Z
12283,凍結,通過,,1000000,"115年度空氣污染防制基金「空氣污染防制計畫」項下「空氣品質監測」預算編列2億5,814萬7千元。有鑑於高雄地區空氣品質雖已逐年改善，惟小港、前鎮、大寮等工業活動密集區域，仍長期面臨空氣品質不佳、污染來源複雜及民眾陳情頻繁等問題。再者，部分高污染風險區域之空氣品質監測設備布建仍有不足，恐影響主管機關即時掌握污染變化、追蹤污染來源及採取防制措施之能力。爰建請環境部運用空氣污染防制基金，針對高雄市空氣品質較差及高污染風險區域，強化空氣品質監測設備布建、移動式監測、感測器資料整合及污染熱區分析，提升污染掌握度與稽查精準度，並協助地方政府加強污染來源管制及改善措施，以維護高雄地區居民健康及環境品質。爰針對是項預算凍結100萬元，俟環境部院於3個月內向立法院社會福利及衛生環境委員會提出書面報告，始得動支。【4】",,,,,,,,,,115,環境保護基金,環境部,2026/5/20,陳菁徽,邱鎮軍|邱慧洳,5695,,,空氣污染防制計畫,空氣品質監測,,258147000,2026-06-13T14:59:36.472Z
12284,凍結,通過,,10000000,"115 年度空氣污染防制基金「空氣污染防制計畫」項下「空氣品質管理」之「固定污染源管制」預算編列 3 億 1,189 萬元，合併凍結 1,000 萬元，俟環境部就下列各案向立法院社會福利及衛生環境委員會提出書面報告，始得動支。",,,,,,,,12285|12286|12287,,115,環境保護基金,環境部,2026/5/20,楊曜|蘇清泉|王育敏,涂權吉|廖偉翔|黃秀芳|劉建國|盧縣一|王育敏,5692,,,空氣污染防制計畫,空氣品質管理,固定污染源管制,311890000,2026-06-13T14:59:36.472Z
12285,凍結,通過,,10000000,"近年高屏地區經納管之公私場所，仍存有空氣污染物實際排放量超逾指定削減目標值之情事，應積極研謀改善空氣污染防制基金115年度預算案於「空氣污染防制計畫-02固定污染源管制」計畫編列3億1,189萬元，用以辦理固定污染源管制相關業務。環境部自104年度起即針對高屏地區空氣污染物排放進行總量管制，惟經納入列管之公私場所迄多有排放量超逾目標值之情形。機關應將政府經費花在刀口上，發揮更大效益。避免預算虛擲，必須檢討適妥性。鑑於為中華民國納稅人嚴格把關政府財政支出之必須，爰針對115年度空氣污染防制基金「空氣污染防制計畫」項下「空氣品質管理」之「固定污染源管制」預算編列3億1,189萬元，凍結1,000萬元，俟環境部於1個月內向立法院社會福利及衛生環境委員會提出書面報告後，始得動支。【6】",,,,,,,,,12284,115,環境保護基金,環境部,2026/5/20,蘇清泉,盧縣一|王育敏,5692,,,空氣污染防制計畫,空氣品質管理,固定污染源管制,311890000,2026-06-13T14:59:36.472Z
12286,凍結,通過,,10000000,"審計部指出，政府已對公私場所等固定污染源開徵空氣污染防制費，並由環境部委託地方環保機關執行費用核算（定）、查核及追補繳等作業，惟各公私場所近3年度短、漏（誤）報情形頻仍，尚待追補繳金額頗鉅，又相關費用核算、帳務處理及考核作業未臻周妥，環境部應儘速督促地方政府環保機關加速清理催繳及完備相關內控機制，以增裕空氣污染防制基金收入，達成防制污染目的，爰此，針對115年度空氣污染防制基金「空氣污染防制計畫」項下「固定污染源管制」預算編列3億1,189萬元，凍結1,000萬元，俟環境部向立法院社會福利及衛生環境委員會提出書面報告後，始得動支。【8】",,,,,,,,,12284,115,環境保護基金,環境部,2026/5/20,楊曜,黃秀芳|劉建國,5692,,,空氣污染防制計畫,空氣品質管理,固定污染源管制,311890000,2026-06-13T14:59:36.472Z
12287,凍結,通過,,10000000,"據環境部調查顯示，我國113年及114年總體細懸浮微粒PM2.5濃度值皆維持12.8(μg/m3)，而PM10濃度值則從28.1(μg/m3)上升到28.4(μg/m3)，另查，中部空品區pm2.5從113年的13.5(μg/m3)上升到114年的14(μg/m3)；雲嘉南空品區的pm2.5，從113年的16(μg/m3)上升到16.5(μg/m3)，考量固定污染源管制預算連年增加，但空污減量措施未見成效，爰針對115年度空氣污染防制基金「空氣污染防制計畫」項下「固定污染源管制」預算編列3億1,189萬元，凍結1,000萬元，待環境部就固定污染源排放PM2.5不減反升情形，提出具體改善方案，向立法院社會福利及衛生環境委員會提出書面報告後，始得動支。【11】",,,,,,,,,12284,115,環境保護基金,環境部,2026/5/20,蘇清泉|王育敏,涂權吉|廖偉翔,5692,,,空氣污染防制計畫,空氣品質管理,固定污染源管制,311890000,2026-06-13T14:59:36.472Z
12288,凍結,通過,,1000000,"審計部指出，政府已針對公私場所等固定污染源開徵空氣污染防制費，並由環境部委託地方環保機關辦理費用核算、查核、追補繳及相關作業。惟近3年度各公私場所短報、漏報或誤報情形頻仍，待追補繳金額仍屬龐大，顯示現行申報查核、費用核算及追繳管理機制仍有不足。此外，相關帳務處理、內部控制及考核作業尚未臻周延，恐影響空氣污染防制費徵收公平性及基金收入穩定性。爰建請環境部督促地方政府環保機關加速辦理欠費清理、催繳及追補繳作業，並檢討強化申報查核、帳務管理、內控稽核及地方執行考核機制，以增裕空氣污染防制基金收入，落實污染者付費原則，並提升空氣污染防制成效。爰此，針對115年度空氣污染防制基金「空氣污染防制計畫」項下「固定污染源管制」預算編列3億1,189萬元，凍結100萬元，俟環境部向立法院社會福利及衛生環境委員會提出書面報告後，始得動支。【10】",,,,,,,,,,115,環境保護基金,環境部,2026/5/20,陳菁徽|邱慧洳,邱鎮軍,5692,,,空氣污染防制計畫,空氣品質管理,固定污染源管制,311890000,2026-06-13T14:59:36.472Z
12289,凍結,通過,,1000000,"辦理空氣品質有鑑於高雄土方處置爭議，在啟用南星計畫暫置區後雖暫時緩解，惟土方運輸過程中，每日仍有高達八、九百車次大型車輛頻繁行經沿海路、南星路等道路，形成嚴重移動污染源，並衍生揚塵、噪音、交通安全及道路負荷等問題，已影響周邊居民生活品質與健康。建請環境部針對土方運輸路線、車次頻率、車輛排放、揚塵防制及道路清洗等事項加強管制與稽查，並研議導入車輛分流、時段管制、即時監測及污染熱區管理措施，以降低大型車輛密集通行對當地環境及居民健康之衝擊。爰此，針對115年度空氣污染防制基金「空氣污染防制計畫」項下「移動污染源管制」預算編列16億5,993萬2千元，凍結100萬元，俟環境部向立法院社會福利及衛生環境委員會提出書面報告後，始得動支。【13】",,,,,,,,,,115,環境保護基金,環境部,2026/5/20,陳菁徽,邱鎮軍|邱慧洳,5696,,,空氣污染防制計畫,移動污染源管制,,1659932000,2026-06-13T14:59:36.472Z
12290,凍結,通過,,1000000,"審計部指出，惟部分空品區細懸浮微粒濃度減量未達分區目標，又高屏地區空氣污染物總量管制計畫之第二實施期程未能如期銜接，總量管制目標設定過於寬鬆，且未針對衍生性PM2.5之前驅化學物質設定管制目標，不利全面評量空氣品質，並積極促進有效改善我國空氣品質，爰此，針對115年度空氣污染防制基金「空氣污染防制計畫」項下「空氣品質管理」預算編列4億4,267萬2千元，凍結100萬元，俟環境部向立法院社會福利及衛生環境委員會提出書面報告後，始得動支。【17】",,,,,,,,,,115,環境保護基金,環境部,2026/5/20,楊曜,黃秀芳|劉建國,5697,,,空氣污染防制計畫,空氣品質管理,,442672000,2026-06-13T14:59:36.472Z
12291,凍結,通過,,1000000,"審計部指出，部分空品區細懸浮微粒（PM2.5）濃度減量未達分區改善目標，顯示我國空氣品質改善成效仍有區域落差。另高屏地區空氣污染物總量管制計畫第二實施期程未能如期銜接，且總量管制目標設定偏於寬鬆，恐削弱污染減量之實質效果。再者，現行管制內容尚未針對衍生性PM2.5之前驅化學物質，如硫氧化物、氮氧化物、揮發性有機物及氨等，設定明確管制目標，恐不利主管機關完整評估污染形成機制及改善成效。爰建請環境部檢討各空品區PM2.5減量目標達成情形，並儘速強化高屏地區總量管制計畫之期程銜接、目標設定及前驅物管制機制，以提升空氣品質治理效能，促進我國空氣品質持續改善。針對115年度空氣污染防制基金「空氣污染防制計畫」項下「空氣品質管理」預算編列4億4,267萬2千元，凍結100萬元，俟環境部向立法院社會福利及衛生環境委員會提出書面報告後，始得動支。【18】",,,,,,,,,,115,環境保護基金,環境部,2026/5/20,陳菁徽|邱慧洳,邱鎮軍,5697,,,空氣污染防制計畫,空氣品質管理,,442672000,2026-06-13T14:59:36.472Z
12292,凍結,通過,,3000000,"115 年度資源回收管理基金「資源回收管理計畫」預算編列 20 億 0,463 萬 5 千元，合併凍結 300 萬元，俟環境部就下列各案向立法院社會福利及衛生環境委員會提出書面報告後，始得動支。",,,,,,,,12293|12294,,115,環境保護基金,環境部,2026/5/20,王育敏,廖偉翔|黃秀芳|劉建國|陳菁徽,5698,,,資源回收管理計畫,,,2004635000,2026-06-13T14:59:36.472Z
12293,凍結,通過,,3000000,"經查，環境部資源回收管理計畫於114年編列預算21億1,000萬元，最終決算數僅18億2,000萬元，預算執行率僅達86%，遠低於113年預算執行率96.8%，顯示目前預算與實際執行能力存在極大落差，爰針對115年度資源回收管理基金「資源回收管理計畫」預算編列20億0,463萬5千元，凍結300萬元，俟環境部提出檢討預算執行落差書面報告後，始得動支。【19】",,,,,,,,,12292,115,環境保護基金,環境部,2026/5/20,王育敏,廖偉翔|陳菁徽,5698,,,資源回收管理計畫,,,2004635000,2026-06-13T14:59:36.472Z
12294,凍結,通過,,3000000,"依海洋委員會海洋保育署成果報告書顯示，若可提供穩定、快速的廢漁網回收管道，即使沒有廢漁網回收獎勵金，漁民亦有意願將廢漁網進行回收，穩定、快速之廢漁網回收管道，攸關海洋廢棄物回收再利用之成效，從資源永續循環利用的角度出發，環境部應積極協助海洋委員會海洋保育署針對海洋廢棄物、廢漁網優化去化管道並增加政策誘因，爰此針對115年度資源回收管理基金「資源回收管理計畫」預算編列20億0,463萬5千元，凍結300萬元，俟環境部資源循環署向立法院社會福利及衛生環境委員會提出書面報告後，始得動支。【24】",,,,,,,,,12292,115,環境保護基金,環境部,2026/5/20,楊曜,黃秀芳|劉建國,5698,,,資源回收管理計畫,,,2004635000,2026-06-13T14:59:36.472Z
12295,凍結,通過,,1000000,"有鑑於「資源回收之宣傳輿溝通業務」之預算較114年度增加新臺幣240萬元，增加項目為「會費、捐助、補助、分攤、照護救濟與交流活動費」，惟其增加原因、補助對象、執行內容及預期效益尚待進一步釐清，環境部資源循環署應就預算增列之必要性及具體用途提出說明。另近年電子產品推陳出新，汰換週期持續縮短，電子廢棄物產生量亦逐年增加。據統計，臺灣廢棄電子電器類回收量已由106年12萬0,418.4公噸，增加至113年18萬0,403.9公噸，顯示電子電器廢棄物管理已成為資源循環政策之重要課題。惟目前仍有部分廢棄電子產品未循正規回收管道處理，恐衍生重金屬、有害物質逸散、非法拆解、資源流失及環境污染等問題，形成另類環境負擔。環境部資源循環署就電子廢棄物回收管理、流向追蹤、非法棄置查核、再使用及再資源化機制，提出具體改善方案及執行時程。爰此，針對115年度資源回收管理基金「資源回收管理計畫」項下「資源回收之宣傳與溝通業務」預算編列3,280萬元，凍結100萬元，俟環境部資源循環署向立法院社會福利及衛生環境委員會提出書面報告後，始得動支。【20】",,,,,,,,,,115,環境保護基金,環境部,2026/5/20,陳菁徽,邱鎮軍|邱慧洳,5700,,,資源回收管理計畫,資源回收之宣傳與溝通業務,,32800000,2026-06-13T14:59:36.472Z
12296,凍結,通過,,2000000,"有鑑於「資源回收調查、評估與規劃、輔導」項下、服務費用預算較114年度增加新臺幣6,075萬5千元，增幅甚鉅，環境部資源循環署應就預算增列之必要性、委辦內容、執行項目、預期效益及績效指標提出具體說明。再者，一次用產品、產品包裝及網購包裝以及廢棄物等之減量成果仍未臻理想。根據統計，我國塑膠類垃圾占比逐年上升，已由107年之18%，增加至111年之28.4%；另一般廢棄物產生量亦持續攀升，由109年984萬9,675公噸，增加至113年1,176萬3,891公噸,創近5年新高;114年1至9月更已達879萬4,039公噸，顯示我國源頭減量政策仍有待強化。爰要求環境部資源循環署，針對一次用產品、塑膠袋、產品包裝及網購包裝等廢棄物減量政，提出具體改善措施，並研議提升塑膠袋使用成本、推動無包裝或低包裝銷售模式、強化網購包裝減量規範、擴大業者源頭減量責任及建立量化績效指標等作法，向立法院社會福利及衛生環境委員會提出書面報告。爰此，針對115年度資源回收管理基金「資源回收管理計畫」項下「資源回收調查、評估與規劃、輔導」預算編列3億5,614萬4千元，凍結200萬元，俟環境部資源循環署向立法院社會福利及衛生環境委員會1個月內提出書面報告後，始得動支。【25】",,,,,,,,,,115,環境保護基金,環境部,2026/5/20,陳菁徽,邱鎮軍|邱慧洳,5701,,,資源回收管理計畫,資源回收調查、評估與規劃、輔導,,356144000,2026-06-13T14:59:36.472Z
12297,凍結,通過,,500000,115年度水污染防治基金「服務費用」項下「旅運費」預算編列192萬1千元，經查，環境部114年旅運費預算195萬1千元，決算僅執行68萬8千元，預算執行率僅約35%，而115年相關預算卻未依實際決算數進行檢討，仍有預算浮編之狀況，爰針對是項預算凍結50萬元，經提出書面報告後，始得動支，以撙節政府開支。【33】,,,,,,,,,,115,環境保護基金,環境部,2026/5/20,王育敏,邱鎮軍|廖偉翔,5702,,,服務費用,旅運費,,1921000,2026-06-13T14:59:36.472Z
12298,凍結,通過,,1000000,"經查「環境教育策略之推動、檢討及精進」計畫之預算從前一年度的5,270萬元暴增到115年度的8,479萬元。其中，「專業服務費」更是從3,695萬1千元，飆升至6,161萬7千元，考量環境教育推廣是常態性業務，應在配合重大政策或新增全國性大型專案的情況下，始得增列經費。爰針對115年度環境教育基金「環境教育推動計畫」項下「環境教育策略之推動、檢討及精進」預算編列8,479萬2千元，凍結100萬元，請環境部於3個月內向立法院社會福利及衛生環境委員會提出書面報告後，始得動支。【38】",,,,,,,,,,115,環境保護基金,環境部,2026/5/20,蘇清泉|王育敏,廖偉翔,5703,,,環境教育推動計畫,環境教育策略之推動、檢討及精進,,84792000,2026-06-13T14:59:36.472Z
12299,凍結,通過,,500000,"115年度環境教育基金「環境教育推動計畫」項下「推動環境教育扎根培力計畫」預算編列9,685萬3千元。近年淨零綠生活的成效主要推動環保集點部分，其中環保集點 (Green Point) 普及部分，透過 App 獎勵機制帶動綠色消費，目前會員數已突破百萬人，串聯通路包含四大超商、大型超市及大眾運輸系統。經查，環保集點APP收穫許多評論反應，如APP使用容易卡頓、APP的點選反應很延遲、點選會員鍵無法點選等。相關活動的確受到民眾喜愛，但程式應用尚有相當改進之處，應盡速改善提升APP完善度，便利民眾使用。爰此，提案凍結50萬元，俟環境部向立法院社會福利及衛生環境委員會於2個月提出書面報告後，始得動支。【43】",,,,,,,,,,115,環境保護基金,環境部,2026/5/20,黃秀芳,楊曜|王正旭,5704,,,環境教育推動計畫,推動環境教育扎根培力計畫,,96853000,2026-06-13T14:59:36.472Z
12300,凍結,通過,,2000000,"115年度溫室氣體管理基金「服務費用」項下「專業服務費」預算編列7億5,696萬1千元。依據《溫室氣體管理基金各項費用彙計表》顯示，本年度專業服務費從去年的2億7,800萬元，飆升至7億5,600萬元，暴增將近4億7,900萬元，經查，115年度因應氣候變遷計畫之專業服務費內容，與114年度相關計畫內容並無顯著差別及重大新增業務，預算增加原因尚待說明，爰凍結專業服務費預算200萬元，向立法院社會福利及衛生環境委員會提書面報告後，始得動支。【44】",,,,,,,,,,115,環境保護基金,環境部,2026/5/20,蘇清泉|王育敏,廖偉翔,5705,,,服務費用,專業服務費,,756961000,2026-06-13T14:59:36.472Z
12301,凍結,通過,,1000000,"115年度溫室氣體管理基金「因應氣候變遷計畫」項下「溫室氣體排放管理」預算編列19億8,565萬3千元。為達成2050淨零碳排為因應氣候變遷危機之國際共識，各國正加速推動能源、產業、交通與生活轉型，並將科技研發視為關鍵驅動力。推動國家淨零轉型需高度跨領域整合與跨部門協作，在臺灣淨零科技方案推動小組的指導下，財團法人台灣經濟研究院於3月13日舉辦「2025前瞻淨零科技論壇」，邀集國內產官學研專家學者，齊聚討論包括複合式海域能源、低碳氫(氨)能、淨零智慧電網、前瞻地熱推動、產業設備整合AIoT創新節電、碳封存整合社會治理、生物質能資源化、基盤設施與建成環境淨零轉型等八大複合式淨零科技議題。論壇所探討之複合式議題聚焦2030年前具落地潛力的科技，透過場域驗證技術可行性、社會接受與環境友善，建立技術信心與應用基礎。惟對於「碳封存整合社會治理」議題，該論壇未見具體明確之結論與方向。亦未見氣候變遷署就如何推動碳封存的整合社會治理，對外界明確說明，使民眾對此議題難以親近及認同，亦不知如何參與配合。爰凍結環境部氣候變遷署溫室氣體排放管理100萬元，待提出如何精進說明碳封存的整合社會治理具體內涵後，始得動支。【46】",,,,,,,,,,115,環境保護基金,環境部,2026/5/20,陳瑩,林月琴|王正旭,5706,,,因應氣候變遷計畫,溫室氣體排放管理,,1985653000,2026-06-13T14:59:36.472Z
12302,凍結,通過,,1000000,"115年度溫室氣體管理基金「因應氣候變遷計畫」項下「溫室氣體排放管理」中「服務費用」之「專業服務費」編列「精進溫室氣體排放量盤查登錄與管理制度工作」預算2,100萬元。用以精進溫室氣體排放量盤查登錄與管理制度工作。為推動第三者查驗機構執行溫室氣體確證及查證工作，氣候變遷署修法放寬查驗機構應具備之條件，查驗人員應具備之學歷、經歷、整併簡化許可查驗項目等，並陸續辦理查驗人員相關訓練，惟目前查驗機構取得許可查驗項目之涵蓋率仍皆未及八成，爰環境部仍應持續積極輔導查驗機構拓展查驗項目範圍，俾提升許可項目之涵蓋率，以健全溫室氣體查驗體系。爰凍結100萬元，俟環境部於1個月內向社會福利及衛生環境委員會提出書面報告。【48】",,,,,,,,,,115,環境保護基金,環境部,2026/5/20,邱鎮軍,王育敏|邱慧洳,5707,,,因應氣候變遷計畫,溫室氣體排放管理,服務費用 > 專業服務費,21000000,2026-06-13T14:59:36.472Z
12303,凍結,通過,,1000000,"115年度溫室氣體管理基金「因應氣候變遷計畫」項下「減量及誘因制度推動」預算編列2億3,929萬9千元。審計部總決算審核報告指出，環境部為避免企業進行「漂綠」，雖已發布企業宣告碳中和指引，惟相關監督、查核及審查機制尚未臻完備，恐不利主管機關檢視企業碳中和宣告之真實性、完整性及有效性，亦可能影響社會大眾對淨零政策及企業減碳承諾之信任。爰此，建請環境部氣候變遷署參考國外碳中和宣告、碳權使用、第三方查證及漂綠防制等相關制度，儘速研議建立企業碳中和宣告之審查、揭露及追蹤管理機制，強化查核標準與違規處理措施，以避免企業以不實或誤導性宣稱規避減碳責任，並促進我國2050淨零排放政策目標之落實。爰此，提案凍結預算100萬元，俟環境部氣候變遷署向立法院社會福利及衛生環境委員會提出書面報告後，始得動支。【49】",,,,,,,,,,115,環境保護基金,環境部,2026/5/20,陳菁徽,邱鎮軍|邱慧洳,5708,,,因應氣候變遷計畫,減量及誘因制度推動,,239299000,2026-06-13T14:59:36.472Z
12304,凍結,通過,,3000000,"氣候變遷調適工作複雜、重要且迫切，對於受到地形、產業等挑戰嚴峻的地方縣市政府，中央主管機關應主動協助輔導提出相關工作計畫，並投入資源以合作解決氣候變遷之調適課題。經檢視近年相關地方縣市執行成果，未見環境部氣候變遷署主動輔導之效。因應地方特性，如：台東焚風對健康及農業之衝擊，隨著台灣日益暖化更加大危害。爰針對115年度溫室氣體管理基金「因應氣候變遷計畫」項下「氣候變遷調適韌性建構」預算編列7億4,052萬8千元，凍結300萬元，俟環境部主動向立法院社會福利及衛生環境委員會提出協助部分調適嚴峻地方政府之書面規劃報告後，始得動支。【50】",,,,,,,,,,115,環境保護基金,環境部,2026/5/20,陳瑩,林月琴|王正旭,5709,,,因應氣候變遷計畫,氣候變遷調適韌性建構,,740528000,2026-06-13T14:59:36.472Z
12305,凍結,通過,,1000000,"115年度溫室氣體管理基金「因應氣候變遷計畫」項下「氣候變遷調適韌性建構」預算編列7億4,052萬8千元，用以辦理氣候變遷調適韌性建構相關業務。有鑑於政府為健全我國因應氣候變遷能力，陸續建立國家氣候變遷調適推動機制，並分年編列預算執行各項調適工作，由不同調適領域工作分組之彙整機關，負責撰擬各調適領域之行動方案，惟因應氣候變遷調適工作推動以來，我國國家氣候變遷調適方案由各調適領域機關所彙整之調適行動計畫缺乏上位審查機制，以供各調適領域彙整機關審查各項調適行動計畫與氣候變遷調適之關聯性及合宜性，除有限資源難以為最適配置外，亦恐難以有效避免不當調適，允待檢討善策，俾達強化調適能力及減少脆弱度之目標。爰針對是項預算凍結100萬元，俟環境部於3個月內向立法院社會福利及衛生環境委員會提出書面報告後，始得動支。【52】",,,,,,,,,12332,115,環境保護基金,環境部,2026/5/20,邱鎮軍,王育敏|邱慧洳,5709,,,因應氣候變遷計畫,氣候變遷調適韌性建構,,740528000,2026-06-13T14:59:36.472Z
12306,凍結,通過,,1000000,"115年度溫室氣體管理基金「因應氣候變遷計畫」項下「氣候變遷調適韌性建構」預算編列7億4,052萬8千元，用以辦理氣候變遷風險評估專案合作計畫。經查環境部所擬「國家氣候變遷調適行動計畫（112至115年）」係依循「氣候變遷因應法」相關規定，連結氣候風險評估結果，並視需求端提出調適計畫落實推動，惟間有透過調適行動計畫進行長期監測或相關調查研究，蒐集氣候變遷衝擊相關影響數據並建置資料庫，以作為辦理風險評估後續作業之依據，或直接以氣候變遷風險評估取代調適行動計畫辦理項目之情形。爰環境部應落實規劃階段應有之風險評估作業，以完備健全我國因應氣候變遷之調適基礎能力，降低脆弱度並強化韌性。爰針對是項預算凍結100萬元，俟環境部於1個月內向立法院社會福利及衛生環境委員會提出書面報告後，始得動支。【53】",,,,,,,,,12332,115,環境保護基金,環境部,2026/5/20,邱鎮軍,王育敏|邱慧洳,5709,,,因應氣候變遷計畫,氣候變遷調適韌性建構,,740528000,2026-06-13T14:59:36.472Z
12307,主決議,通過,,,"環境保護基金115年度預算案於各計畫之「水電費」及「一般服務費」分別編列1,483萬3千元及4億1,430萬7千元；跟據立法院預算中心分析指出，環境部所屬機關部分由公務與基金預算共同分攤支應之辦公廳舍所需費用，有未依相關規定確實執行情形。包括：(一)環境保護基金與公務預算共同分攤之辦公廳舍費用，部分缺乏明確分攤原則。(二)部分費用各年度分攤比率懸殊，另部分未確實依所編預算合理分攤，致基金超預算負擔，與相關規定有悖。環境部所屬各機關因兼辦基金業務，部分辦公廳舍所需支應費用以共同分攤方式辦理，惟間有因分攤原則未臻明確，致各年度預算分攤比率懸殊，及未依相關規定依所編預算執行之情形，允待檢討合宜之分攤機制並加強管控，以資適法。環境部由公務及基金分攤，請環境部定期檢視滾動分攤合理性。【1】",,,,,,,,,,115,環境保護基金,環境部,2026/5/20,邱鎮軍,王育敏|邱慧洳,5710,,,水電費,一般服務費,,14833000,2026-06-13T14:59:36.472Z
12308,主決議,通過,,,"115年度空氣污染防制基金「空氣污染防制計畫」項下「固定污染源管制」預算編列3億1,189萬元，用以辦理固定污染源管制相3關業務。經查環境部自104年度起即推動「高屏地區空氣污染物總量管制計畫」，惟該計畫第1實施期程於107年6月29日屆期後，迄114年8月底止已逾8年仍未能以第2實施期程銜接賡續辦理，依「空氣污染防制法」第8條第4項規定：「第2項污染物容許增量限值、第2項、第3項污染物排放量規模、第3項既存固定污染源污染物排放量認可之準則、新設或變更之特定大型污染源種類及規模、最佳可行控制技術、最低可達成排放率控制技術、前項實際削減量差額認可、保留、抵換及交易之辦法，由中央主管機關會商有關機關定之。」期間環境部雖發布「高屏地區空氣污染物總量管制計畫修正公告施行前過渡期間執行原則」以為過渡期間之替代方案，惟既存固定污染源空氣污染物實際排放量超逾目標值之情形頻仍，允待積極妥處，俾達空氣污染減量目標。爰請環境部於3個月內提出總量管制執行成果書面報告至立法院社會福利及衛生環境委員會。【9】",,,,,,,,,,115,環境保護基金,環境部,2026/5/20,邱鎮軍|邱慧洳,王育敏,5711,,,空氣污染防制計畫,固定污染源管制,,311890000,2026-06-13T14:59:36.472Z
12309,主決議,通過,,,"115年度空氣污染防制基金「空氣污染防制計畫」項下「固定污染源管制」計畫編列專業服務費1,395萬5千元，用以執行固定污染源事業管理及區域治理計畫。經查環境部為提升高屏地區既存固定污染源減量成效，於110年7月9日修正發布「固定污染源空氣污染物實際削減量差額認可保留抵換及交易辦法」，以健全固定污染源空氣污染物實際削減量差額抵換交易制度與市場機制，惟迄今仍有既存固定污染源採行減量措施比率未及一成、空氣污染削減量差額抵換件數及抵換量皆偏低之情事，允待研謀改善，俾提升既存固定污染源總量管制及排放交易制度運作效能，以達空氣污染物減量目標。爰請環境部於3個月內提出總量管制執行成果書面報告至立法院社會福利及衛生環境委員會。【12】",,,,,,,,,,115,環境保護基金,環境部,2026/5/20,邱鎮軍|邱慧洳,王育敏,5711,,,空氣污染防制計畫,固定污染源管制,,311890000,2026-06-13T14:59:36.472Z
12310,主決議,通過,,,"空氣污染防制基金115年度預算案於「空氣污染防制計畫-03移動污染源管制」計畫編列專業服務費，用以辦理「使用中汽(機)車污染管制及排氣檢驗站品質管理計畫」1,600萬元、「機車排氣分析儀巡迴查核檢校計畫」875萬元及「機動車輛污染檢驗測定機構技術能力查驗計畫」275萬元，合共2,750萬元。環境部為減少老舊機車空氣污染排放，除提供誘因鼓勵民眾淘汰老舊車輛外，亦推動老舊機車定期檢驗，惟二行程機車淘汰速度趨緩，迄今尚有24萬5,339輛二行程老舊機車，其到檢率皆僅四成餘且空氣污染排放檢驗不合率偏高，允宜探究淘汰速度趨緩原因並研謀善策，以提升民眾淘汰老舊車輛意願，俾利改善國內空氣品質，逐步達成國家淨零碳排之目標。請環境部於1個月內向社會福利及衛生環境委員會提出老舊車輛污染改善策進作法之書面報告。【14】",,,,,,,,,,115,環境保護基金,環境部,2026/5/20,邱鎮軍|邱慧洳,王育敏,,,,,,,,2026-06-13T14:59:36.472Z
12311,主決議,通過,,,"空氣污染防制基金115年度預算案於「空氣污染防制計畫-03移動污染源管制」計畫編列專業服務費1,500萬元，用以辦理推動使用中柴油車污染管制措施及油品採樣分析檢討專案計畫。鑑於國內移動污染源排放細懸浮微粒(PM2.5)統計資料，以1至3期大型柴油車排放量占比最高，環境部自108年度起推動1至3期大型柴油車調修燃油控制系統補助，並經數次展延辦理期程至114年12月31日，惟截至114年8月底止，環境部補助使用中1至3期老舊大型柴油車改善調修981輛，該部推估需改善車輛(1萬輛)未及一成；加以近四成無汰舊換新或改善調修之1至3期老舊大型柴油車未曾接受排煙檢測，環境部恐難掌握其空氣污染真實排放情形，允待檢討策進，俾有效降低移動污染源污染物排放量。請環境部於1個月內向社會福利及衛生環境委員會提出老舊大型柴油車污染改善措施。【15】",,,,,,,,,,115,環境保護基金,環境部,2026/5/20,邱鎮軍|邱慧洳,王育敏,5713,,,空氣污染防制計畫-03移動污染源管制,,,15000000,2026-06-13T14:59:36.472Z
12312,主決議,通過,,,臺灣長期重視室外空氣品質，卻忽略室內空品的重要性。同時「室內空氣品質管理法」自100年立法完成後，至今15年完全沒有再修正過，也因此臺灣室內空品長期處於停滯不前，無法與國際接軌的狀態。此一問題，環境部應積極快速的面對室內空品，首要除重新檢視「室內空氣品質管理法」，同時亦應建立「跨部會室內環境健康治理平台」，惟學校、幼兒園、托嬰中心、長照機構、醫療院所等場所規模較小，人力及檢測經費不足，建請環境部推動分級管理，保障敏弱族群室內空氣品質之安全。爰請環境部於3個月內提出「室內空氣品質管理法」修正重點，並提出精進作為書面報告。【16】,,,,,,,,,,115,環境保護基金,環境部,2026/5/20,劉建國,林月琴|王正旭,,,,,,,,2026-06-13T14:59:36.472Z
12313,主決議,通過,,,"資源回收管理基金115年度預算案於「資源回收管理計畫-04補助及獎勵回收清除處理暨再生利用」計畫編列「捐助、補助與獎助」3億4,500萬元，用以辦理執行機關資源回收貯存場優化暨細分類場興建、換購低污染資源回收車輛，其中2億2,000萬元係辦理「113至116年度環境部資源循環署補助直轄市、縣(市)環境保護機關辦理資源回收貯存場優化、遷場暨細分類廠興建計畫」。經查資源回收管理基金自108年度起持續藉由補助地方政府辦理資源回收貯存場優化與遷廠及興建細分類場，增加地方政府資源回收分類項目與提升分類物之價值，並進行既有貯存場之環境改善工作，以翻轉髒臭印象，惟截至114年8月底止進度多有落後，預算執行亦未能如期，本計畫113年度執行率僅26.66%，114年截至8月底止，當年度預算執行數占編列數亦僅10.41%，執行量能恐有不足，因此115年度預算案所編2億2,000萬元，允宜審酌執行量能妥為商榷。爰請環境部資源循環署於1個月內向立法院社會福利及衛生環境委員會提出詳細說明及如何改善執行率報告。【26】",,,,,,,,,,115,環境保護基金,環境部,2026/5/20,邱鎮軍,王育敏|邱慧洳,5714,,,資源回收管理計畫-04補助及獎勵回收清除處理暨再生利用,113至116年度環境部資源循環署補助直轄市、縣(市)環境保護機關辦理資源回收貯存場優化、遷場暨細分類廠興建計畫,,345000000,2026-06-13T14:59:36.472Z
12314,主決議,通過,,,"根據115年度中央及地方政府預算籌編原則所規範政府預算收支之基本原則，特別收入基金應在法律或政府指定之財源範圍內，妥善規劃整體財務資源，並設法提升資源使用效率，以達成基金設立目的。有鑑於水污染防治基金近5年連年短絀，財務狀況持續未能有所改善(經查該基金110年度決算尚有賸餘2億3,557萬7千元，惟111年度首次由預算賸餘轉為決算短絀3,212萬8千元，隨後即逐年增加至113年度決算短絀5,579萬8千元，114及115年度亦預計將產生短絀4,159萬4千元及1,714萬3千元)。爰請環境部依上開規定，於1個月內向立法院社會福利及衛生環境委員會提出開源節流書面報告，俾促進基金財務健全。【35】",,,,,,,,,,115,環境保護基金,環境部,2026/5/20,邱鎮軍,王育敏|邱慧洳,,,,,,,,2026-06-13T14:59:36.472Z
12315,主決議,通過,,,"環境教育基金項下環境教育推動計畫4億2,530萬4千元，113至115年第一季的補助資料顯示，在排除地方政府與學校後，民間團體與企業的受補助狀況呈現極度不均。單筆核定計畫前50名清單中，「北美環境教育學會」單一計畫即獲得1,172萬5,000元的鉅額捐助。這筆預算對國內基層環教推廣的實質助益為何？為何國外組織的補助額度遠超國內專業環保團體？前10大受補助對象中，有多個單位是以不同計畫名稱重複領取，如「中華民國運動休閒推廣協會」累計領取超過510萬元。這是否有「預算切分、多頭申報」以規避上限的問題？承辦的HBL聯賽、美津濃接力賽、環法自行車挑戰賽，皆屬商業成熟、且具備高度贊助吸引力的活動。這些活動多數已向參與者收取報名費，並有商業贊助。為何環境部還要編列百萬預算「補助」其辦理所謂的「環教推廣」？這是否符合社會公平正義？「日月光半導體」領取74萬、「台糖公司」各處累計領取近150萬、「來來超商（OK便利店）」領取80萬。請環境部於1個月內提供「運動休閒推廣協會」及「北美環境教育學會」近3年的結案報告送立法院社會福利及衛生環境委員會。【36】",,,,,,,,,,115,環境保護基金,環境部,2026/5/20,蘇清泉,盧縣一|王育敏,,,,,,,,2026-06-13T14:59:36.472Z
12316,主決議,通過,,,"環境教育推動計畫中，單是「媒體宣導」就編列了1,457萬3千元，佔基金媒體宣導費總額的三分之一。請問部會如何評估這些媒體投放（報章、電視、網路）對民眾行為改變的實際影響力？是否有具體的KPI（如觸及率之外的認知度提升指標）？預算內容多次提到「製作影片、文稿，藉由報章、雜誌、電視及網路」宣導。請問環境部在面對年輕族群與高齡族群時，如何分配不同媒體的投放預算？是否仍大量依賴傳統媒體（如報章、雜誌）而導致宣導效果不佳？對比114年度，115年度的媒體宣導預算是否有顯著增長？特別是在「環境教育」與「氣候變遷」項目中，宣導內容是否與往年雷同？如何避免每年編列高額預算製作類似的宣導素材，造成公帑浪費？機關應為利政府經費花在刀口上，發揮更大效益。爰於1個月內向立法院社會福利及衛生環境委員會提出書面報告。【37】",,,,,,,,,,115,環境保護基金,環境部,2026/5/20,蘇清泉,盧縣一|王育敏,,,,,,,,2026-06-13T14:59:36.472Z
12317,主決議,通過,,,"115年度環境教育基金「環境教育推動計畫」項下「推動環境教育認證」預算編列7,490萬元。審計部指出，氣候變遷議題為國家當前關鍵政策，但現行取得「氣候變遷」領域認證之環境教育教學人員，居各類專業領域類別之末，不利推廣氣候變遷領域之環境教育，此外，已修法調訓配置於環境教育機構及設施場所之環境教育人員，惟修法後實施已逾一年，整體調訓率僅約3成，不利於法令及政策之宣達，爰此，俟環境部向立法院社會福利及衛生環境委員會提出書面報告。【39】",,,,,,,,,,115,環境保護基金,環境部,2026/5/20,楊曜,黃秀芳|劉建國,5715,,,環境教育推動計畫,推動環境教育認證,,74900000,2026-06-13T14:59:36.472Z
12318,主決議,通過,,,"115年度環境教育基金「環境教育推動計畫」項下「推動環境教育認證」預算編列7,490萬元。氣候變遷為我國當前關鍵政策議題，亦為環境教育推動之重要核心。惟現行取得「氣候變遷」專業領域認證之環境教育教學人員，於各類專業領域中人數偏低，居各類別之末，恐不利氣候變遷教育之推廣與深化。此外，環境部雖已配合修法，針對配置於環境教育機構及環境教育設施場所之環境教育人員辦理調訓，惟相關規定實施迄今已逾一年，整體調訓率僅約三成，顯示政策宣導、教育訓練及執行推動仍有不足，恐影響法令落實及環境教育品質。爰此，請環境部於1個月向立法院社會福利及衛生環境委員會提出書面報告。【40】",,,,,,,,,,115,環境保護基金,環境部,2026/5/20,陳菁徽,邱鎮軍|邱慧洳,5715,,,環境教育推動計畫,推動環境教育認證,,74900000,2026-06-13T14:59:36.472Z
12319,主決議,通過,,,環境教育基金115年度預算案「環境教育推動計畫－03推動環境教育札根培力計畫」及「環境教育推動計畫－04辦理環境教育活動」計畫，編列「媒體政策及業務宣導費」分別為381萬元及131萬元，另編列「推展費」分別為184萬2千元及51萬6千元，用以辦理推廣淨零綠生活及綠色消費，並結合環境教育活動，運用報章、廣播、雜誌、電視及網路等大眾傳播媒體，鼓勵民眾參與，以達到宣傳環境政策、推廣源頭減量及資源循環之目的。請環境部於1個月內向社會福利及衛生環境委員會提出書面報告。【41】,,,,,,,,,,115,環境保護基金,環境部,2026/5/20,邱鎮軍,王育敏|邱慧洳,5716,,,環境教育推動計畫－03推動環境教育札根培力計畫,環境教育推動計畫－04辦理環境教育活動,,3810000,2026-06-13T14:59:36.472Z
12320,主決議,通過,,,"115年度環境教育基金「環境教育推動計畫」項下「推動環境教育扎根培力計畫」預算編列9,685萬3千元。查環境部推動環境教育人員培訓與認證制度，對於提升全民環境素養及推動淨零轉型具重要意義。惟實務上相關培訓課程費用多落在新臺幣數千至二萬元不等，對於中低收入戶、身心障礙者及偏鄉地區民眾而言，仍具相當經濟門檻，恐影響其參與意願及取得環境教育專業資格之機會。目前環境部雖透過部分計畫性補助或委辦案提供零星培訓資源，然尚未建立全國一致且制度化之補助機制，亦缺乏針對弱勢族群之明確減免或支持方案，致使環境教育人員培育體系在公平性及多元性上仍有不足。環境教育作為推動全民參與永續發展之重要基礎，其人才培育機制不應僅限於具備經濟能力者，爰請環境部於1個月內函送具體補助方式至立法院社會福利及衛生環境委員會。【42】",,,,,,,,,,115,環境保護基金,環境部,2026/5/20,劉建國,林月琴|王正旭,5704,,,環境教育推動計畫,推動環境教育扎根培力計畫,,96853000,2026-06-13T14:59:36.472Z
12321,主決議,通過,,,"115年度溫室氣體管理基金「因應氣候變遷計畫」預算編列39億5,716萬3千元。辦理內容包括推動氣候變遷調適工作等。為健全我國因應氣候變遷能力，行政院自102年度起分階段推動國家氣候變遷調適行動計畫，並跨部會合作陸續建立推動機制，投入鉅額經費以落實各項調適工作，惟迄至114年7月底止共3期之調適方案皆未就行動計畫所需資金妥予估列，與方案中所訂須嚴守成本效益之原則有悖。另鑑於調適策略執行成效評估之主要目的，係為衡量國家調適策略是否有助於增加調適能力及減少脆弱度，溫室氣體管理基金115年度預算案大幅增加「因應氣候變遷計畫」預算為39億5,716萬3千元，其執行成果應以具體、量化方式表達，俾得以有效評估並檢討行動方案執行結果與績效。環境部允應於3個月內向社會福利及衛生環境委員會提出書面報告。【45】",,,,,,,,,,115,環境保護基金,環境部,2026/5/20,邱鎮軍,王育敏|邱慧洳,5717,,,因應氣候變遷計畫,,,3957163000,2026-06-13T14:59:36.472Z
12322,主決議,通過,,,鑑於我國已於115年起正式開徵碳費，現行碳定價機制仍以國內減量與國內碳權為主，惟依國際減碳趨勢，2030年後將進入更高強度減碳階段，屆時透過《巴黎協定》第6條機制取得國際減量額度（ITMO）將成為我國推動淨零轉型之重要工具。目前全球碳權市場快速發展，非洲及中南美洲等地區已逐漸成為國際碳權供給之潛力區域，然我國在外交處境受限情況下，未來能否順利與相關國家建立合作關係，取得穩定碳權來源，仍存在高度不確定性。倘未及早布局，恐於國際碳權競逐中處於不利地位，影響我國長期減碳目標之達成。爰要求環境部應會同外交部、經濟部等相關部會，儘速研議我國國際碳權策略，盤點潛在合作區域及國家，並評估透過公私協力模式，由民間先行布局、政府後續支持之可行性，同時建立跨部會整合機制，以強化我國於國際碳權市場之參與能力。環境部並應於3個月內，向立法院社會福利及衛生環境委員會提出「國際碳權布局及合作策略」書面報告，內容應包含合作模式、風險評估、法制配套及具體推動期程。【54】,,,,,,,,,,115,環境保護基金,環境部,2026/5/20,劉建國,林月琴|王正旭,,,,,,,,2026-06-13T14:59:36.472Z
12323,主決議,通過,,,鑑於國內資源循環業根據回收品項可區分為：回收處理業之廢乾電池類、廢照明光源類、廢塑膠容器類、廢輪胎類、廢鐵容器、廢鋁容器、廢鉛蓄電池類、廢紙容器、廢電子電器類、廢機動車輛類、農藥(含環境用藥)廢容器，及公民營清除處理機構之營建與廢電子類別。每種類別使用之設備、回收處理流程、作業方式及可能暴露之危害，存在差異。且該行業已開放外籍勞工從業，目前已有部分外勞開始逃逸，仍未見循環署編列相關預算經費，以採取作為協助業者辦理外籍勞工勞動條件、職業安全衛生輔導等業務。爰請環境部針對外籍勞工勞動條件、職業安全（包括：高溫、燙傷、夾捲切割、墜落）、職業衛生（包括：噪音、粉塵、化學氣體、生物因子）、職業健康（包括：骨骼肌肉、眼睛刺辣感、惡臭刺鼻、中暑、熱衰竭）等主題宣導及輔導具體執行規劃。【55】,,,,,,,,,,115,資源回收管理基金,環境部,2026/5/20,陳瑩,林月琴|王正旭,,,,,,,,2026-06-13T14:59:36.472Z
12324,主決議,通過,,,"環境部信託基金-資源回收管理基金 113 年短絀創 5 年新高（5,679 萬元），114 年僅到 8 月就短絀快追平 113 年。115年預算在廢輪胎收支科目竟然「同額編列」4 億 3,200 萬元，明顯與連年短絀的現實不符。資源回收管理基金（信託部分）的預算，廢輪胎這一塊已經連續 5 年「入不敷出」。111 年開始短絀逐年擴大，113 年赤字衝到 5,679 萬元，創下 5 年新高。到 114 年，光是前 8 個月，短絀就已經達到 4,691 萬元。我們現在是拿過去的積蓄在貼錢處理廢輪胎，這符合基金財務穩健原則嗎？避免預算虛擲，必須檢討適妥性。同時應加強廢輪胎處理的循環利用，以及技術的創新研發與提升，以維護環境安全及資源循環穩定運作。請環境部於 1 個月內向立法院社會福利及衛生環境委員會提出書面報告。【56】",,,,,,,,,,115,資源回收管理基金,環境部,2026/5/20,蘇清泉,盧縣一|王育敏,,,,,,,,2026-06-13T14:59:36.472Z
12325,主決議,通過,,,"115年度資源回收管理基金項下「回收清除處理補貼費」之「廢輪胎」預算編列4億3,200萬元，與115年度資源回收管理基金預算項下「回收清除處理費收入」之「廢輪胎」同額編列4億3,200萬元，惟該基金辦理廢輪胎回收及再利用補貼作業結果，收支恐有失衡情形。為有效引導業者朝廢輪胎磨粉製程處理，提升投入廢輪胎高值化再利用量能，亦避免「內徑20英吋以上未達24英吋且輪胎階寬度13英吋或330公釐以上」特種胎因硬度及厚度特殊無人處理，環境部資源循環署於112年8月21日公告修正補貼費率，惟因未配套檢討徵收費率之合理性，致收支短絀數增加，環境部應研謀改善措施，俾維廢輪胎處理收支衡平。請環境部於1個月內向社會福利及衛生環境委員會提出改善書面報告。【57】",,,,,,,,,,115,資源回收管理基金,環境部,2026/5/20,邱鎮軍,王育敏|邱慧洳,5718,,,回收清除處理補貼費,廢輪胎,,432000000,2026-06-13T14:59:36.472Z
12326,主決議,通過,,,針對「清潔隊員執行職務死亡濟助基金」近年連年短絀，濟助支出居高不下，考量原鄉清潔隊員多由在地族人擔任，其面臨之職業災害風險遠高於平地都會區，建請環境部專案協助原鄉公所落實清潔隊職業安全衛生管理，加強垃圾清運車輛保養維護，保障清潔隊員之工作安全。請環境部於3個月內提出書面報告。【58】,,,,,,,,,,115,清潔人員執行職務死亡濟助基金,環境部,2026/5/20,盧縣一,陳菁徽|蘇清泉,,,,,,,,2026-06-13T14:59:36.472Z
12327,主決議,通過,,,清潔隊員執行職務死亡濟助基金115年度預算案編列總收入264萬9千元（均為利息收入），總支出553萬5千元（濟助支出552萬元、其他支出1萬5千元），收支相抵後，預計本期短絀288萬6千元。有鑑於清潔隊員執行職務死亡濟助基金連年短絀，且近5年濟助支出居高不下，環境部應妥為規劃財務收入，以縮減基金缺口，並加強清潔隊員職業安全教育及宣導，以降低清潔隊員執行職務時發生意外死亡事故。爰請環境部於1個月內向立法院社會福利及衛生環境委員會提出開源節流書面報告，俾促進基金財務健全。【59】,,,,,,,,,,115,清潔人員執行職務死亡濟助基金,環境部,2026/5/20,邱鎮軍,王育敏|邱慧洳,,,,,,,,2026-06-13T14:59:36.472Z
12328,減列,通過,210000,,減列「獎金」21 萬元,,,,,,,,,,115,財團法人環境資源研究發展基金會,環境部,2026/5/20,社會福利及衛生環境委員會,,5719,,,獎金,,,210000,2026-06-13T14:59:36.472Z
12329,減列,通過,32000,,減列第 4 目「退除役官兵服務救助與照顧」項下「單身亡故榮民善後喪葬及遺產管理作業」中「業務費」之「大陸地區旅費」3 萬 2 千元,,,,,,,,,,115,國軍退除役官兵輔導委員會,退輔會,2026/5/18,外交及國防委員會,,,,,,,,,2026-06-13T14:59:36.472Z
12330,減列,通過,517000,,減列第 7 目「榮民安養及養護」項下「基本行政工作維持」中「業務費」之「大陸地區旅費」51 萬 7 千元,,,,,,,,,,115,國軍退除役官兵輔導委員會,退輔會,2026/5/18,外交及國防委員會,,,,,,,,,2026-06-13T14:59:36.472Z
12331,凍結,通過,,1000000,"115 年度環境部「科技發展」項下「淨零排放科技」中「淨零排放－生物質永續能資源化之生質沼氣能源產業化發展與研究」之「委辦費」預算編列 4,150 萬元，合併凍結 100 萬元，俟環境部就下列各案向立法院社會福利及衛生環境委員會提出書面報告後，始得動支。",,,,,,,,11927|11928,,115,環境部,環境部,2026/5/20,邱鎮軍|陳菁徽,王育敏|邱慧洳,5564,,,科技發展,淨零排放科技,淨零排放－生物質永續能資源化之生質沼氣能源產業化發展與研究 > 委辦費,41500000,2026-06-13T14:59:36.472Z
12332,凍結,通過,,1000000,"115 年度溫室氣體管理基金「因應氣候變遷計畫」項下「氣候變遷調適韌性建構」預算編列 7 億 4,052 萬 8 千元，合併凍結 100 萬元，俟環境部就下列各案向立法院社會福利及衛生環境委員會提出書面報告後，始得動支。",,,,,,,,12305|12306,,115,環境保護基金,環境部,2026/5/20,邱鎮軍,王育敏|邱慧洳,5709,,,因應氣候變遷計畫,氣候變遷調適韌性建構,,740528000,2026-06-13T14:59:36.472Z
